-- phpMyAdmin SQL Dump
-- version 5.2.1
-- https://www.phpmyadmin.net/
--
-- Host: 127.0.0.1
-- Tempo de geração: 12/01/2026 às 02:44
-- Versão do servidor: 10.4.32-MariaDB
-- Versão do PHP: 8.2.12

SET SQL_MODE = "NO_AUTO_VALUE_ON_ZERO";
START TRANSACTION;
SET time_zone = "+00:00";


/*!40101 SET @OLD_CHARACTER_SET_CLIENT=@@CHARACTER_SET_CLIENT */;
/*!40101 SET @OLD_CHARACTER_SET_RESULTS=@@CHARACTER_SET_RESULTS */;
/*!40101 SET @OLD_COLLATION_CONNECTION=@@COLLATION_CONNECTION */;
/*!40101 SET NAMES utf8mb4 */;

--
-- Banco de dados: `horario_aulas`
--

-- --------------------------------------------------------

--
-- Estrutura para tabela `ano_letivo`
--

CREATE TABLE `ano_letivo` (
  `id_ano_letivo` int(11) NOT NULL,
  `ano` year(4) NOT NULL,
  `data_inicio` date NOT NULL,
  `data_fim` date NOT NULL,
  `data_cadastro` datetime DEFAULT current_timestamp()
) ENGINE=InnoDB DEFAULT CHARSET=utf8mb4 COLLATE=utf8mb4_general_ci;

--
-- Despejando dados para a tabela `ano_letivo`
--

INSERT INTO `ano_letivo` (`id_ano_letivo`, `ano`, `data_inicio`, `data_fim`, `data_cadastro`) VALUES
(5, '2025', '2025-01-01', '2025-12-31', '2025-02-12 20:48:26'),
(7, '2026', '2026-01-01', '2026-12-31', '2025-12-16 10:31:22');

-- --------------------------------------------------------

--
-- Estrutura para tabela `categoria`
--

CREATE TABLE `categoria` (
  `id_categoria` int(11) NOT NULL,
  `id_modalidade` int(11) NOT NULL,
  `nome_categoria` varchar(100) NOT NULL,
  `descricao` varchar(255) DEFAULT NULL,
  `data_cadastro` datetime DEFAULT current_timestamp()
) ENGINE=InnoDB DEFAULT CHARSET=utf8mb4 COLLATE=utf8mb4_general_ci;

--
-- Despejando dados para a tabela `categoria`
--

INSERT INTO `categoria` (`id_categoria`, `id_modalidade`, `nome_categoria`, `descricao`, `data_cadastro`) VALUES
(1, 1, '1° e 2° Ano / Sub-7', 'Escolinha de futsal masculino sub-7', '2025-04-01 10:41:23'),
(2, 5, '2º ao 5º ano', '', '2025-05-08 19:32:57'),
(3, 1, '4 e 5 Anos / Sub-5', '', '2025-05-08 19:33:38'),
(4, 1, '5º e 6º ano / Sub-11', '', '2025-05-08 19:43:49'),
(5, 1, '7º e 9º ano', '', '2025-05-08 19:44:08'),
(6, 1, 'Ensino Médio', '', '2025-05-08 19:44:37'),
(7, 2, 'B', '', '2025-05-08 22:27:52'),
(8, 5, 'A', '', '2025-05-08 22:28:09'),
(9, 1, '3° e 4° Ano / Sub-9', '', '2025-05-13 17:44:48'),
(10, 3, '2º ao 5º ano', '', '2025-05-13 18:08:11'),
(11, 4, 'A e B', '', '2025-05-13 18:20:46'),
(12, 3, '6º e 7º ano / Sub12', '', '2025-05-13 18:21:34'),
(13, 3, 'A e B', '', '2025-05-13 18:22:06'),
(14, 2, 'A', 'ensino médio', '2025-06-03 16:36:33');

-- --------------------------------------------------------

--
-- Estrutura para tabela `configuracao_hora_aula_escolinha`
--

CREATE TABLE `configuracao_hora_aula_escolinha` (
  `id_configuracao` int(11) NOT NULL,
  `id_ano_letivo` int(11) NOT NULL,
  `id_modalidade` int(11) NOT NULL,
  `id_categoria` int(11) DEFAULT NULL,
  `duracao_aula_minutos` int(11) DEFAULT 50,
  `tolerancia_quebra` tinyint(1) DEFAULT 1,
  `data_cadastro` timestamp NOT NULL DEFAULT current_timestamp(),
  `ativo` tinyint(1) DEFAULT 1
) ENGINE=InnoDB DEFAULT CHARSET=utf8mb4 COLLATE=utf8mb4_general_ci;

-- --------------------------------------------------------

--
-- Estrutura para tabela `disciplina`
--

CREATE TABLE `disciplina` (
  `id_disciplina` int(11) NOT NULL,
  `nome_disciplina` varchar(100) NOT NULL,
  `sigla_disciplina` varchar(20) NOT NULL,
  `data_cadastro_disciplina` datetime DEFAULT current_timestamp()
) ENGINE=InnoDB DEFAULT CHARSET=utf8mb4 COLLATE=utf8mb4_general_ci;

--
-- Despejando dados para a tabela `disciplina`
--

INSERT INTO `disciplina` (`id_disciplina`, `nome_disciplina`, `sigla_disciplina`, `data_cadastro_disciplina`) VALUES
(1, 'Português', 'POR', '2025-02-07 15:58:47'),
(2, 'Matemática', 'MAT', '2025-02-13 14:17:11'),
(3, 'Inglês', 'ING', '2025-02-15 15:43:10'),
(4, 'História', 'HIS', '2025-02-15 15:58:09'),
(5, 'Geografia', 'GEO', '2025-02-15 15:58:22'),
(6, 'Artes', 'ART', '2025-03-20 18:22:55'),
(7, 'Biologia', 'BIO', '2025-03-20 18:23:08'),
(8, 'Ciências', 'CIE', '2025-03-20 18:23:23'),
(9, 'Educação Física', 'EDF', '2025-03-20 18:23:41'),
(10, 'Filosofia', 'FIL', '2025-03-20 18:23:54'),
(11, 'Sociologia', 'SOC', '2025-03-20 18:24:16'),
(12, 'Química', 'QUI', '2025-03-20 18:24:33'),
(13, 'Física', 'FIS', '2025-03-20 18:24:43'),
(15, 'Espanhol', 'ESP', '2025-03-20 18:25:34'),
(16, 'Literatura', 'LIT', '2025-03-20 18:40:06'),
(17, 'Gramática', 'GRA', '2025-03-20 18:44:33'),
(18, 'Prova', 'PRO', '2025-03-27 14:23:59'),
(19, 'Escola da Inteligência', 'EIN', '2025-03-27 14:25:02'),
(20, 'Redação', 'RED', '2025-03-27 14:27:42'),
(21, 'Arte', 'ARE', '2025-03-27 14:28:14'),
(22, 'Língua Estrangeira', 'LIE', '2025-03-27 14:29:07'),
(23, 'Projeto de Vida', 'PJV', '2025-03-27 14:30:06');

-- --------------------------------------------------------

--
-- Estrutura para tabela `eventos_calendario_escolar`
--

CREATE TABLE `eventos_calendario_escolar` (
  `id_evento` int(11) NOT NULL,
  `id_ano_letivo` int(11) NOT NULL,
  `tipo_evento` enum('feriado','recesso','ferias') NOT NULL,
  `nome_evento` varchar(100) NOT NULL,
  `data_inicio` date NOT NULL,
  `data_fim` date NOT NULL,
  `observacoes` text DEFAULT NULL
) ENGINE=InnoDB DEFAULT CHARSET=utf8mb4 COLLATE=utf8mb4_general_ci;

--
-- Despejando dados para a tabela `eventos_calendario_escolar`
--

INSERT INTO `eventos_calendario_escolar` (`id_evento`, `id_ano_letivo`, `tipo_evento`, `nome_evento`, `data_inicio`, `data_fim`, `observacoes`) VALUES
(1, 5, 'feriado', 'Aniversário de Apucarana - 28 de janeiro', '2025-01-28', '2025-01-28', 'Aniversário de Apucarana'),
(2, 5, 'feriado', 'Padroeira de Apucara', '2025-02-11', '2025-02-11', ''),
(3, 5, 'ferias', 'Férias Escolares', '2025-01-01', '2025-01-31', '');

-- --------------------------------------------------------

--
-- Estrutura para tabela `historico_horario`
--

CREATE TABLE `historico_horario` (
  `id_historico` int(11) NOT NULL,
  `id_horario_original` int(11) NOT NULL,
  `id_turma` int(11) NOT NULL,
  `id_turno` int(11) NOT NULL DEFAULT 1,
  `id_ano_letivo` int(11) NOT NULL,
  `dia_semana` enum('Domingo','Segunda','Terca','Quarta','Quinta','Sexta','Sabado') NOT NULL,
  `numero_aula` int(11) NOT NULL,
  `id_disciplina` int(11) NOT NULL,
  `id_professor` int(11) NOT NULL,
  `data_criacao_original` datetime NOT NULL,
  `data_arquivamento` datetime DEFAULT current_timestamp()
) ENGINE=InnoDB DEFAULT CHARSET=utf8mb4 COLLATE=utf8mb4_general_ci;

--
-- Despejando dados para a tabela `historico_horario`
--

INSERT INTO `historico_horario` (`id_historico`, `id_horario_original`, `id_turma`, `id_turno`, `id_ano_letivo`, `dia_semana`, `numero_aula`, `id_disciplina`, `id_professor`, `data_criacao_original`, `data_arquivamento`) VALUES
(1, 21, 1, 1, 5, 'Terca', 1, 2, 2, '2025-03-03 23:50:26', '2025-03-03 23:50:26'),
(2, 22, 1, 1, 5, 'Quarta', 1, 2, 2, '2025-03-03 23:50:27', '2025-03-03 23:50:27'),
(3, 23, 1, 1, 5, 'Quinta', 1, 2, 2, '2025-03-03 23:50:30', '2025-03-03 23:50:30'),
(4, 27, 1, 1, 5, 'Quinta', 2, 4, 1, '2025-03-03 23:50:38', '2025-03-03 23:50:38'),
(5, 26, 1, 1, 5, 'Quarta', 2, 4, 1, '2025-03-03 23:50:39', '2025-03-03 23:50:39'),
(6, 25, 1, 1, 5, 'Terca', 2, 4, 1, '2025-03-03 23:50:41', '2025-03-03 23:50:41'),
(7, 24, 1, 1, 5, 'Segunda', 2, 4, 1, '2025-03-03 23:50:44', '2025-03-03 23:50:44'),
(8, 20, 1, 1, 5, 'Segunda', 1, 2, 2, '2025-03-03 23:50:46', '2025-03-03 23:50:46'),
(9, 32, 2, 1, 5, 'Segunda', 2, 4, 1, '2025-03-04 00:05:09', '2025-03-04 00:05:09'),
(10, 34, 2, 1, 5, 'Quarta', 2, 4, 1, '2025-03-04 00:05:12', '2025-03-04 00:05:12'),
(11, 35, 2, 1, 5, 'Quinta', 2, 4, 1, '2025-03-04 00:05:14', '2025-03-04 00:05:14'),
(12, 31, 2, 1, 5, 'Quinta', 1, 2, 2, '2025-03-04 00:05:15', '2025-03-04 00:05:15'),
(13, 30, 2, 1, 5, 'Quarta', 1, 2, 2, '2025-03-04 00:05:16', '2025-03-04 00:05:16'),
(14, 29, 2, 1, 5, 'Terca', 1, 2, 2, '2025-03-04 00:05:17', '2025-03-04 00:05:17'),
(15, 28, 2, 1, 5, 'Segunda', 1, 2, 2, '2025-03-04 00:05:18', '2025-03-04 00:05:18'),
(16, 33, 2, 1, 5, 'Terca', 2, 4, 1, '2025-03-04 00:05:25', '2025-03-04 00:05:25'),
(17, 41, 1, 1, 5, 'Segunda', 6, 4, 1, '2025-03-04 19:12:00', '2025-03-04 19:12:00'),
(18, 40, 1, 1, 5, 'Segunda', 5, 4, 1, '2025-03-04 19:12:05', '2025-03-04 19:12:05'),
(19, 39, 1, 1, 5, 'Segunda', 4, 4, 1, '2025-03-04 19:12:08', '2025-03-04 19:12:08'),
(20, 38, 1, 1, 5, 'Segunda', 3, 4, 1, '2025-03-04 19:12:12', '2025-03-04 19:12:12'),
(21, 42, 2, 1, 5, 'Sexta', 1, 2, 2, '2025-03-10 16:06:29', '2025-03-10 16:06:29'),
(22, 36, 1, 1, 5, 'Segunda', 1, 4, 1, '2025-12-17 15:01:02', '2025-12-17 15:01:02'),
(23, 37, 1, 1, 5, 'Segunda', 2, 4, 1, '2025-12-17 15:01:03', '2025-12-17 15:01:03'),
(24, 44, 17, 1, 7, 'Terca', 1, 6, 8, '2025-12-17 15:11:31', '2025-12-17 15:11:31'),
(25, 2375, 15, 1, 7, 'Segunda', 1, 8, 16, '2025-12-20 12:53:44', '2025-12-20 12:53:44'),
(26, 2376, 15, 1, 7, 'Segunda', 2, 4, 22, '2025-12-20 12:53:47', '2025-12-20 12:53:47'),
(27, 2377, 15, 1, 7, 'Segunda', 3, 16, 21, '2025-12-20 12:53:48', '2025-12-20 12:53:48'),
(28, 2378, 15, 1, 7, 'Segunda', 4, 4, 22, '2025-12-20 12:53:50', '2025-12-20 12:53:50'),
(29, 2384, 15, 1, 7, 'Terca', 4, 5, 6, '2025-12-20 12:53:51', '2025-12-20 12:53:51'),
(30, 2383, 15, 1, 7, 'Terca', 3, 9, 9, '2025-12-20 12:53:52', '2025-12-20 12:53:52'),
(31, 2382, 15, 1, 7, 'Terca', 2, 17, 19, '2025-12-20 12:53:53', '2025-12-20 12:53:53'),
(32, 2381, 15, 1, 7, 'Terca', 1, 17, 19, '2025-12-20 12:53:54', '2025-12-20 12:53:54'),
(33, 2387, 15, 1, 7, 'Quarta', 1, 16, 21, '2025-12-20 12:53:56', '2025-12-20 12:53:56'),
(34, 2388, 15, 1, 7, 'Quarta', 2, 3, 10, '2025-12-20 12:53:57', '2025-12-20 12:53:57'),
(35, 2389, 15, 1, 7, 'Quarta', 3, 3, 10, '2025-12-20 12:53:59', '2025-12-20 12:53:59'),
(36, 2393, 15, 1, 7, 'Quinta', 1, 18, 49, '2025-12-20 12:54:00', '2025-12-20 12:54:00'),
(37, 2398, 15, 1, 7, 'Sexta', 1, 3, 10, '2025-12-20 12:54:01', '2025-12-20 12:54:01'),
(38, 2399, 15, 1, 7, 'Sexta', 2, 2, 2, '2025-12-20 12:54:03', '2025-12-20 12:54:03'),
(39, 2400, 15, 1, 7, 'Sexta', 3, 3, 10, '2025-12-20 12:54:04', '2025-12-20 12:54:04'),
(40, 2394, 15, 1, 7, 'Quinta', 3, 19, 15, '2025-12-20 12:54:05', '2025-12-20 12:54:05'),
(41, 2395, 15, 1, 7, 'Quinta', 4, 2, 2, '2025-12-20 12:54:07', '2025-12-20 12:54:07'),
(42, 2401, 15, 1, 7, 'Sexta', 4, 2, 2, '2025-12-20 12:54:07', '2025-12-20 12:54:07'),
(43, 2390, 15, 1, 7, 'Quarta', 4, 8, 16, '2025-12-20 12:54:09', '2025-12-20 12:54:09'),
(44, 2385, 15, 1, 7, 'Terca', 5, 9, 9, '2025-12-20 12:54:10', '2025-12-20 12:54:10'),
(45, 2379, 15, 1, 7, 'Segunda', 5, 8, 16, '2025-12-20 12:54:11', '2025-12-20 12:54:11'),
(46, 2391, 15, 1, 7, 'Quarta', 5, 5, 6, '2025-12-20 12:54:12', '2025-12-20 12:54:12'),
(47, 2396, 15, 1, 7, 'Quinta', 5, 2, 2, '2025-12-20 12:54:13', '2025-12-20 12:54:13'),
(48, 2402, 15, 1, 7, 'Sexta', 5, 6, 8, '2025-12-20 12:54:14', '2025-12-20 12:54:14'),
(49, 2397, 15, 1, 7, 'Quinta', 6, 4, 22, '2025-12-20 12:54:15', '2025-12-20 12:54:15'),
(50, 2392, 15, 1, 7, 'Quarta', 6, 17, 19, '2025-12-20 12:54:16', '2025-12-20 12:54:16'),
(51, 2386, 15, 1, 7, 'Terca', 6, 17, 19, '2025-12-20 12:54:18', '2025-12-20 12:54:18'),
(52, 2380, 15, 1, 7, 'Segunda', 6, 5, 6, '2025-12-20 12:54:19', '2025-12-20 12:54:19'),
(53, 6614, 17, 1, 7, 'Segunda', 2, 8, 1, '2025-12-27 10:23:40', '2025-12-27 10:23:40'),
(54, 6616, 17, 1, 7, 'Segunda', 5, 8, 1, '2025-12-27 10:23:44', '2025-12-27 10:23:44'),
(55, 6640, 17, 1, 7, 'Sexta', 6, 8, 1, '2025-12-27 10:23:51', '2025-12-27 10:23:51'),
(56, 6643, 16, 1, 7, 'Segunda', 3, 8, 1, '2025-12-27 10:24:00', '2025-12-27 10:24:00'),
(57, 6647, 16, 1, 7, 'Terca', 2, 8, 1, '2025-12-27 10:24:02', '2025-12-27 10:24:02'),
(58, 6666, 16, 1, 7, 'Sexta', 5, 8, 1, '2025-12-27 10:24:05', '2025-12-27 10:24:05'),
(59, 10022, 17, 1, 7, 'Segunda', 1, 3, 10, '2026-01-02 18:12:37', '2026-01-02 18:12:37'),
(60, 10028, 17, 1, 7, 'Terca', 1, 9, 57, '2026-01-02 18:12:38', '2026-01-02 18:12:38'),
(61, 10034, 17, 1, 7, 'Quarta', 1, 2, 2, '2026-01-02 18:12:40', '2026-01-02 18:12:40'),
(62, 10040, 17, 1, 7, 'Quinta', 1, 18, 2, '2026-01-02 18:12:41', '2026-01-02 18:12:41'),
(63, 10046, 17, 1, 7, 'Sexta', 1, 6, 8, '2026-01-02 18:12:43', '2026-01-02 18:12:43'),
(64, 10023, 17, 1, 7, 'Segunda', 2, 3, 10, '2026-01-02 18:12:46', '2026-01-02 18:12:46'),
(65, 10029, 17, 1, 7, 'Terca', 2, 2, 2, '2026-01-02 18:12:46', '2026-01-02 18:12:46'),
(66, 10035, 17, 1, 7, 'Quarta', 2, 3, 10, '2026-01-02 18:12:47', '2026-01-02 18:12:47'),
(67, 10041, 17, 1, 7, 'Quinta', 2, 9, 57, '2026-01-02 18:12:48', '2026-01-02 18:12:48'),
(68, 10047, 17, 1, 7, 'Sexta', 2, 17, 19, '2026-01-02 18:12:49', '2026-01-02 18:12:49'),
(69, 10048, 17, 1, 7, 'Sexta', 3, 17, 19, '2026-01-02 18:12:51', '2026-01-02 18:12:51'),
(70, 10042, 17, 1, 7, 'Quinta', 3, 16, 21, '2026-01-02 18:12:52', '2026-01-02 18:12:52'),
(71, 10036, 17, 1, 7, 'Quarta', 3, 5, 6, '2026-01-02 18:12:53', '2026-01-02 18:12:53'),
(72, 10030, 17, 1, 7, 'Terca', 3, 2, 2, '2026-01-02 18:12:54', '2026-01-02 18:12:54'),
(73, 10024, 17, 1, 7, 'Segunda', 3, 3, 10, '2026-01-02 18:12:55', '2026-01-02 18:12:55'),
(74, 10025, 17, 1, 7, 'Segunda', 4, 3, 10, '2026-01-02 18:12:57', '2026-01-02 18:12:57'),
(75, 10031, 17, 1, 7, 'Terca', 4, 2, 2, '2026-01-02 18:12:59', '2026-01-02 18:12:59'),
(76, 10037, 17, 1, 7, 'Quarta', 4, 5, 6, '2026-01-02 18:13:01', '2026-01-02 18:13:01'),
(77, 10043, 17, 1, 7, 'Quinta', 4, 16, 21, '2026-01-02 18:13:03', '2026-01-02 18:13:03'),
(78, 10049, 17, 1, 7, 'Sexta', 4, 19, 15, '2026-01-02 18:13:04', '2026-01-02 18:13:04'),
(79, 10050, 17, 1, 7, 'Sexta', 5, 8, 58, '2026-01-02 18:13:05', '2026-01-02 18:13:05'),
(80, 10044, 17, 1, 7, 'Quinta', 5, 17, 19, '2026-01-02 18:13:07', '2026-01-02 18:13:07'),
(81, 10038, 17, 1, 7, 'Quarta', 5, 5, 6, '2026-01-02 18:13:08', '2026-01-02 18:13:08'),
(82, 10032, 17, 1, 7, 'Terca', 5, 2, 2, '2026-01-02 18:13:09', '2026-01-02 18:13:09'),
(83, 10026, 17, 1, 7, 'Segunda', 5, 4, 22, '2026-01-02 18:13:10', '2026-01-02 18:13:10'),
(84, 10027, 17, 1, 7, 'Segunda', 6, 4, 22, '2026-01-02 18:13:12', '2026-01-02 18:13:12'),
(85, 10033, 17, 1, 7, 'Terca', 6, 2, 2, '2026-01-02 18:13:13', '2026-01-02 18:13:13'),
(86, 10039, 17, 1, 7, 'Quarta', 6, 8, 58, '2026-01-02 18:13:14', '2026-01-02 18:13:14'),
(87, 10045, 17, 1, 7, 'Quinta', 6, 17, 19, '2026-01-02 18:13:15', '2026-01-02 18:13:15'),
(88, 10051, 17, 1, 7, 'Sexta', 6, 8, 58, '2026-01-02 18:13:16', '2026-01-02 18:13:16'),
(89, 10052, 16, 1, 7, 'Segunda', 1, 4, 22, '2026-01-02 18:17:18', '2026-01-02 18:17:18'),
(90, 10058, 16, 1, 7, 'Terca', 1, 9, 9, '2026-01-02 18:17:19', '2026-01-02 18:17:19'),
(91, 10064, 16, 1, 7, 'Quarta', 1, 3, 10, '2026-01-02 18:17:21', '2026-01-02 18:17:21'),
(92, 10070, 16, 1, 7, 'Quinta', 1, 18, 21, '2026-01-02 18:17:22', '2026-01-02 18:17:22'),
(93, 10076, 16, 1, 7, 'Sexta', 1, 17, 19, '2026-01-02 18:17:23', '2026-01-02 18:17:23'),
(94, 10053, 16, 1, 7, 'Segunda', 2, 4, 22, '2026-01-02 18:17:25', '2026-01-02 18:17:25'),
(95, 10059, 16, 1, 7, 'Terca', 2, 3, 10, '2026-01-02 18:17:26', '2026-01-02 18:17:26'),
(96, 10065, 16, 1, 7, 'Quarta', 2, 2, 2, '2026-01-02 18:17:27', '2026-01-02 18:17:27'),
(97, 10071, 16, 1, 7, 'Quinta', 2, 9, 9, '2026-01-02 18:17:28', '2026-01-02 18:17:28'),
(98, 10077, 16, 1, 7, 'Sexta', 2, 6, 8, '2026-01-02 18:17:29', '2026-01-02 18:17:29'),
(99, 10054, 16, 1, 7, 'Segunda', 3, 5, 6, '2026-01-02 18:17:30', '2026-01-02 18:17:30'),
(100, 10060, 16, 1, 7, 'Terca', 3, 3, 10, '2026-01-02 18:17:31', '2026-01-02 18:17:31'),
(101, 10066, 16, 1, 7, 'Quarta', 3, 2, 2, '2026-01-02 18:17:32', '2026-01-02 18:17:32'),
(102, 10072, 16, 1, 7, 'Quinta', 3, 2, 2, '2026-01-02 18:17:33', '2026-01-02 18:17:33'),
(103, 10078, 16, 1, 7, 'Sexta', 3, 19, 15, '2026-01-02 18:17:34', '2026-01-02 18:17:34'),
(104, 10079, 16, 1, 7, 'Sexta', 4, 17, 19, '2026-01-02 18:17:35', '2026-01-02 18:17:35'),
(105, 10073, 16, 1, 7, 'Quinta', 4, 3, 10, '2026-01-02 18:17:36', '2026-01-02 18:17:36'),
(106, 10067, 16, 1, 7, 'Quarta', 4, 2, 2, '2026-01-02 18:17:37', '2026-01-02 18:17:37'),
(107, 10061, 16, 1, 7, 'Terca', 4, 3, 10, '2026-01-02 18:17:39', '2026-01-02 18:17:39'),
(108, 10055, 16, 1, 7, 'Segunda', 4, 5, 6, '2026-01-02 18:17:40', '2026-01-02 18:17:40'),
(109, 10056, 16, 1, 7, 'Segunda', 5, 5, 6, '2026-01-02 18:17:41', '2026-01-02 18:17:41'),
(110, 10062, 16, 1, 7, 'Terca', 5, 8, 58, '2026-01-02 18:17:42', '2026-01-02 18:17:42'),
(111, 10068, 16, 1, 7, 'Quarta', 5, 2, 2, '2026-01-02 18:17:43', '2026-01-02 18:17:43'),
(112, 10074, 16, 1, 7, 'Quinta', 5, 16, 21, '2026-01-02 18:17:44', '2026-01-02 18:17:44'),
(113, 10080, 16, 1, 7, 'Sexta', 5, 17, 19, '2026-01-02 18:17:46', '2026-01-02 18:17:46'),
(114, 10081, 16, 1, 7, 'Sexta', 6, 17, 19, '2026-01-02 18:17:48', '2026-01-02 18:17:48'),
(115, 10075, 16, 1, 7, 'Quinta', 6, 16, 21, '2026-01-02 18:17:49', '2026-01-02 18:17:49'),
(116, 10069, 16, 1, 7, 'Quarta', 6, 2, 2, '2026-01-02 18:17:50', '2026-01-02 18:17:50'),
(117, 10063, 16, 1, 7, 'Terca', 6, 8, 58, '2026-01-02 18:17:51', '2026-01-02 18:17:51'),
(118, 10057, 16, 1, 7, 'Segunda', 6, 8, 58, '2026-01-02 18:17:52', '2026-01-02 18:17:52'),
(119, 10082, 14, 1, 7, 'Segunda', 1, 8, 16, '2026-01-02 18:17:56', '2026-01-02 18:17:56'),
(120, 10088, 14, 1, 7, 'Terca', 1, 2, 2, '2026-01-02 18:17:57', '2026-01-02 18:17:57'),
(121, 10094, 14, 1, 7, 'Quarta', 1, 4, 22, '2026-01-02 18:17:58', '2026-01-02 18:17:58'),
(122, 10100, 14, 1, 7, 'Quinta', 1, 18, 48, '2026-01-02 18:17:59', '2026-01-02 18:17:59'),
(123, 10106, 14, 1, 7, 'Sexta', 1, 3, 10, '2026-01-02 18:18:00', '2026-01-02 18:18:00'),
(124, 10107, 14, 1, 7, 'Sexta', 2, 3, 10, '2026-01-02 18:18:01', '2026-01-02 18:18:01'),
(125, 10101, 14, 1, 7, 'Quinta', 2, 2, 2, '2026-01-02 18:18:02', '2026-01-02 18:18:02'),
(126, 10095, 14, 1, 7, 'Quarta', 2, 17, 19, '2026-01-02 18:18:03', '2026-01-02 18:18:03'),
(127, 10089, 14, 1, 7, 'Terca', 2, 9, 57, '2026-01-02 18:18:03', '2026-01-02 18:18:03'),
(128, 10083, 14, 1, 7, 'Segunda', 2, 8, 16, '2026-01-02 18:18:04', '2026-01-02 18:18:04'),
(129, 10084, 14, 1, 7, 'Segunda', 3, 4, 22, '2026-01-02 18:18:05', '2026-01-02 18:18:05'),
(130, 10090, 14, 1, 7, 'Terca', 3, 5, 6, '2026-01-02 18:18:06', '2026-01-02 18:18:06'),
(131, 10096, 14, 1, 7, 'Quarta', 3, 3, 10, '2026-01-02 18:18:07', '2026-01-02 18:18:07'),
(132, 10108, 14, 1, 7, 'Sexta', 3, 3, 10, '2026-01-02 18:18:09', '2026-01-02 18:18:09'),
(133, 10102, 14, 1, 7, 'Quinta', 3, 9, 57, '2026-01-02 18:18:10', '2026-01-02 18:18:10'),
(134, 10085, 14, 1, 7, 'Segunda', 4, 4, 22, '2026-01-02 18:18:12', '2026-01-02 18:18:12'),
(135, 10091, 14, 1, 7, 'Terca', 4, 5, 6, '2026-01-02 18:18:13', '2026-01-02 18:18:13'),
(136, 10097, 14, 1, 7, 'Quarta', 4, 3, 10, '2026-01-02 18:18:14', '2026-01-02 18:18:14'),
(137, 10103, 14, 1, 7, 'Quinta', 4, 2, 2, '2026-01-02 18:18:15', '2026-01-02 18:18:15'),
(138, 10109, 14, 1, 7, 'Sexta', 4, 6, 8, '2026-01-02 18:18:16', '2026-01-02 18:18:16'),
(139, 10110, 14, 1, 7, 'Sexta', 5, 19, 15, '2026-01-02 18:18:17', '2026-01-02 18:18:17'),
(140, 10104, 14, 1, 7, 'Quinta', 5, 2, 2, '2026-01-02 18:18:18', '2026-01-02 18:18:18'),
(141, 10098, 14, 1, 7, 'Quarta', 5, 17, 19, '2026-01-02 18:18:19', '2026-01-02 18:18:19'),
(142, 10092, 14, 1, 7, 'Terca', 5, 16, 21, '2026-01-02 18:18:20', '2026-01-02 18:18:20'),
(143, 10086, 14, 1, 7, 'Segunda', 5, 8, 16, '2026-01-02 18:18:21', '2026-01-02 18:18:21'),
(144, 10087, 14, 1, 7, 'Segunda', 6, 5, 6, '2026-01-02 18:18:23', '2026-01-02 18:18:23'),
(145, 10099, 14, 1, 7, 'Quarta', 6, 17, 19, '2026-01-02 18:18:26', '2026-01-02 18:18:26'),
(146, 10093, 14, 1, 7, 'Terca', 6, 16, 21, '2026-01-02 18:18:27', '2026-01-02 18:18:27'),
(147, 10105, 14, 1, 7, 'Quinta', 6, 2, 2, '2026-01-02 18:18:29', '2026-01-02 18:18:29'),
(148, 10111, 15, 1, 7, 'Segunda', 1, 16, 21, '2026-01-02 18:18:33', '2026-01-02 18:18:33'),
(149, 10117, 15, 1, 7, 'Terca', 1, 3, 10, '2026-01-02 18:18:34', '2026-01-02 18:18:34'),
(150, 10123, 15, 1, 7, 'Quarta', 1, 17, 19, '2026-01-02 18:18:36', '2026-01-02 18:18:36'),
(151, 10129, 15, 1, 7, 'Quinta', 1, 18, 49, '2026-01-02 18:18:37', '2026-01-02 18:18:37'),
(152, 10135, 15, 1, 7, 'Sexta', 1, 2, 2, '2026-01-02 18:18:38', '2026-01-02 18:18:38'),
(153, 10136, 15, 1, 7, 'Sexta', 2, 2, 2, '2026-01-02 18:18:39', '2026-01-02 18:18:39'),
(154, 10130, 15, 1, 7, 'Quinta', 2, 17, 19, '2026-01-02 18:18:41', '2026-01-02 18:18:41'),
(155, 10124, 15, 1, 7, 'Quarta', 2, 4, 22, '2026-01-02 18:18:42', '2026-01-02 18:18:42'),
(156, 10118, 15, 1, 7, 'Terca', 2, 9, 9, '2026-01-02 18:18:43', '2026-01-02 18:18:43'),
(157, 10112, 15, 1, 7, 'Segunda', 2, 16, 21, '2026-01-02 18:18:44', '2026-01-02 18:18:44'),
(158, 10113, 15, 1, 7, 'Segunda', 3, 8, 16, '2026-01-02 18:18:46', '2026-01-02 18:18:46'),
(159, 10119, 15, 1, 7, 'Terca', 3, 17, 19, '2026-01-02 18:18:49', '2026-01-02 18:18:49'),
(160, 10125, 15, 1, 7, 'Quarta', 3, 4, 22, '2026-01-02 18:18:50', '2026-01-02 18:18:50'),
(161, 10131, 15, 1, 7, 'Quinta', 3, 9, 9, '2026-01-02 18:18:51', '2026-01-02 18:18:51'),
(162, 10137, 15, 1, 7, 'Sexta', 3, 2, 2, '2026-01-02 18:18:52', '2026-01-02 18:18:52'),
(163, 10138, 15, 1, 7, 'Sexta', 4, 2, 2, '2026-01-02 18:18:53', '2026-01-02 18:18:53'),
(164, 10132, 15, 1, 7, 'Quinta', 4, 19, 15, '2026-01-02 18:18:54', '2026-01-02 18:18:54'),
(165, 10126, 15, 1, 7, 'Quarta', 4, 4, 22, '2026-01-02 18:18:55', '2026-01-02 18:18:55'),
(166, 10120, 15, 1, 7, 'Terca', 4, 17, 19, '2026-01-02 18:18:56', '2026-01-02 18:18:56'),
(167, 10114, 15, 1, 7, 'Segunda', 4, 8, 16, '2026-01-02 18:18:57', '2026-01-02 18:18:57'),
(168, 10115, 15, 1, 7, 'Segunda', 5, 3, 10, '2026-01-02 18:18:58', '2026-01-02 18:18:58'),
(169, 10121, 15, 1, 7, 'Terca', 5, 5, 6, '2026-01-02 18:18:59', '2026-01-02 18:18:59'),
(170, 10127, 15, 1, 7, 'Quarta', 5, 8, 16, '2026-01-02 18:19:00', '2026-01-02 18:19:00'),
(171, 10133, 15, 1, 7, 'Quinta', 5, 3, 10, '2026-01-02 18:19:01', '2026-01-02 18:19:01'),
(172, 10139, 15, 1, 7, 'Sexta', 5, 2, 2, '2026-01-02 18:19:02', '2026-01-02 18:19:02'),
(173, 10140, 15, 1, 7, 'Sexta', 6, 6, 8, '2026-01-02 18:19:03', '2026-01-02 18:19:03'),
(174, 10134, 15, 1, 7, 'Quinta', 6, 3, 10, '2026-01-02 18:19:05', '2026-01-02 18:19:05'),
(175, 10128, 15, 1, 7, 'Quarta', 6, 5, 6, '2026-01-02 18:19:06', '2026-01-02 18:19:06'),
(176, 10122, 15, 1, 7, 'Terca', 6, 5, 6, '2026-01-02 18:19:07', '2026-01-02 18:19:07'),
(177, 10116, 15, 1, 7, 'Segunda', 6, 3, 10, '2026-01-02 18:19:08', '2026-01-02 18:19:08'),
(178, 10141, 13, 1, 7, 'Segunda', 1, 5, 6, '2026-01-02 18:19:14', '2026-01-02 18:19:14'),
(179, 10147, 13, 1, 7, 'Terca', 1, 6, 8, '2026-01-02 18:19:15', '2026-01-02 18:19:15'),
(180, 10153, 13, 1, 7, 'Quarta', 1, 17, 21, '2026-01-02 18:19:16', '2026-01-02 18:19:16'),
(181, 10159, 13, 1, 7, 'Quinta', 1, 18, 6, '2026-01-02 18:19:17', '2026-01-02 18:19:17'),
(182, 10165, 13, 1, 7, 'Sexta', 1, 19, 15, '2026-01-02 18:19:18', '2026-01-02 18:19:18'),
(183, 10166, 13, 1, 7, 'Sexta', 2, 2, 3, '2026-01-02 18:19:19', '2026-01-02 18:19:19'),
(184, 10160, 13, 1, 7, 'Quinta', 2, 5, 6, '2026-01-02 18:19:20', '2026-01-02 18:19:20'),
(185, 10154, 13, 1, 7, 'Quarta', 2, 5, 6, '2026-01-02 18:19:21', '2026-01-02 18:19:21'),
(186, 10148, 13, 1, 7, 'Terca', 2, 17, 21, '2026-01-02 18:19:22', '2026-01-02 18:19:22'),
(187, 10142, 13, 1, 7, 'Segunda', 2, 16, 4, '2026-01-02 18:19:24', '2026-01-02 18:19:24'),
(188, 10143, 13, 1, 7, 'Segunda', 3, 16, 4, '2026-01-02 18:19:25', '2026-01-02 18:19:25'),
(189, 10149, 13, 1, 7, 'Terca', 3, 9, 57, '2026-01-02 18:19:26', '2026-01-02 18:19:26'),
(190, 10155, 13, 1, 7, 'Quarta', 3, 8, 16, '2026-01-02 18:19:27', '2026-01-02 18:19:27'),
(191, 10161, 13, 1, 7, 'Quinta', 3, 3, 18, '2026-01-02 18:19:29', '2026-01-02 18:19:29'),
(192, 10167, 13, 1, 7, 'Sexta', 3, 2, 3, '2026-01-02 18:19:32', '2026-01-02 18:19:32'),
(193, 10168, 13, 1, 7, 'Sexta', 4, 2, 3, '2026-01-02 18:19:33', '2026-01-02 18:19:33'),
(194, 10162, 13, 1, 7, 'Quinta', 4, 9, 57, '2026-01-02 18:19:34', '2026-01-02 18:19:34'),
(195, 10156, 13, 1, 7, 'Quarta', 4, 8, 16, '2026-01-02 18:19:35', '2026-01-02 18:19:35'),
(196, 10150, 13, 1, 7, 'Terca', 4, 17, 21, '2026-01-02 18:19:36', '2026-01-02 18:19:36'),
(197, 10144, 13, 1, 7, 'Segunda', 4, 12, 23, '2026-01-02 18:19:37', '2026-01-02 18:19:37'),
(198, 10145, 13, 1, 7, 'Segunda', 5, 17, 21, '2026-01-02 18:19:38', '2026-01-02 18:19:38'),
(199, 10151, 13, 1, 7, 'Terca', 5, 2, 3, '2026-01-02 18:19:39', '2026-01-02 18:19:39'),
(200, 10157, 13, 1, 7, 'Quarta', 5, 4, 22, '2026-01-02 18:19:42', '2026-01-02 18:19:42'),
(201, 10163, 13, 1, 7, 'Quinta', 5, 3, 18, '2026-01-02 18:19:43', '2026-01-02 18:19:43'),
(202, 10169, 13, 1, 7, 'Sexta', 5, 2, 3, '2026-01-02 18:19:44', '2026-01-02 18:19:44'),
(203, 10170, 13, 1, 7, 'Sexta', 6, 2, 3, '2026-01-02 18:19:45', '2026-01-02 18:19:45'),
(204, 10164, 13, 1, 7, 'Quinta', 6, 4, 22, '2026-01-02 18:19:47', '2026-01-02 18:19:47'),
(205, 10158, 13, 1, 7, 'Quarta', 6, 4, 22, '2026-01-02 18:19:48', '2026-01-02 18:19:48'),
(206, 10152, 13, 1, 7, 'Terca', 6, 2, 3, '2026-01-02 18:19:49', '2026-01-02 18:19:49'),
(207, 10146, 13, 1, 7, 'Segunda', 6, 8, 16, '2026-01-02 18:19:50', '2026-01-02 18:19:50'),
(208, 10171, 10, 1, 7, 'Segunda', 1, 16, 4, '2026-01-02 18:19:56', '2026-01-02 18:19:56'),
(209, 10177, 10, 1, 7, 'Terca', 1, 5, 6, '2026-01-02 18:19:58', '2026-01-02 18:19:58'),
(210, 10183, 10, 1, 7, 'Quarta', 1, 2, 3, '2026-01-02 18:19:59', '2026-01-02 18:19:59'),
(211, 10189, 10, 1, 7, 'Quinta', 1, 18, 51, '2026-01-02 18:20:00', '2026-01-02 18:20:00'),
(212, 10195, 10, 1, 7, 'Sexta', 1, 4, 22, '2026-01-02 18:20:01', '2026-01-02 18:20:01'),
(213, 10196, 10, 1, 7, 'Sexta', 2, 8, 16, '2026-01-02 18:20:02', '2026-01-02 18:20:02'),
(214, 10190, 10, 1, 7, 'Quinta', 2, 19, 15, '2026-01-02 18:20:03', '2026-01-02 18:20:03'),
(215, 10184, 10, 1, 7, 'Quarta', 2, 8, 16, '2026-01-02 18:20:04', '2026-01-02 18:20:04'),
(216, 10178, 10, 1, 7, 'Terca', 2, 6, 8, '2026-01-02 18:20:04', '2026-01-02 18:20:04'),
(217, 10172, 10, 1, 7, 'Segunda', 2, 5, 6, '2026-01-02 18:20:06', '2026-01-02 18:20:06'),
(218, 10173, 10, 1, 7, 'Segunda', 3, 17, 21, '2026-01-02 18:20:07', '2026-01-02 18:20:07'),
(219, 10179, 10, 1, 7, 'Terca', 3, 9, 9, '2026-01-02 18:20:08', '2026-01-02 18:20:08'),
(220, 10185, 10, 1, 7, 'Quarta', 3, 17, 21, '2026-01-02 18:20:09', '2026-01-02 18:20:09'),
(221, 10191, 10, 1, 7, 'Quinta', 3, 4, 22, '2026-01-02 18:20:10', '2026-01-02 18:20:10'),
(222, 10197, 10, 1, 7, 'Sexta', 3, 3, 18, '2026-01-02 18:20:11', '2026-01-02 18:20:11'),
(223, 10198, 10, 1, 7, 'Sexta', 4, 3, 18, '2026-01-02 18:20:13', '2026-01-02 18:20:13'),
(224, 10192, 10, 1, 7, 'Quinta', 4, 9, 9, '2026-01-02 18:20:14', '2026-01-02 18:20:14'),
(225, 10186, 10, 1, 7, 'Quarta', 4, 17, 21, '2026-01-02 18:20:15', '2026-01-02 18:20:15'),
(226, 10180, 10, 1, 7, 'Terca', 4, 2, 3, '2026-01-02 18:20:16', '2026-01-02 18:20:16'),
(227, 10174, 10, 1, 7, 'Segunda', 4, 16, 4, '2026-01-02 18:20:17', '2026-01-02 18:20:17'),
(228, 10175, 10, 1, 7, 'Segunda', 5, 12, 23, '2026-01-02 18:20:18', '2026-01-02 18:20:18'),
(229, 10176, 10, 1, 7, 'Segunda', 6, 17, 21, '2026-01-02 18:20:20', '2026-01-02 18:20:20'),
(230, 10181, 10, 1, 7, 'Terca', 5, 2, 14, '2026-01-02 18:20:21', '2026-01-02 18:20:21'),
(231, 10182, 10, 1, 7, 'Terca', 6, 2, 14, '2026-01-02 18:20:22', '2026-01-02 18:20:22'),
(232, 10187, 10, 1, 7, 'Quarta', 5, 2, 3, '2026-01-02 18:20:23', '2026-01-02 18:20:23'),
(233, 10188, 10, 1, 7, 'Quarta', 6, 8, 16, '2026-01-02 18:20:24', '2026-01-02 18:20:24'),
(234, 10194, 10, 1, 7, 'Quinta', 6, 5, 6, '2026-01-02 18:20:25', '2026-01-02 18:20:25'),
(235, 10193, 10, 1, 7, 'Quinta', 5, 4, 22, '2026-01-02 18:20:26', '2026-01-02 18:20:26'),
(236, 10199, 10, 1, 7, 'Sexta', 5, 2, 14, '2026-01-02 18:20:27', '2026-01-02 18:20:27'),
(237, 10200, 10, 1, 7, 'Sexta', 6, 2, 14, '2026-01-02 18:20:28', '2026-01-02 18:20:28'),
(238, 10201, 11, 1, 7, 'Segunda', 1, 5, 12, '2026-01-02 18:20:32', '2026-01-02 18:20:32'),
(239, 10207, 11, 1, 7, 'Terca', 1, 17, 21, '2026-01-02 18:20:33', '2026-01-02 18:20:33'),
(240, 10211, 11, 1, 7, 'Quarta', 1, 2, 14, '2026-01-02 18:20:35', '2026-01-02 18:20:35'),
(241, 10217, 11, 1, 7, 'Quinta', 1, 2, 3, '2026-01-02 18:20:36', '2026-01-02 18:20:36'),
(242, 10223, 11, 1, 7, 'Sexta', 1, 7, 16, '2026-01-02 18:20:37', '2026-01-02 18:20:37'),
(243, 10224, 11, 1, 7, 'Sexta', 2, 4, 22, '2026-01-02 18:20:38', '2026-01-02 18:20:38'),
(244, 10218, 11, 1, 7, 'Quinta', 2, 3, 20, '2026-01-02 18:20:39', '2026-01-02 18:20:39'),
(245, 10212, 11, 1, 7, 'Quarta', 2, 17, 21, '2026-01-02 18:20:40', '2026-01-02 18:20:40'),
(246, 10208, 11, 1, 7, 'Terca', 2, 18, 12, '2026-01-02 18:20:41', '2026-01-02 18:20:41'),
(247, 10202, 11, 1, 7, 'Segunda', 2, 5, 12, '2026-01-02 18:20:42', '2026-01-02 18:20:42'),
(248, 10203, 11, 1, 7, 'Segunda', 3, 5, 12, '2026-01-02 18:20:43', '2026-01-02 18:20:43'),
(249, 10209, 11, 1, 7, 'Terca', 3, 17, 21, '2026-01-02 18:20:45', '2026-01-02 18:20:45'),
(250, 10213, 11, 1, 7, 'Quarta', 3, 2, 3, '2026-01-02 18:20:45', '2026-01-02 18:20:45'),
(251, 10219, 11, 1, 7, 'Quinta', 3, 3, 20, '2026-01-02 18:20:46', '2026-01-02 18:20:46'),
(252, 10225, 11, 1, 7, 'Sexta', 3, 4, 22, '2026-01-02 18:20:47', '2026-01-02 18:20:47'),
(253, 10226, 11, 1, 7, 'Sexta', 4, 12, 23, '2026-01-02 18:20:49', '2026-01-02 18:20:49'),
(254, 10220, 11, 1, 7, 'Quinta', 4, 4, 22, '2026-01-02 18:20:50', '2026-01-02 18:20:50'),
(255, 10214, 11, 1, 7, 'Quarta', 4, 2, 3, '2026-01-02 18:20:51', '2026-01-02 18:20:51'),
(256, 10210, 11, 1, 7, 'Terca', 4, 9, 57, '2026-01-02 18:20:52', '2026-01-02 18:20:52'),
(257, 10204, 11, 1, 7, 'Segunda', 4, 13, 17, '2026-01-02 18:20:53', '2026-01-02 18:20:53'),
(258, 10205, 11, 1, 7, 'Segunda', 5, 13, 17, '2026-01-02 18:20:55', '2026-01-02 18:20:55'),
(259, 10206, 11, 1, 7, 'Segunda', 6, 12, 23, '2026-01-02 18:20:57', '2026-01-02 18:20:57'),
(260, 10216, 11, 1, 7, 'Quarta', 6, 16, 4, '2026-01-02 18:20:57', '2026-01-02 18:20:57'),
(261, 10215, 11, 1, 7, 'Quarta', 5, 16, 4, '2026-01-02 18:20:59', '2026-01-02 18:20:59'),
(262, 10221, 11, 1, 7, 'Quinta', 5, 9, 57, '2026-01-02 18:21:01', '2026-01-02 18:21:01'),
(263, 10227, 11, 1, 7, 'Sexta', 5, 6, 8, '2026-01-02 18:21:02', '2026-01-02 18:21:02'),
(264, 10228, 11, 1, 7, 'Sexta', 6, 17, 21, '2026-01-02 18:21:03', '2026-01-02 18:21:03'),
(265, 10222, 11, 1, 7, 'Quinta', 6, 19, 15, '2026-01-02 18:21:04', '2026-01-02 18:21:04'),
(266, 10229, 12, 1, 7, 'Segunda', 1, 12, 23, '2026-01-02 18:21:08', '2026-01-02 18:21:08'),
(267, 10235, 12, 1, 7, 'Terca', 1, 7, 16, '2026-01-02 18:21:10', '2026-01-02 18:21:10'),
(268, 10245, 12, 1, 7, 'Quinta', 1, 18, 15, '2026-01-02 18:21:12', '2026-01-02 18:21:12'),
(269, 10251, 12, 1, 7, 'Sexta', 1, 17, 21, '2026-01-02 18:21:13', '2026-01-02 18:21:13'),
(270, 10252, 12, 1, 7, 'Sexta', 2, 2, 14, '2026-01-02 18:21:14', '2026-01-02 18:21:14'),
(271, 10246, 12, 1, 7, 'Quinta', 2, 17, 21, '2026-01-02 18:21:15', '2026-01-02 18:21:15'),
(272, 10240, 12, 1, 7, 'Quarta', 2, 2, 3, '2026-01-02 18:21:16', '2026-01-02 18:21:16'),
(273, 10236, 12, 1, 7, 'Terca', 2, 13, 17, '2026-01-02 18:21:17', '2026-01-02 18:21:17'),
(274, 10230, 12, 1, 7, 'Segunda', 2, 12, 23, '2026-01-02 18:21:18', '2026-01-02 18:21:18'),
(275, 10231, 12, 1, 7, 'Segunda', 3, 13, 17, '2026-01-02 18:21:19', '2026-01-02 18:21:19'),
(276, 10237, 12, 1, 7, 'Terca', 3, 16, 4, '2026-01-02 18:21:20', '2026-01-02 18:21:20'),
(277, 10241, 12, 1, 7, 'Quarta', 3, 2, 14, '2026-01-02 18:21:21', '2026-01-02 18:21:21'),
(278, 10247, 12, 1, 7, 'Quinta', 3, 19, 15, '2026-01-02 18:21:22', '2026-01-02 18:21:22'),
(279, 10253, 12, 1, 7, 'Sexta', 3, 6, 8, '2026-01-02 18:21:23', '2026-01-02 18:21:23'),
(280, 10254, 12, 1, 7, 'Sexta', 4, 4, 22, '2026-01-02 18:21:24', '2026-01-02 18:21:24'),
(281, 10248, 12, 1, 7, 'Quinta', 4, 3, 20, '2026-01-02 18:21:26', '2026-01-02 18:21:26'),
(282, 10242, 12, 1, 7, 'Quarta', 4, 2, 14, '2026-01-02 18:21:27', '2026-01-02 18:21:27'),
(283, 10238, 12, 1, 7, 'Terca', 4, 9, 9, '2026-01-02 18:21:28', '2026-01-02 18:21:28'),
(284, 10232, 12, 1, 7, 'Segunda', 4, 5, 12, '2026-01-02 18:21:29', '2026-01-02 18:21:29'),
(285, 10233, 12, 1, 7, 'Segunda', 5, 5, 12, '2026-01-02 18:21:30', '2026-01-02 18:21:30'),
(286, 10239, 12, 1, 7, 'Terca', 5, 16, 4, '2026-01-02 18:21:32', '2026-01-02 18:21:32'),
(287, 10243, 12, 1, 7, 'Quarta', 5, 17, 21, '2026-01-02 18:21:33', '2026-01-02 18:21:33'),
(288, 10249, 12, 1, 7, 'Quinta', 5, 9, 9, '2026-01-02 18:21:34', '2026-01-02 18:21:34'),
(289, 10255, 12, 1, 7, 'Sexta', 5, 4, 22, '2026-01-02 18:21:35', '2026-01-02 18:21:35'),
(290, 10256, 12, 1, 7, 'Sexta', 6, 4, 22, '2026-01-02 18:21:37', '2026-01-02 18:21:37'),
(291, 10250, 12, 1, 7, 'Quinta', 6, 3, 20, '2026-01-02 18:21:38', '2026-01-02 18:21:38'),
(292, 10244, 12, 1, 7, 'Quarta', 6, 17, 21, '2026-01-02 18:21:39', '2026-01-02 18:21:39'),
(293, 10234, 12, 1, 7, 'Segunda', 6, 5, 12, '2026-01-02 18:21:40', '2026-01-02 18:21:40'),
(294, 10692, 17, 1, 7, 'Segunda', 1, 3, 10, '2026-01-02 18:31:13', '2026-01-02 18:31:13'),
(295, 10698, 17, 1, 7, 'Terca', 1, 9, 57, '2026-01-02 18:31:16', '2026-01-02 18:31:16'),
(296, 10704, 17, 1, 7, 'Quarta', 1, 17, 19, '2026-01-02 18:31:17', '2026-01-02 18:31:17'),
(297, 10710, 17, 1, 7, 'Quinta', 1, 18, 2, '2026-01-02 18:31:18', '2026-01-02 18:31:18'),
(298, 10716, 17, 1, 7, 'Sexta', 1, 3, 10, '2026-01-02 18:31:19', '2026-01-02 18:31:19'),
(299, 10717, 17, 1, 7, 'Sexta', 2, 3, 10, '2026-01-02 18:31:20', '2026-01-02 18:31:20'),
(300, 10711, 17, 1, 7, 'Quinta', 2, 9, 57, '2026-01-02 18:31:21', '2026-01-02 18:31:21'),
(301, 10705, 17, 1, 7, 'Quarta', 2, 17, 19, '2026-01-02 18:31:22', '2026-01-02 18:31:22'),
(302, 10699, 17, 1, 7, 'Terca', 2, 3, 10, '2026-01-02 18:31:23', '2026-01-02 18:31:23'),
(303, 10693, 17, 1, 7, 'Segunda', 2, 17, 19, '2026-01-02 18:31:24', '2026-01-02 18:31:24'),
(304, 10694, 17, 1, 7, 'Segunda', 3, 8, 58, '2026-01-02 18:31:25', '2026-01-02 18:31:25'),
(305, 10700, 17, 1, 7, 'Terca', 3, 3, 10, '2026-01-02 18:31:26', '2026-01-02 18:31:26'),
(306, 10706, 17, 1, 7, 'Quarta', 3, 4, 22, '2026-01-02 18:31:27', '2026-01-02 18:31:27'),
(307, 10712, 17, 1, 7, 'Quinta', 3, 5, 6, '2026-01-02 18:31:28', '2026-01-02 18:31:28'),
(308, 10718, 17, 1, 7, 'Sexta', 3, 2, 2, '2026-01-02 18:31:29', '2026-01-02 18:31:29'),
(309, 10719, 17, 1, 7, 'Sexta', 4, 2, 2, '2026-01-02 18:31:31', '2026-01-02 18:31:31'),
(310, 10713, 17, 1, 7, 'Quinta', 4, 2, 2, '2026-01-02 18:31:32', '2026-01-02 18:31:32'),
(311, 10707, 17, 1, 7, 'Quarta', 4, 16, 21, '2026-01-02 18:31:32', '2026-01-02 18:31:32'),
(312, 10701, 17, 1, 7, 'Terca', 4, 17, 19, '2026-01-02 18:31:33', '2026-01-02 18:31:33'),
(313, 10695, 17, 1, 7, 'Segunda', 4, 8, 58, '2026-01-02 18:31:35', '2026-01-02 18:31:35'),
(314, 10696, 17, 1, 7, 'Segunda', 5, 5, 6, '2026-01-02 18:31:36', '2026-01-02 18:31:36'),
(315, 10702, 17, 1, 7, 'Terca', 5, 8, 58, '2026-01-02 18:31:36', '2026-01-02 18:31:36'),
(316, 10708, 17, 1, 7, 'Quarta', 5, 16, 21, '2026-01-02 18:31:37', '2026-01-02 18:31:37'),
(317, 10714, 17, 1, 7, 'Quinta', 5, 2, 2, '2026-01-02 18:31:38', '2026-01-02 18:31:38'),
(318, 10720, 17, 1, 7, 'Sexta', 5, 19, 15, '2026-01-02 18:31:39', '2026-01-02 18:31:39'),
(319, 10721, 17, 1, 7, 'Sexta', 6, 6, 8, '2026-01-02 18:31:40', '2026-01-02 18:31:40'),
(320, 10715, 17, 1, 7, 'Quinta', 6, 2, 2, '2026-01-02 18:31:41', '2026-01-02 18:31:41'),
(321, 10709, 17, 1, 7, 'Quarta', 6, 2, 2, '2026-01-02 18:31:42', '2026-01-02 18:31:42'),
(322, 10703, 17, 1, 7, 'Terca', 6, 5, 6, '2026-01-02 18:31:43', '2026-01-02 18:31:43'),
(323, 10697, 17, 1, 7, 'Segunda', 6, 4, 22, '2026-01-02 18:31:44', '2026-01-02 18:31:44'),
(324, 19209, 13, 1, 7, 'Sexta', 3, 8, 16, '2026-01-04 23:14:05', '2026-01-04 23:14:05'),
(325, 19208, 13, 1, 7, 'Sexta', 2, 17, 21, '2026-01-04 23:14:06', '2026-01-04 23:14:06'),
(326, 19304, 15, 1, 7, 'Sexta', 2, 16, 21, '2026-01-04 23:15:50', '2026-01-04 23:15:50'),
(327, 20654, 11, 1, 7, 'Quarta', 3, 2, 14, '2026-01-05 22:38:16', '2026-01-05 22:41:25'),
(328, 20654, 11, 1, 7, 'Quarta', 3, 2, 14, '2026-01-05 22:38:16', '2026-01-05 22:41:36');

-- --------------------------------------------------------

--
-- Estrutura para tabela `horario`
--

CREATE TABLE `horario` (
  `id_horario` int(11) NOT NULL,
  `id_turma` int(11) NOT NULL,
  `id_turno` int(11) NOT NULL,
  `id_ano_letivo` int(11) NOT NULL,
  `dia_semana` enum('Domingo','Segunda','Terca','Quarta','Quinta','Sexta','Sabado') NOT NULL,
  `numero_aula` int(11) NOT NULL,
  `id_disciplina` int(11) NOT NULL,
  `id_professor` int(11) NOT NULL,
  `data_criacao` datetime DEFAULT current_timestamp()
) ENGINE=InnoDB DEFAULT CHARSET=utf8mb4 COLLATE=utf8mb4_general_ci;

--
-- Despejando dados para a tabela `horario`
--

INSERT INTO `horario` (`id_horario`, `id_turma`, `id_turno`, `id_ano_letivo`, `dia_semana`, `numero_aula`, `id_disciplina`, `id_professor`, `data_criacao`) VALUES
(43, 2, 1, 5, 'Segunda', 1, 3, 3, '2025-03-06 09:44:41'),
(20697, 8, 1, 7, 'Segunda', 1, 12, 40, '2026-01-05 23:21:17'),
(20698, 8, 1, 7, 'Segunda', 2, 16, 42, '2026-01-05 23:21:17'),
(20699, 8, 1, 7, 'Segunda', 3, 16, 42, '2026-01-05 23:21:17'),
(20700, 8, 1, 7, 'Segunda', 4, 2, 14, '2026-01-05 23:21:17'),
(20701, 8, 1, 7, 'Segunda', 5, 2, 14, '2026-01-05 23:21:17'),
(20702, 8, 1, 7, 'Segunda', 6, 7, 43, '2026-01-05 23:21:17'),
(20703, 8, 1, 7, 'Terca', 1, 20, 39, '2026-01-05 23:21:17'),
(20704, 8, 1, 7, 'Terca', 2, 13, 26, '2026-01-05 23:21:17'),
(20705, 8, 1, 7, 'Terca', 3, 21, 24, '2026-01-05 23:21:17'),
(20706, 8, 1, 7, 'Terca', 4, 20, 39, '2026-01-05 23:21:17'),
(20707, 8, 1, 7, 'Terca', 5, 4, 24, '2026-01-05 23:21:17'),
(20708, 8, 1, 7, 'Terca', 6, 3, 27, '2026-01-05 23:21:17'),
(20709, 8, 1, 7, 'Quarta', 1, 11, 30, '2026-01-05 23:21:17'),
(20710, 8, 1, 7, 'Quarta', 2, 12, 40, '2026-01-05 23:21:17'),
(20711, 8, 1, 7, 'Quarta', 3, 7, 43, '2026-01-05 23:21:17'),
(20712, 8, 1, 7, 'Quarta', 4, 5, 12, '2026-01-05 23:21:17'),
(20713, 8, 1, 7, 'Quarta', 5, 7, 43, '2026-01-05 23:21:17'),
(20714, 8, 1, 7, 'Quarta', 6, 10, 30, '2026-01-05 23:21:17'),
(20715, 8, 1, 7, 'Quinta', 1, 2, 34, '2026-01-05 23:21:17'),
(20716, 8, 1, 7, 'Quinta', 2, 7, 43, '2026-01-05 23:21:17'),
(20717, 8, 1, 7, 'Quinta', 3, 23, 38, '2026-01-05 23:21:17'),
(20718, 8, 1, 7, 'Quinta', 4, 5, 12, '2026-01-05 23:21:17'),
(20719, 8, 1, 7, 'Quinta', 5, 5, 12, '2026-01-05 23:21:17'),
(20720, 8, 1, 7, 'Quinta', 6, 2, 34, '2026-01-05 23:21:17'),
(20721, 8, 1, 7, 'Sexta', 1, 4, 24, '2026-01-05 23:21:17'),
(20722, 8, 1, 7, 'Sexta', 2, 13, 11, '2026-01-05 23:21:17'),
(20723, 8, 1, 7, 'Sexta', 3, 13, 11, '2026-01-05 23:21:17'),
(20724, 8, 1, 7, 'Sexta', 4, 1, 32, '2026-01-05 23:21:17'),
(20725, 8, 1, 7, 'Sexta', 5, 1, 32, '2026-01-05 23:21:17'),
(20726, 8, 1, 7, 'Sexta', 6, 4, 24, '2026-01-05 23:21:17'),
(20727, 18, 1, 7, 'Segunda', 1, 16, 42, '2026-01-05 23:21:17'),
(20728, 18, 1, 7, 'Segunda', 2, 12, 5, '2026-01-05 23:21:17'),
(20729, 18, 1, 7, 'Segunda', 3, 12, 5, '2026-01-05 23:21:17'),
(20730, 18, 1, 7, 'Segunda', 4, 16, 42, '2026-01-05 23:21:17'),
(20731, 18, 1, 7, 'Segunda', 5, 7, 43, '2026-01-05 23:21:17'),
(20732, 18, 1, 7, 'Segunda', 6, 12, 5, '2026-01-05 23:21:17'),
(20733, 18, 1, 7, 'Terca', 1, 4, 24, '2026-01-05 23:21:17'),
(20734, 18, 1, 7, 'Terca', 2, 20, 39, '2026-01-05 23:21:17'),
(20735, 18, 1, 7, 'Terca', 3, 20, 39, '2026-01-05 23:21:17'),
(20736, 18, 1, 7, 'Terca', 4, 3, 27, '2026-01-05 23:21:17'),
(20737, 18, 1, 7, 'Terca', 5, 13, 26, '2026-01-05 23:21:17'),
(20738, 18, 1, 7, 'Terca', 6, 4, 24, '2026-01-05 23:21:17'),
(20739, 18, 1, 7, 'Quarta', 1, 2, 14, '2026-01-05 23:21:17'),
(20740, 18, 1, 7, 'Quarta', 2, 2, 14, '2026-01-05 23:21:17'),
(20741, 18, 1, 7, 'Quarta', 3, 5, 12, '2026-01-05 23:21:17'),
(20742, 18, 1, 7, 'Quarta', 4, 11, 30, '2026-01-05 23:21:17'),
(20743, 18, 1, 7, 'Quarta', 5, 10, 30, '2026-01-05 23:21:17'),
(20744, 18, 1, 7, 'Quarta', 6, 5, 12, '2026-01-05 23:21:17'),
(20745, 18, 1, 7, 'Quinta', 1, 18, 43, '2026-01-05 23:21:17'),
(20746, 18, 1, 7, 'Quinta', 2, 2, 34, '2026-01-05 23:21:17'),
(20747, 18, 1, 7, 'Quinta', 3, 2, 34, '2026-01-05 23:21:17'),
(20748, 18, 1, 7, 'Quinta', 4, 23, 38, '2026-01-05 23:21:17'),
(20749, 18, 1, 7, 'Quinta', 5, 7, 43, '2026-01-05 23:21:17'),
(20750, 18, 1, 7, 'Quinta', 6, 7, 43, '2026-01-05 23:21:17'),
(20751, 18, 1, 7, 'Sexta', 1, 1, 32, '2026-01-05 23:21:17'),
(20752, 18, 1, 7, 'Sexta', 2, 4, 24, '2026-01-05 23:21:17'),
(20753, 18, 1, 7, 'Sexta', 3, 1, 32, '2026-01-05 23:21:17'),
(20754, 18, 1, 7, 'Sexta', 4, 7, 43, '2026-01-05 23:21:17'),
(20755, 18, 1, 7, 'Sexta', 5, 12, 5, '2026-01-05 23:21:17'),
(20756, 20, 1, 7, 'Segunda', 1, 5, 31, '2026-01-05 23:21:17'),
(20757, 20, 1, 7, 'Segunda', 2, 13, 41, '2026-01-05 23:21:17'),
(20758, 20, 1, 7, 'Segunda', 4, 5, 31, '2026-01-05 23:21:17'),
(20759, 20, 1, 7, 'Segunda', 5, 16, 42, '2026-01-05 23:21:17'),
(20760, 20, 1, 7, 'Segunda', 6, 16, 42, '2026-01-05 23:21:17'),
(20761, 20, 1, 7, 'Terca', 1, 12, 40, '2026-01-05 23:21:17'),
(20762, 20, 1, 7, 'Terca', 2, 12, 40, '2026-01-05 23:21:17'),
(20763, 20, 1, 7, 'Terca', 3, 3, 27, '2026-01-05 23:21:17'),
(20764, 20, 1, 7, 'Terca', 4, 4, 24, '2026-01-05 23:21:17'),
(20765, 20, 1, 7, 'Terca', 5, 20, 39, '2026-01-05 23:21:17'),
(20766, 20, 1, 7, 'Terca', 6, 20, 39, '2026-01-05 23:21:17'),
(20767, 20, 1, 7, 'Quarta', 1, 12, 40, '2026-01-05 23:21:17'),
(20768, 20, 1, 7, 'Quarta', 2, 11, 30, '2026-01-05 23:21:17'),
(20769, 20, 1, 7, 'Quarta', 3, 10, 30, '2026-01-05 23:21:17'),
(20770, 20, 1, 7, 'Quarta', 4, 7, 43, '2026-01-05 23:21:17'),
(20771, 20, 1, 7, 'Quarta', 6, 7, 43, '2026-01-05 23:21:17'),
(20772, 20, 1, 7, 'Quinta', 1, 18, 56, '2026-01-05 23:21:17'),
(20773, 20, 1, 7, 'Quinta', 2, 23, 38, '2026-01-05 23:21:17'),
(20774, 20, 1, 7, 'Quinta', 3, 7, 43, '2026-01-05 23:21:17'),
(20775, 20, 1, 7, 'Quinta', 4, 7, 43, '2026-01-05 23:21:17'),
(20776, 20, 1, 7, 'Quinta', 5, 13, 41, '2026-01-05 23:21:17'),
(20777, 20, 1, 7, 'Quinta', 6, 13, 41, '2026-01-05 23:21:17'),
(20778, 20, 1, 7, 'Sexta', 1, 12, 40, '2026-01-05 23:21:17'),
(20779, 20, 1, 7, 'Sexta', 2, 1, 32, '2026-01-05 23:21:17'),
(20780, 20, 1, 7, 'Sexta', 3, 21, 24, '2026-01-05 23:21:17'),
(20781, 20, 1, 7, 'Sexta', 4, 4, 24, '2026-01-05 23:21:17'),
(20782, 20, 1, 7, 'Sexta', 5, 4, 24, '2026-01-05 23:21:17'),
(20783, 20, 1, 7, 'Sexta', 6, 1, 32, '2026-01-05 23:21:17'),
(20784, 22, 1, 7, 'Segunda', 1, 7, 13, '2026-01-05 23:21:17'),
(20785, 22, 1, 7, 'Segunda', 2, 2, 35, '2026-01-05 23:21:17'),
(20786, 22, 1, 7, 'Segunda', 3, 7, 13, '2026-01-05 23:21:17'),
(20787, 22, 1, 7, 'Segunda', 4, 7, 13, '2026-01-05 23:21:17'),
(20788, 22, 1, 7, 'Segunda', 5, 2, 45, '2026-01-05 23:21:17'),
(20789, 22, 1, 7, 'Segunda', 6, 2, 7, '2026-01-05 23:21:17'),
(20790, 22, 1, 7, 'Terca', 1, 22, 28, '2026-01-05 23:21:17'),
(20791, 22, 1, 7, 'Terca', 2, 11, 24, '2026-01-05 23:21:17'),
(20792, 22, 1, 7, 'Terca', 3, 16, 25, '2026-01-05 23:21:17'),
(20793, 22, 1, 7, 'Terca', 4, 12, 5, '2026-01-05 23:21:17'),
(20794, 22, 1, 7, 'Terca', 5, 16, 25, '2026-01-05 23:21:17'),
(20795, 22, 1, 7, 'Terca', 6, 13, 26, '2026-01-05 23:21:17'),
(20796, 22, 1, 7, 'Quarta', 1, 4, 29, '2026-01-05 23:21:17'),
(20797, 22, 1, 7, 'Quarta', 2, 12, 5, '2026-01-05 23:21:17'),
(20798, 22, 1, 7, 'Quarta', 3, 4, 29, '2026-01-05 23:21:17'),
(20799, 22, 1, 7, 'Quarta', 4, 12, 5, '2026-01-05 23:21:17'),
(20800, 22, 1, 7, 'Quarta', 5, 2, 35, '2026-01-05 23:21:17'),
(20801, 22, 1, 7, 'Quarta', 6, 2, 35, '2026-01-05 23:21:17'),
(20802, 22, 1, 7, 'Quinta', 1, 12, 5, '2026-01-05 23:21:17'),
(20803, 22, 1, 7, 'Quinta', 3, 20, 25, '2026-01-05 23:21:17'),
(20804, 22, 1, 7, 'Quinta', 4, 20, 25, '2026-01-05 23:21:17'),
(20805, 22, 1, 7, 'Quinta', 5, 5, 36, '2026-01-05 23:21:17'),
(20806, 22, 1, 7, 'Quinta', 6, 5, 36, '2026-01-05 23:21:17'),
(20807, 22, 1, 7, 'Sexta', 1, 7, 43, '2026-01-05 23:21:17'),
(20808, 22, 1, 7, 'Sexta', 2, 2, 35, '2026-01-05 23:21:17'),
(20809, 22, 1, 7, 'Sexta', 3, 7, 43, '2026-01-05 23:21:17'),
(20810, 22, 1, 7, 'Sexta', 4, 13, 11, '2026-01-05 23:21:17'),
(20811, 22, 1, 7, 'Sexta', 5, 10, 30, '2026-01-05 23:21:17'),
(20812, 22, 1, 7, 'Sexta', 6, 12, 5, '2026-01-05 23:21:17'),
(20813, 24, 1, 7, 'Segunda', 1, 2, 35, '2026-01-05 23:21:17'),
(20814, 24, 1, 7, 'Segunda', 2, 7, 13, '2026-01-05 23:21:17'),
(20815, 24, 1, 7, 'Segunda', 3, 13, 35, '2026-01-05 23:21:17'),
(20816, 24, 1, 7, 'Segunda', 4, 12, 5, '2026-01-05 23:21:17'),
(20817, 24, 1, 7, 'Segunda', 5, 2, 7, '2026-01-05 23:21:17'),
(20818, 24, 1, 7, 'Terca', 1, 13, 26, '2026-01-05 23:21:17'),
(20819, 24, 1, 7, 'Terca', 2, 22, 28, '2026-01-05 23:21:17'),
(20820, 24, 1, 7, 'Terca', 3, 13, 26, '2026-01-05 23:21:17'),
(20821, 24, 1, 7, 'Terca', 4, 16, 25, '2026-01-05 23:21:17'),
(20822, 24, 1, 7, 'Terca', 5, 12, 5, '2026-01-05 23:21:17'),
(20823, 24, 1, 7, 'Terca', 6, 20, 25, '2026-01-05 23:21:17'),
(20824, 24, 1, 7, 'Quarta', 1, 12, 5, '2026-01-05 23:21:17'),
(20825, 24, 1, 7, 'Quarta', 2, 4, 29, '2026-01-05 23:21:17'),
(20826, 24, 1, 7, 'Quarta', 3, 12, 5, '2026-01-05 23:21:17'),
(20827, 24, 1, 7, 'Quarta', 4, 4, 29, '2026-01-05 23:21:17'),
(20828, 24, 1, 7, 'Quarta', 5, 2, 7, '2026-01-05 23:21:17'),
(20829, 24, 1, 7, 'Quarta', 6, 2, 7, '2026-01-05 23:21:17'),
(20830, 24, 1, 7, 'Quinta', 2, 12, 5, '2026-01-05 23:21:17'),
(20831, 24, 1, 7, 'Quinta', 3, 5, 36, '2026-01-05 23:21:17'),
(20832, 24, 1, 7, 'Quinta', 4, 5, 36, '2026-01-05 23:21:17'),
(20833, 24, 1, 7, 'Quinta', 5, 16, 25, '2026-01-05 23:21:17'),
(20834, 24, 1, 7, 'Quinta', 6, 20, 25, '2026-01-05 23:21:17'),
(20835, 24, 1, 7, 'Sexta', 1, 13, 11, '2026-01-05 23:21:17'),
(20836, 24, 1, 7, 'Sexta', 2, 7, 43, '2026-01-05 23:21:17'),
(20837, 24, 1, 7, 'Sexta', 3, 2, 35, '2026-01-05 23:21:17'),
(20838, 24, 1, 7, 'Sexta', 4, 13, 35, '2026-01-05 23:21:17'),
(20839, 24, 1, 7, 'Sexta', 6, 10, 30, '2026-01-05 23:21:17'),
(21988, 17, 1, 7, 'Segunda', 1, 3, 10, '2026-01-11 18:47:49'),
(21989, 17, 1, 7, 'Segunda', 2, 8, 58, '2026-01-11 18:47:49'),
(21990, 17, 1, 7, 'Segunda', 3, 17, 19, '2026-01-11 18:47:49'),
(21991, 17, 1, 7, 'Segunda', 4, 3, 10, '2026-01-11 18:47:49'),
(21992, 17, 1, 7, 'Segunda', 5, 8, 58, '2026-01-11 18:47:49'),
(21993, 17, 1, 7, 'Segunda', 6, 17, 19, '2026-01-11 18:47:49'),
(21994, 17, 1, 7, 'Terca', 1, 3, 10, '2026-01-11 18:47:49'),
(21995, 17, 1, 7, 'Terca', 2, 6, 8, '2026-01-11 18:47:49'),
(21996, 17, 1, 7, 'Terca', 3, 9, 57, '2026-01-11 18:47:49'),
(21997, 17, 1, 7, 'Terca', 4, 2, 2, '2026-01-11 18:47:49'),
(21998, 17, 1, 7, 'Terca', 5, 8, 58, '2026-01-11 18:47:49'),
(21999, 17, 1, 7, 'Terca', 6, 17, 19, '2026-01-11 18:47:49'),
(22000, 17, 1, 7, 'Quarta', 1, 2, 2, '2026-01-11 18:47:49'),
(22001, 17, 1, 7, 'Quarta', 2, 3, 10, '2026-01-11 18:47:49'),
(22002, 17, 1, 7, 'Quarta', 3, 4, 22, '2026-01-11 18:47:49'),
(22003, 17, 1, 7, 'Quarta', 4, 2, 2, '2026-01-11 18:47:49'),
(22004, 17, 1, 7, 'Quarta', 5, 16, 21, '2026-01-11 18:47:49'),
(22005, 17, 1, 7, 'Quarta', 6, 17, 19, '2026-01-11 18:47:49'),
(22006, 17, 1, 7, 'Quinta', 1, 18, 2, '2026-01-11 18:47:49'),
(22007, 17, 1, 7, 'Quinta', 2, 19, 15, '2026-01-11 18:47:49'),
(22008, 17, 1, 7, 'Quinta', 3, 9, 57, '2026-01-11 18:47:49'),
(22009, 17, 1, 7, 'Quinta', 4, 3, 10, '2026-01-11 18:47:49'),
(22010, 17, 1, 7, 'Quinta', 5, 2, 2, '2026-01-11 18:47:49'),
(22011, 17, 1, 7, 'Quinta', 6, 5, 6, '2026-01-11 18:47:49'),
(22012, 17, 1, 7, 'Sexta', 1, 16, 21, '2026-01-11 18:47:49'),
(22013, 17, 1, 7, 'Sexta', 2, 3, 10, '2026-01-11 18:47:49'),
(22014, 17, 1, 7, 'Sexta', 3, 2, 2, '2026-01-11 18:47:49'),
(22015, 17, 1, 7, 'Sexta', 4, 16, 21, '2026-01-11 18:47:49'),
(22016, 17, 1, 7, 'Sexta', 5, 2, 2, '2026-01-11 18:47:49'),
(22017, 17, 1, 7, 'Sexta', 6, 4, 22, '2026-01-11 18:47:49'),
(22018, 16, 1, 7, 'Segunda', 2, 17, 19, '2026-01-11 18:47:49'),
(22019, 16, 1, 7, 'Segunda', 3, 4, 22, '2026-01-11 18:47:49'),
(22020, 16, 1, 7, 'Segunda', 4, 8, 58, '2026-01-11 18:47:49'),
(22021, 16, 1, 7, 'Segunda', 5, 5, 6, '2026-01-11 18:47:49'),
(22022, 16, 1, 7, 'Segunda', 6, 16, 21, '2026-01-11 18:47:49'),
(22023, 16, 1, 7, 'Terca', 1, 2, 2, '2026-01-11 18:47:49'),
(22024, 16, 1, 7, 'Terca', 2, 3, 10, '2026-01-11 18:47:49'),
(22025, 16, 1, 7, 'Terca', 3, 9, 9, '2026-01-11 18:47:49'),
(22026, 16, 1, 7, 'Terca', 4, 3, 10, '2026-01-11 18:47:49'),
(22027, 16, 1, 7, 'Terca', 6, 2, 2, '2026-01-11 18:47:49'),
(22028, 16, 1, 7, 'Quarta', 2, 17, 19, '2026-01-11 18:47:49'),
(22029, 16, 1, 7, 'Quarta', 3, 5, 6, '2026-01-11 18:47:49'),
(22030, 16, 1, 7, 'Quarta', 4, 3, 10, '2026-01-11 18:47:49'),
(22031, 16, 1, 7, 'Quarta', 5, 17, 19, '2026-01-11 18:47:49'),
(22032, 16, 1, 7, 'Quarta', 6, 4, 22, '2026-01-11 18:47:49'),
(22033, 16, 1, 7, 'Quinta', 1, 18, 21, '2026-01-11 18:47:49'),
(22034, 16, 1, 7, 'Quinta', 2, 5, 6, '2026-01-11 18:47:49'),
(22035, 16, 1, 7, 'Quinta', 3, 9, 9, '2026-01-11 18:47:49'),
(22036, 16, 1, 7, 'Quinta', 4, 19, 15, '2026-01-11 18:47:49'),
(22037, 16, 1, 7, 'Quinta', 5, 3, 10, '2026-01-11 18:47:49'),
(22038, 16, 1, 7, 'Sexta', 1, 6, 8, '2026-01-11 18:47:49'),
(22039, 16, 1, 7, 'Sexta', 2, 2, 2, '2026-01-11 18:47:49'),
(22040, 16, 1, 7, 'Sexta', 4, 2, 2, '2026-01-11 18:47:49'),
(22041, 16, 1, 7, 'Sexta', 6, 8, 58, '2026-01-11 18:47:49'),
(22042, 14, 1, 7, 'Segunda', 1, 17, 19, '2026-01-11 18:47:49'),
(22043, 14, 1, 7, 'Segunda', 2, 3, 10, '2026-01-11 18:47:49'),
(22044, 14, 1, 7, 'Segunda', 3, 8, 16, '2026-01-11 18:47:49'),
(22045, 14, 1, 7, 'Segunda', 4, 17, 19, '2026-01-11 18:47:49'),
(22046, 14, 1, 7, 'Segunda', 5, 4, 22, '2026-01-11 18:47:49'),
(22047, 14, 1, 7, 'Terca', 1, 16, 21, '2026-01-11 18:47:49'),
(22048, 14, 1, 7, 'Terca', 2, 2, 2, '2026-01-11 18:47:49'),
(22049, 14, 1, 7, 'Terca', 3, 3, 10, '2026-01-11 18:47:49'),
(22050, 14, 1, 7, 'Terca', 4, 5, 6, '2026-01-11 18:47:49'),
(22051, 14, 1, 7, 'Terca', 5, 17, 19, '2026-01-11 18:47:49'),
(22052, 14, 1, 7, 'Terca', 6, 9, 57, '2026-01-11 18:47:49'),
(22053, 14, 1, 7, 'Quarta', 1, 17, 19, '2026-01-11 18:47:49'),
(22054, 14, 1, 7, 'Quarta', 2, 2, 2, '2026-01-11 18:47:49'),
(22055, 14, 1, 7, 'Quarta', 5, 2, 2, '2026-01-11 18:47:49'),
(22056, 14, 1, 7, 'Quarta', 6, 5, 6, '2026-01-11 18:47:49'),
(22057, 14, 1, 7, 'Quinta', 1, 18, 48, '2026-01-11 18:47:49'),
(22058, 14, 1, 7, 'Quinta', 3, 4, 22, '2026-01-11 18:47:49'),
(22059, 14, 1, 7, 'Quinta', 4, 9, 57, '2026-01-11 18:47:49'),
(22060, 14, 1, 7, 'Quinta', 6, 2, 2, '2026-01-11 18:47:49'),
(22061, 14, 1, 7, 'Sexta', 1, 3, 10, '2026-01-11 18:47:49'),
(22062, 14, 1, 7, 'Sexta', 2, 8, 16, '2026-01-11 18:47:49'),
(22063, 14, 1, 7, 'Sexta', 3, 3, 10, '2026-01-11 18:47:49'),
(22064, 14, 1, 7, 'Sexta', 4, 8, 16, '2026-01-11 18:47:49'),
(22065, 14, 1, 7, 'Sexta', 5, 4, 22, '2026-01-11 18:47:49'),
(22066, 15, 1, 7, 'Segunda', 1, 8, 16, '2026-01-11 18:47:49'),
(22067, 15, 1, 7, 'Segunda', 2, 4, 22, '2026-01-11 18:47:49'),
(22068, 15, 1, 7, 'Segunda', 3, 3, 10, '2026-01-11 18:47:49'),
(22069, 15, 1, 7, 'Segunda', 4, 4, 22, '2026-01-11 18:47:49'),
(22070, 15, 1, 7, 'Segunda', 5, 17, 19, '2026-01-11 18:47:49'),
(22071, 15, 1, 7, 'Segunda', 6, 5, 6, '2026-01-11 18:47:49'),
(22072, 15, 1, 7, 'Terca', 1, 17, 19, '2026-01-11 18:47:49'),
(22073, 15, 1, 7, 'Terca', 3, 2, 2, '2026-01-11 18:47:49'),
(22074, 15, 1, 7, 'Terca', 4, 17, 19, '2026-01-11 18:47:49'),
(22075, 15, 1, 7, 'Terca', 5, 2, 2, '2026-01-11 18:47:49'),
(22076, 15, 1, 7, 'Terca', 6, 9, 9, '2026-01-11 18:47:49'),
(22077, 15, 1, 7, 'Quarta', 1, 3, 10, '2026-01-11 18:47:49'),
(22078, 15, 1, 7, 'Quarta', 2, 16, 21, '2026-01-11 18:47:49'),
(22079, 15, 1, 7, 'Quarta', 3, 3, 10, '2026-01-11 18:47:49'),
(22080, 15, 1, 7, 'Quarta', 4, 17, 19, '2026-01-11 18:47:49'),
(22081, 15, 1, 7, 'Quarta', 5, 5, 6, '2026-01-11 18:47:49'),
(22082, 15, 1, 7, 'Quarta', 6, 8, 16, '2026-01-11 18:47:49'),
(22083, 15, 1, 7, 'Quinta', 1, 18, 49, '2026-01-11 18:47:49'),
(22084, 15, 1, 7, 'Quinta', 2, 2, 2, '2026-01-11 18:47:49'),
(22085, 15, 1, 7, 'Quinta', 3, 5, 6, '2026-01-11 18:47:49'),
(22086, 15, 1, 7, 'Quinta', 4, 9, 9, '2026-01-11 18:47:49'),
(22087, 15, 1, 7, 'Quinta', 5, 4, 22, '2026-01-11 18:47:49'),
(22088, 15, 1, 7, 'Quinta', 6, 3, 10, '2026-01-11 18:47:49'),
(22089, 15, 1, 7, 'Sexta', 1, 2, 2, '2026-01-11 18:47:49'),
(22090, 15, 1, 7, 'Sexta', 3, 19, 15, '2026-01-11 18:47:49'),
(22091, 15, 1, 7, 'Sexta', 4, 3, 10, '2026-01-11 18:47:49'),
(22092, 15, 1, 7, 'Sexta', 5, 8, 16, '2026-01-11 18:47:49'),
(22093, 15, 1, 7, 'Sexta', 6, 2, 2, '2026-01-11 18:47:49'),
(22094, 13, 1, 7, 'Segunda', 1, 4, 22, '2026-01-11 18:47:49'),
(22095, 13, 1, 7, 'Segunda', 2, 2, 14, '2026-01-11 18:47:49'),
(22096, 13, 1, 7, 'Segunda', 3, 5, 6, '2026-01-11 18:47:49'),
(22097, 13, 1, 7, 'Segunda', 4, 17, 21, '2026-01-11 18:47:49'),
(22098, 13, 1, 7, 'Segunda', 5, 2, 3, '2026-01-11 18:47:49'),
(22099, 13, 1, 7, 'Segunda', 6, 4, 22, '2026-01-11 18:47:49'),
(22100, 13, 1, 7, 'Terca', 1, 6, 8, '2026-01-11 18:47:49'),
(22101, 13, 1, 7, 'Terca', 2, 2, 14, '2026-01-11 18:47:49'),
(22102, 13, 1, 7, 'Terca', 3, 5, 6, '2026-01-11 18:47:49'),
(22103, 13, 1, 7, 'Terca', 4, 9, 57, '2026-01-11 18:47:49'),
(22104, 13, 1, 7, 'Terca', 5, 5, 6, '2026-01-11 18:47:49'),
(22105, 13, 1, 7, 'Terca', 6, 2, 14, '2026-01-11 18:47:49'),
(22106, 13, 1, 7, 'Quarta', 1, 2, 3, '2026-01-11 18:47:49'),
(22107, 13, 1, 7, 'Quarta', 2, 5, 6, '2026-01-11 18:47:49'),
(22108, 13, 1, 7, 'Quarta', 3, 8, 16, '2026-01-11 18:47:49'),
(22109, 13, 1, 7, 'Quarta', 4, 5, 6, '2026-01-11 18:47:49'),
(22110, 13, 1, 7, 'Quarta', 5, 2, 14, '2026-01-11 18:47:49'),
(22111, 13, 1, 7, 'Quarta', 6, 17, 21, '2026-01-11 18:47:49'),
(22112, 13, 1, 7, 'Quinta', 1, 18, 6, '2026-01-11 18:47:49'),
(22113, 13, 1, 7, 'Quinta', 2, 9, 57, '2026-01-11 18:47:49'),
(22114, 13, 1, 7, 'Quinta', 3, 17, 21, '2026-01-11 18:47:49'),
(22115, 13, 1, 7, 'Quinta', 4, 4, 22, '2026-01-11 18:47:49'),
(22116, 13, 1, 7, 'Quinta', 5, 17, 21, '2026-01-11 18:47:49'),
(22117, 13, 1, 7, 'Quinta', 6, 19, 15, '2026-01-11 18:47:49'),
(22118, 13, 1, 7, 'Sexta', 1, 8, 16, '2026-01-11 18:47:49'),
(22119, 13, 1, 7, 'Sexta', 2, 17, 21, '2026-01-11 18:47:49'),
(22120, 13, 1, 7, 'Sexta', 3, 3, 18, '2026-01-11 18:47:49'),
(22121, 13, 1, 7, 'Sexta', 4, 12, 23, '2026-01-11 18:47:49'),
(22122, 13, 1, 7, 'Sexta', 5, 17, 21, '2026-01-11 18:47:49'),
(22123, 13, 1, 7, 'Sexta', 6, 19, 15, '2026-01-11 18:47:49'),
(22124, 10, 1, 7, 'Segunda', 1, 17, 21, '2026-01-11 18:47:49'),
(22125, 10, 1, 7, 'Segunda', 2, 8, 16, '2026-01-11 18:47:49'),
(22126, 10, 1, 7, 'Segunda', 3, 16, 4, '2026-01-11 18:47:49'),
(22127, 10, 1, 7, 'Segunda', 4, 5, 6, '2026-01-11 18:47:49'),
(22128, 10, 1, 7, 'Segunda', 5, 16, 4, '2026-01-11 18:47:49'),
(22129, 10, 1, 7, 'Segunda', 6, 2, 14, '2026-01-11 18:47:49'),
(22130, 10, 1, 7, 'Terca', 2, 17, 21, '2026-01-11 18:47:49'),
(22131, 10, 1, 7, 'Terca', 3, 2, 14, '2026-01-11 18:47:49'),
(22132, 10, 1, 7, 'Terca', 4, 9, 9, '2026-01-11 18:47:49'),
(22133, 10, 1, 7, 'Terca', 5, 2, 3, '2026-01-11 18:47:49'),
(22134, 10, 1, 7, 'Terca', 6, 5, 6, '2026-01-11 18:47:49'),
(22135, 10, 1, 7, 'Quarta', 1, 17, 21, '2026-01-11 18:47:49'),
(22136, 10, 1, 7, 'Quarta', 2, 2, 3, '2026-01-11 18:47:49'),
(22137, 10, 1, 7, 'Quarta', 3, 17, 21, '2026-01-11 18:47:49'),
(22138, 10, 1, 7, 'Quarta', 4, 2, 14, '2026-01-11 18:47:49'),
(22139, 10, 1, 7, 'Quarta', 5, 4, 22, '2026-01-11 18:47:49'),
(22140, 10, 1, 7, 'Quarta', 6, 2, 3, '2026-01-11 18:47:49'),
(22141, 10, 1, 7, 'Quinta', 1, 18, 51, '2026-01-11 18:47:49'),
(22142, 10, 1, 7, 'Quinta', 2, 9, 9, '2026-01-11 18:47:49'),
(22143, 10, 1, 7, 'Quinta', 3, 3, 18, '2026-01-11 18:47:49'),
(22144, 10, 1, 7, 'Quinta', 4, 5, 6, '2026-01-11 18:47:49'),
(22145, 10, 1, 7, 'Quinta', 5, 3, 18, '2026-01-11 18:47:49'),
(22146, 10, 1, 7, 'Quinta', 6, 17, 21, '2026-01-11 18:47:49'),
(22147, 10, 1, 7, 'Sexta', 2, 4, 22, '2026-01-11 18:47:49'),
(22148, 10, 1, 7, 'Sexta', 4, 19, 15, '2026-01-11 18:47:49'),
(22149, 10, 1, 7, 'Sexta', 5, 6, 8, '2026-01-11 18:47:49'),
(22150, 10, 1, 7, 'Sexta', 6, 8, 16, '2026-01-11 18:47:49'),
(22151, 11, 1, 7, 'Segunda', 1, 2, 14, '2026-01-11 18:47:49'),
(22152, 11, 1, 7, 'Segunda', 2, 13, 17, '2026-01-11 18:47:49'),
(22153, 11, 1, 7, 'Segunda', 3, 2, 14, '2026-01-11 18:47:49'),
(22154, 11, 1, 7, 'Segunda', 4, 12, 23, '2026-01-11 18:47:49'),
(22155, 11, 1, 7, 'Segunda', 5, 13, 17, '2026-01-11 18:47:49'),
(22156, 11, 1, 7, 'Segunda', 6, 12, 23, '2026-01-11 18:47:49'),
(22157, 11, 1, 7, 'Terca', 1, 2, 14, '2026-01-11 18:47:49'),
(22158, 11, 1, 7, 'Terca', 2, 9, 57, '2026-01-11 18:47:49'),
(22159, 11, 1, 7, 'Terca', 3, 17, 21, '2026-01-11 18:47:49'),
(22160, 11, 1, 7, 'Terca', 4, 2, 14, '2026-01-11 18:47:49'),
(22161, 11, 1, 7, 'Terca', 5, 17, 21, '2026-01-11 18:47:49'),
(22162, 11, 1, 7, 'Terca', 6, 2, 3, '2026-01-11 18:47:49'),
(22163, 11, 1, 7, 'Quarta', 1, 4, 22, '2026-01-11 18:47:49'),
(22164, 11, 1, 7, 'Quarta', 2, 5, 12, '2026-01-11 18:47:49'),
(22165, 11, 1, 7, 'Quarta', 3, 2, 3, '2026-01-11 18:47:49'),
(22166, 11, 1, 7, 'Quarta', 4, 17, 21, '2026-01-11 18:47:49'),
(22167, 11, 1, 7, 'Quarta', 5, 5, 12, '2026-01-11 18:47:49'),
(22168, 11, 1, 7, 'Quarta', 6, 2, 14, '2026-01-11 18:47:49'),
(22169, 11, 1, 7, 'Quinta', 1, 18, 12, '2026-01-11 18:47:49'),
(22170, 11, 1, 7, 'Quinta', 2, 3, 20, '2026-01-11 18:47:49'),
(22171, 11, 1, 7, 'Quinta', 3, 5, 12, '2026-01-11 18:47:49'),
(22172, 11, 1, 7, 'Quinta', 4, 17, 21, '2026-01-11 18:47:49'),
(22173, 11, 1, 7, 'Quinta', 5, 9, 57, '2026-01-11 18:47:49'),
(22174, 11, 1, 7, 'Quinta', 6, 3, 20, '2026-01-11 18:47:49'),
(22175, 11, 1, 7, 'Sexta', 1, 4, 22, '2026-01-11 18:47:49'),
(22176, 11, 1, 7, 'Sexta', 2, 19, 15, '2026-01-11 18:47:49'),
(22177, 11, 1, 7, 'Sexta', 3, 6, 8, '2026-01-11 18:47:49'),
(22178, 11, 1, 7, 'Sexta', 4, 4, 22, '2026-01-11 18:47:49'),
(22179, 11, 1, 7, 'Sexta', 5, 19, 15, '2026-01-11 18:47:49'),
(22180, 11, 1, 7, 'Sexta', 6, 12, 23, '2026-01-11 18:47:49'),
(22181, 12, 1, 7, 'Segunda', 1, 13, 17, '2026-01-11 18:47:49'),
(22182, 12, 1, 7, 'Segunda', 2, 16, 4, '2026-01-11 18:47:49'),
(22183, 12, 1, 7, 'Segunda', 3, 17, 21, '2026-01-11 18:47:49'),
(22184, 12, 1, 7, 'Segunda', 4, 13, 17, '2026-01-11 18:47:49'),
(22185, 12, 1, 7, 'Segunda', 5, 12, 23, '2026-01-11 18:47:49'),
(22186, 12, 1, 7, 'Segunda', 6, 7, 16, '2026-01-11 18:47:49'),
(22187, 12, 1, 7, 'Terca', 1, 2, 3, '2026-01-11 18:47:49'),
(22188, 12, 1, 7, 'Terca', 2, 9, 9, '2026-01-11 18:47:49'),
(22189, 12, 1, 7, 'Terca', 3, 2, 3, '2026-01-11 18:47:49'),
(22190, 12, 1, 7, 'Terca', 4, 17, 21, '2026-01-11 18:47:49'),
(22191, 12, 1, 7, 'Terca', 5, 2, 14, '2026-01-11 18:47:49'),
(22192, 12, 1, 7, 'Terca', 6, 17, 21, '2026-01-11 18:47:49'),
(22193, 12, 1, 7, 'Quarta', 1, 5, 12, '2026-01-11 18:47:49'),
(22194, 12, 1, 7, 'Quarta', 2, 4, 22, '2026-01-11 18:47:49'),
(22195, 12, 1, 7, 'Quarta', 3, 2, 14, '2026-01-11 18:47:49'),
(22196, 12, 1, 7, 'Quarta', 4, 4, 22, '2026-01-11 18:47:49'),
(22197, 12, 1, 7, 'Quarta', 5, 2, 3, '2026-01-11 18:47:49'),
(22198, 12, 1, 7, 'Quarta', 6, 16, 4, '2026-01-11 18:47:49'),
(22199, 12, 1, 7, 'Quinta', 1, 18, 15, '2026-01-11 18:47:49'),
(22200, 12, 1, 7, 'Quinta', 2, 5, 12, '2026-01-11 18:47:49'),
(22201, 12, 1, 7, 'Quinta', 3, 3, 20, '2026-01-11 18:47:49'),
(22202, 12, 1, 7, 'Quinta', 4, 3, 20, '2026-01-11 18:47:49'),
(22203, 12, 1, 7, 'Quinta', 5, 9, 9, '2026-01-11 18:47:49'),
(22204, 12, 1, 7, 'Quinta', 6, 5, 12, '2026-01-11 18:47:49'),
(22205, 12, 1, 7, 'Sexta', 1, 19, 15, '2026-01-11 18:47:49'),
(22206, 12, 1, 7, 'Sexta', 2, 6, 8, '2026-01-11 18:47:49'),
(22207, 12, 1, 7, 'Sexta', 3, 4, 22, '2026-01-11 18:47:49'),
(22208, 12, 1, 7, 'Sexta', 4, 6, 8, '2026-01-11 18:47:49'),
(22209, 12, 1, 7, 'Sexta', 5, 12, 23, '2026-01-11 18:47:49'),
(22210, 12, 1, 7, 'Sexta', 6, 6, 8, '2026-01-11 18:47:49');

-- --------------------------------------------------------

--
-- Estrutura para tabela `horario_escolinha`
--

CREATE TABLE `horario_escolinha` (
  `id_horario_escolinha` int(11) NOT NULL,
  `id_ano_letivo` int(11) NOT NULL,
  `id_nivel_ensino` int(11) NOT NULL,
  `id_modalidade` int(11) NOT NULL,
  `id_categoria` int(11) NOT NULL,
  `id_professor` int(11) NOT NULL,
  `id_turno` int(11) NOT NULL,
  `dia_semana` enum('Domingo','Segunda','Terca','Quarta','Quinta','Sexta','Sabado') NOT NULL,
  `hora_inicio` time NOT NULL,
  `hora_fim` time NOT NULL,
  `data_cadastro` datetime DEFAULT current_timestamp()
) ENGINE=InnoDB DEFAULT CHARSET=utf8mb4 COLLATE=utf8mb4_general_ci;

--
-- Despejando dados para a tabela `horario_escolinha`
--

INSERT INTO `horario_escolinha` (`id_horario_escolinha`, `id_ano_letivo`, `id_nivel_ensino`, `id_modalidade`, `id_categoria`, `id_professor`, `id_turno`, `dia_semana`, `hora_inicio`, `hora_fim`, `data_cadastro`) VALUES
(2, 5, 8, 1, 1, 8, 2, 'Segunda', '18:10:00', '19:00:00', '2025-05-08 19:49:25'),
(3, 5, 8, 1, 1, 8, 2, 'Quarta', '18:10:00', '19:00:00', '2025-05-13 17:38:57'),
(6, 5, 8, 1, 4, 12, 2, 'Sexta', '18:10:00', '19:00:00', '2025-05-13 17:39:39'),
(7, 5, 8, 1, 3, 12, 2, 'Terca', '18:10:00', '19:00:00', '2025-05-13 17:40:31'),
(8, 5, 8, 1, 3, 12, 2, 'Quinta', '18:10:00', '19:00:00', '2025-05-13 17:40:39'),
(9, 5, 8, 1, 9, 12, 2, 'Segunda', '18:10:00', '19:00:00', '2025-05-13 17:58:27'),
(10, 5, 8, 1, 9, 12, 2, 'Quarta', '18:10:00', '19:00:00', '2025-05-13 17:58:33'),
(11, 5, 8, 1, 1, 8, 2, 'Sexta', '18:10:00', '19:00:00', '2025-05-13 17:59:39'),
(12, 5, 8, 2, 7, 10, 2, 'Segunda', '16:20:00', '17:10:00', '2025-05-13 18:02:46'),
(13, 5, 8, 2, 7, 10, 2, 'Quarta', '16:20:00', '17:10:00', '2025-05-13 18:02:51'),
(14, 5, 8, 2, 7, 10, 2, 'Sexta', '16:20:00', '17:10:00', '2025-05-13 18:02:51'),
(15, 5, 8, 2, 14, 10, 2, 'Terca', '16:20:00', '17:35:00', '2025-05-13 18:03:45'),
(16, 5, 8, 2, 14, 10, 2, 'Quinta', '15:30:00', '16:45:00', '2025-05-13 18:03:50'),
(17, 5, 8, 5, 2, 11, 2, 'Terca', '18:10:00', '19:00:00', '2025-05-13 18:06:57'),
(18, 5, 8, 5, 2, 11, 2, 'Quinta', '18:10:00', '19:00:00', '2025-05-13 18:07:02'),
(19, 5, 8, 3, 10, 11, 2, 'Quarta', '18:10:00', '19:00:00', '2025-05-13 18:09:39'),
(20, 5, 8, 3, 10, 11, 2, 'Sexta', '18:10:00', '19:00:00', '2025-05-13 18:09:44'),
(21, 5, 8, 1, 5, 9, 2, 'Terca', '13:30:00', '14:45:00', '2025-05-13 18:14:06'),
(22, 5, 8, 1, 5, 9, 2, 'Quinta', '13:30:00', '14:45:00', '2025-05-13 18:14:11'),
(23, 5, 8, 1, 6, 9, 2, 'Quarta', '15:30:00', '16:45:00', '2025-05-13 18:15:10'),
(24, 5, 8, 1, 6, 9, 2, 'Quinta', '16:20:00', '17:35:00', '2025-05-13 18:15:15'),
(25, 5, 8, 1, 4, 8, 2, 'Terca', '18:10:00', '19:00:00', '2025-05-13 18:19:54'),
(26, 5, 8, 1, 4, 8, 2, 'Quinta', '18:10:00', '19:00:00', '2025-05-13 18:19:59'),
(27, 5, 8, 3, 13, 8, 2, 'Segunda', '16:20:00', '17:35:00', '2025-05-13 18:23:11'),
(28, 5, 8, 3, 13, 8, 2, 'Quarta', '16:20:00', '17:35:00', '2025-05-13 18:23:18'),
(29, 5, 8, 3, 12, 8, 2, 'Terca', '15:30:00', '16:45:00', '2025-05-13 18:23:57'),
(30, 5, 8, 3, 12, 8, 2, 'Quinta', '15:30:00', '16:45:00', '2025-05-13 18:24:05'),
(31, 5, 8, 4, 11, 8, 2, 'Terca', '16:45:00', '18:05:00', '2025-05-13 18:24:37'),
(32, 5, 8, 4, 11, 8, 2, 'Quinta', '16:45:00', '18:05:00', '2025-05-13 18:24:46');

-- --------------------------------------------------------

--
-- Estrutura para tabela `horario_fixos`
--

CREATE TABLE `horario_fixos` (
  `id_horario_fixo` int(11) NOT NULL,
  `id_turma` int(11) NOT NULL,
  `dia_semana` enum('Segunda','Terca','Quarta','Quinta','Sexta','Sabado','Domingo') NOT NULL,
  `numero_aula` int(11) NOT NULL,
  `id_disciplina` int(11) DEFAULT NULL,
  `id_professor` int(11) DEFAULT NULL,
  `id_ano_letivo` int(11) NOT NULL,
  `created_at` timestamp NOT NULL DEFAULT current_timestamp()
) ENGINE=InnoDB DEFAULT CHARSET=utf8mb4 COLLATE=utf8mb4_general_ci;

-- --------------------------------------------------------

--
-- Estrutura para tabela `instituicao`
--

CREATE TABLE `instituicao` (
  `id_instituicao` int(11) NOT NULL,
  `nome_instituicao` varchar(255) NOT NULL,
  `cnpj_instituicao` varchar(18) NOT NULL,
  `endereco_instituicao` varchar(255) DEFAULT NULL,
  `telefone_instituicao` varchar(20) DEFAULT NULL,
  `email_instituicao` varchar(100) DEFAULT NULL,
  `data_cadastro_instituicao` datetime DEFAULT current_timestamp(),
  `imagem_instituicao` varchar(255) NOT NULL
) ENGINE=InnoDB DEFAULT CHARSET=utf8mb4 COLLATE=utf8mb4_general_ci;

--
-- Despejando dados para a tabela `instituicao`
--

INSERT INTO `instituicao` (`id_instituicao`, `nome_instituicao`, `cnpj_instituicao`, `endereco_instituicao`, `telefone_instituicao`, `email_instituicao`, `data_cadastro_instituicao`, `imagem_instituicao`) VALUES
(1, 'Colégio Mater Dei', '04.940.720/0001-98', 'Rua Professora Talita Bresolin, 1139', '(43) 3423-0500', 'secretaria@materdeiapucarana.com.br', '2025-02-07 22:52:00', 'http://localhost/horarios/app/assets/imgs/logo/1740345212_1740159747_LOGO MATER DEI.png');

-- --------------------------------------------------------

--
-- Estrutura para tabela `log_atividade`
--

CREATE TABLE `log_atividade` (
  `id_log` int(11) NOT NULL,
  `id_usuario` int(11) DEFAULT NULL,
  `nome_usuario` varchar(255) DEFAULT NULL,
  `ip_usuario` varchar(50) NOT NULL,
  `status_atividade` enum('sucesso_login','falha_login','acesso_negado_login','saida_sistema') NOT NULL,
  `data_hora_atividade` datetime DEFAULT current_timestamp()
) ENGINE=InnoDB DEFAULT CHARSET=utf8mb4 COLLATE=utf8mb4_general_ci;

--
-- Despejando dados para a tabela `log_atividade`
--

INSERT INTO `log_atividade` (`id_log`, `id_usuario`, `nome_usuario`, `ip_usuario`, `status_atividade`, `data_hora_atividade`) VALUES
(1, 1, 'Diezare.Conde', '::1', 'sucesso_login', '2025-03-13 21:16:47'),
(2, 1, 'Diezare.Conde', '::1', 'saida_sistema', '2025-03-13 22:41:49'),
(3, 1, 'Diezare.Conde', '::1', 'sucesso_login', '2025-03-13 23:53:45'),
(4, 1, 'Diezare.Conde', '::1', 'saida_sistema', '2025-03-14 00:02:59'),
(5, 1, 'Diezare.Conde', '::1', 'sucesso_login', '2025-03-14 00:03:11'),
(6, 1, 'Diezare.Conde', '::1', 'saida_sistema', '2025-03-14 00:06:20'),
(7, 1, 'Diezare.Conde', '::1', 'sucesso_login', '2025-03-14 19:22:58'),
(8, 1, 'Diezare.Conde', '::1', 'saida_sistema', '2025-03-14 23:16:52'),
(9, 1, 'Diezare.Conde', '::1', 'sucesso_login', '2025-03-14 23:17:08'),
(10, 1, 'Diezare.Conde', '::1', 'saida_sistema', '2025-03-14 23:17:13'),
(11, 1, 'Diezare.Conde', '::1', 'sucesso_login', '2025-03-14 23:17:20'),
(12, 1, 'Diezare.Conde', '::1', 'saida_sistema', '2025-03-14 23:28:17'),
(13, 1, 'Diezare.Conde', '::1', 'sucesso_login', '2025-03-16 22:13:36'),
(14, 1, 'Diezare.Conde', '::1', 'saida_sistema', '2025-03-16 22:20:46'),
(15, NULL, 'Desconhecido', '::1', 'acesso_negado_login', '2025-03-16 22:23:56'),
(16, 1, 'Diezare.Conde', '::1', 'sucesso_login', '2025-03-16 22:24:03'),
(17, 1, 'Diezare.Conde', '::1', 'saida_sistema', '2025-03-16 22:24:36'),
(18, NULL, 'Desconhecido', '::1', 'acesso_negado_login', '2025-03-16 22:24:51'),
(19, 1, 'Diezare.Conde', '::1', 'sucesso_login', '2025-03-16 22:25:13'),
(20, 1, 'Diezare.Conde', '::1', 'saida_sistema', '2025-03-16 22:25:23'),
(21, NULL, 'Desconhecido', '::1', 'acesso_negado_login', '2025-03-18 20:16:47'),
(22, 1, 'Diezare.Conde', '::1', 'sucesso_login', '2025-03-18 20:16:52'),
(23, 1, 'Diezare.Conde', '::1', 'sucesso_login', '2025-03-19 10:57:22'),
(24, 1, 'Diezare.Conde', '::1', 'saida_sistema', '2025-03-19 11:45:57'),
(25, 1, 'Diezare.Conde', '::1', 'sucesso_login', '2025-03-19 11:46:30'),
(26, 1, 'Diezare.Conde', '::1', 'saida_sistema', '2025-03-19 11:46:49'),
(27, 1, 'Diezare.Conde', '::1', 'sucesso_login', '2025-03-19 11:46:57'),
(28, 1, 'Diezare.Conde', '::1', 'saida_sistema', '2025-03-19 11:47:21'),
(29, 1, 'Diezare.Conde', '::1', 'sucesso_login', '2025-03-19 11:47:26'),
(30, NULL, 'Desconhecido', '::1', 'acesso_negado_login', '2025-03-19 17:15:30'),
(31, 1, 'Diezare.Conde', '::1', 'saida_sistema', '2025-03-19 17:28:39'),
(32, 1, 'Diezare.Conde', '::1', 'sucesso_login', '2025-03-19 17:28:45'),
(33, 1, 'Diezare.Conde', '::1', 'saida_sistema', '2025-03-19 17:40:01'),
(34, NULL, 'Desconhecido', '192.168.0.22', 'acesso_negado_login', '2025-03-20 10:53:11'),
(35, 1, 'Diezare.Conde', '192.168.0.22', 'sucesso_login', '2025-03-20 10:53:17'),
(36, 1, 'Diezare.Conde', '192.168.0.22', 'saida_sistema', '2025-03-20 11:06:59'),
(37, NULL, 'Desconhecido', '192.168.0.22', 'acesso_negado_login', '2025-03-20 11:07:01'),
(38, NULL, 'Desconhecido', '192.168.0.22', 'acesso_negado_login', '2025-03-20 17:59:44'),
(39, 1, 'Diezare.Conde', '192.168.0.22', 'sucesso_login', '2025-03-20 18:02:57'),
(40, NULL, 'Desconhecido', '192.168.0.22', 'acesso_negado_login', '2025-03-20 18:02:57'),
(41, 1, 'Diezare.Conde', '192.168.0.22', 'sucesso_login', '2025-03-20 18:03:06'),
(42, NULL, 'Desconhecido', '192.168.0.22', 'acesso_negado_login', '2025-03-20 18:03:06'),
(43, 1, 'Diezare.Conde', '192.168.0.22', 'sucesso_login', '2025-03-20 18:09:33'),
(44, NULL, 'Desconhecido', '192.168.0.22', 'acesso_negado_login', '2025-03-20 18:09:33'),
(45, 1, 'Diezare.Conde', '192.168.0.22', 'sucesso_login', '2025-03-20 18:11:47'),
(46, NULL, 'Desconhecido', '192.168.0.22', 'acesso_negado_login', '2025-03-20 18:11:47'),
(47, 1, 'Diezare.Conde', '192.168.0.22', 'sucesso_login', '2025-03-20 18:11:59'),
(48, NULL, 'Desconhecido', '192.168.0.22', 'acesso_negado_login', '2025-03-20 18:11:59'),
(49, 1, 'Diezare.Conde', '192.168.0.22', 'sucesso_login', '2025-03-20 18:13:45'),
(50, NULL, 'Desconhecido', '192.168.0.22', 'acesso_negado_login', '2025-03-20 18:13:45'),
(51, 1, 'Diezare.Conde', '192.168.0.22', 'sucesso_login', '2025-03-20 18:20:26'),
(52, NULL, 'Desconhecido', '192.168.0.22', 'acesso_negado_login', '2025-03-20 18:20:27'),
(53, 1, 'Diezare.Conde', '192.168.0.22', 'sucesso_login', '2025-03-20 18:20:41'),
(54, NULL, 'Desconhecido', '192.168.0.22', 'acesso_negado_login', '2025-03-20 20:11:23'),
(55, NULL, 'Desconhecido', '192.168.0.22', 'acesso_negado_login', '2025-03-20 20:11:23'),
(56, NULL, 'Desconhecido', '192.168.0.22', 'acesso_negado_login', '2025-03-20 20:11:23'),
(57, NULL, 'Desconhecido', '192.168.0.22', 'acesso_negado_login', '2025-03-20 20:11:32'),
(58, 1, 'Diezare.Conde', '192.168.0.22', 'sucesso_login', '2025-03-20 20:11:45'),
(59, 1, 'Diezare.Conde', '192.168.0.22', 'saida_sistema', '2025-03-20 20:28:12'),
(60, NULL, 'Desconhecido', '192.168.0.22', 'acesso_negado_login', '2025-03-21 17:01:12'),
(61, 1, 'Diezare.Conde', '192.168.0.22', 'sucesso_login', '2025-03-21 17:01:20'),
(62, 1, 'Diezare.Conde', '192.168.0.22', 'saida_sistema', '2025-03-21 17:08:11'),
(63, NULL, 'Desconhecido', '192.168.0.22', 'acesso_negado_login', '2025-03-24 17:22:22'),
(64, 1, 'Diezare.Conde', '192.168.0.22', 'sucesso_login', '2025-03-24 17:22:28'),
(65, 1, 'Diezare.Conde', '192.168.0.22', 'saida_sistema', '2025-03-24 17:24:54'),
(66, NULL, 'Desconhecido', '192.168.0.22', 'acesso_negado_login', '2025-03-24 19:21:51'),
(67, 1, 'Diezare.Conde', '192.168.0.22', 'sucesso_login', '2025-03-24 19:21:57'),
(68, 1, 'Diezare.Conde', '192.168.0.22', 'saida_sistema', '2025-03-24 19:36:37'),
(69, NULL, 'Desconhecido', '192.168.0.22', 'acesso_negado_login', '2025-03-24 20:15:40'),
(70, 1, 'Diezare.Conde', '192.168.0.22', 'sucesso_login', '2025-03-24 20:16:00'),
(71, NULL, 'Desconhecido', '192.168.0.22', 'acesso_negado_login', '2025-03-24 20:16:00'),
(72, 1, 'Diezare.Conde', '192.168.0.22', 'sucesso_login', '2025-03-24 20:16:10'),
(73, NULL, 'Desconhecido', '192.168.0.22', 'acesso_negado_login', '2025-03-24 20:16:10'),
(74, 1, 'Diezare.Conde', '192.168.0.22', 'sucesso_login', '2025-03-24 20:21:16'),
(75, 1, 'Diezare.Conde', '192.168.0.22', 'saida_sistema', '2025-03-24 20:37:59'),
(76, NULL, 'Desconhecido', '192.168.0.22', 'acesso_negado_login', '2025-03-26 20:29:00'),
(77, 1, 'Diezare.Conde', '192.168.0.22', 'sucesso_login', '2025-03-26 20:29:06'),
(78, 1, 'Diezare.Conde', '192.168.0.22', 'saida_sistema', '2025-03-26 20:41:06'),
(79, NULL, 'Desconhecido', '10.147.20.137', 'acesso_negado_login', '2025-03-26 22:11:13'),
(80, 1, 'Diezare.Conde', '10.147.20.137', 'sucesso_login', '2025-03-26 22:11:18'),
(81, 1, 'Diezare.Conde', '10.147.20.137', 'saida_sistema', '2025-03-26 22:14:36'),
(82, NULL, 'Desconhecido', '192.168.0.22', 'acesso_negado_login', '2025-03-27 12:48:04'),
(83, 1, 'Diezare.Conde', '192.168.0.22', 'sucesso_login', '2025-03-27 12:48:12'),
(84, NULL, 'Desconhecido', '192.168.0.22', 'acesso_negado_login', '2025-03-27 14:01:57'),
(85, 1, 'Diezare.Conde', '192.168.0.22', 'sucesso_login', '2025-03-27 14:20:14'),
(86, NULL, 'Desconhecido', '192.168.0.22', 'acesso_negado_login', '2025-03-27 15:48:58'),
(87, 1, 'Diezare.Conde', '192.168.0.22', 'falha_login', '2025-03-27 17:32:21'),
(88, 1, 'Diezare.Conde', '192.168.0.22', 'falha_login', '2025-03-27 17:32:27'),
(89, NULL, 'Desconhecido', '192.168.0.22', 'acesso_negado_login', '2025-03-27 17:57:45'),
(90, NULL, 'dsad', '192.168.0.22', 'acesso_negado_login', '2025-03-27 17:57:50'),
(91, NULL, 'sadsa', '192.168.0.22', 'acesso_negado_login', '2025-03-27 17:57:59'),
(92, NULL, 'sadsa', '192.168.0.22', 'acesso_negado_login', '2025-03-27 17:59:04'),
(93, NULL, 'sadsa', '192.168.0.22', 'acesso_negado_login', '2025-03-27 17:59:10'),
(94, NULL, 'sadsa', '192.168.0.22', 'acesso_negado_login', '2025-03-27 19:02:35'),
(95, NULL, 'Desconhecido', '192.168.0.22', 'acesso_negado_login', '2025-03-28 16:55:11'),
(96, NULL, 'Desconhecido', '192.168.0.22', 'acesso_negado_login', '2025-03-28 16:55:23'),
(97, 1, 'Diezare.Conde', '192.168.0.22', 'sucesso_login', '2025-03-28 16:55:29'),
(98, 1, 'Diezare.Conde', '192.168.0.22', 'saida_sistema', '2025-03-28 17:15:01'),
(99, NULL, 'Desconhecido', '192.168.0.22', 'acesso_negado_login', '2025-03-28 17:51:04'),
(100, NULL, 'Desconhecido', '192.168.0.22', 'acesso_negado_login', '2025-03-31 20:30:10'),
(101, NULL, 'Desconhecido', '192.168.0.22', 'acesso_negado_login', '2025-04-01 10:39:20'),
(102, 1, 'Diezare.Conde', '192.168.0.22', 'sucesso_login', '2025-04-01 10:39:26'),
(103, 1, 'Diezare.Conde', '192.168.0.22', 'saida_sistema', '2025-04-01 10:42:01'),
(104, NULL, 'Desconhecido', '192.168.0.22', 'acesso_negado_login', '2025-04-03 14:12:04'),
(105, 1, 'Diezare.Conde', '192.168.0.22', 'sucesso_login', '2025-04-03 14:12:12'),
(106, 1, 'Diezare.Conde', '192.168.0.22', 'saida_sistema', '2025-04-03 14:28:36'),
(107, NULL, 'Desconhecido', '192.168.0.22', 'acesso_negado_login', '2025-04-07 13:03:30'),
(108, NULL, 'Desconhecido', '192.168.0.22', 'acesso_negado_login', '2025-04-07 18:51:03'),
(109, NULL, 'Desconhecido', '192.168.0.22', 'acesso_negado_login', '2025-04-11 13:33:20'),
(110, 1, 'Diezare.Conde', '10.147.20.137', 'sucesso_login', '2025-04-28 23:21:31'),
(111, 1, 'Diezare.Conde', '10.147.20.137', 'sucesso_login', '2025-04-28 23:21:31'),
(112, 1, 'Diezare.Conde', '10.147.20.137', 'sucesso_login', '2025-04-28 23:21:32'),
(113, 1, 'Diezare.Conde', '10.147.20.137', 'sucesso_login', '2025-04-28 23:21:32'),
(114, 1, 'Diezare.Conde', '10.147.20.137', 'sucesso_login', '2025-04-28 23:21:32'),
(115, 1, 'Diezare.Conde', '10.147.20.137', 'sucesso_login', '2025-04-28 23:21:34'),
(116, 1, 'Diezare.Conde', '10.147.20.137', 'saida_sistema', '2025-04-28 23:21:50'),
(117, 1, 'Diezare.Conde', '10.147.20.137', 'sucesso_login', '2025-04-28 23:21:58'),
(118, 1, 'Diezare.Conde', '10.147.20.137', 'saida_sistema', '2025-04-28 23:22:05'),
(119, 1, 'Diezare.Conde', '10.147.20.137', 'sucesso_login', '2025-04-28 23:39:22'),
(120, 1, 'Diezare.Conde', '10.147.20.137', 'sucesso_login', '2025-04-28 23:39:31'),
(121, 1, 'Diezare.Conde', '10.147.20.137', 'sucesso_login', '2025-04-28 23:39:38'),
(122, 1, 'Diezare.Conde', '10.147.20.137', 'sucesso_login', '2025-04-28 23:42:31'),
(123, 1, 'Diezare.Conde', '10.147.20.137', 'sucesso_login', '2025-04-28 23:43:04'),
(124, 1, 'Diezare.Conde', '10.147.20.137', 'saida_sistema', '2025-04-28 23:43:32'),
(125, 1, 'Diezare.Conde', '10.147.20.137', 'sucesso_login', '2025-04-28 23:43:41'),
(126, 1, 'Diezare.Conde', '10.147.20.137', 'saida_sistema', '2025-04-28 23:44:20'),
(127, 1, 'Diezare.Conde', '10.147.20.137', 'falha_login', '2025-04-28 23:44:29'),
(128, NULL, 'DIez4re.COnde', '10.147.20.137', 'acesso_negado_login', '2025-04-28 23:44:36'),
(129, 1, 'Diezare.Conde', '10.147.20.137', 'sucesso_login', '2025-04-29 01:25:35'),
(130, 1, 'Diezare.Conde', '10.147.20.137', 'sucesso_login', '2025-04-29 01:28:45'),
(131, 1, 'Diezare.Conde', '10.147.20.137', 'sucesso_login', '2025-04-29 01:28:59'),
(132, 1, 'Diezare.Conde', '10.147.20.137', 'sucesso_login', '2025-04-29 01:36:12'),
(133, NULL, 'Diezare.COnde', '10.147.20.137', 'acesso_negado_login', '2025-04-29 01:39:40'),
(134, NULL, 'Diezare.COnde', '10.147.20.137', 'acesso_negado_login', '2025-04-29 01:42:04'),
(135, NULL, 'Diezare.COnde', '10.147.20.137', 'acesso_negado_login', '2025-04-29 01:46:10'),
(136, 1, 'Diezare.Conde', '10.147.20.137', 'sucesso_login', '2025-04-29 01:46:59'),
(137, 1, 'Diezare.Conde', '10.147.20.137', 'sucesso_login', '2025-04-29 01:48:02'),
(138, 1, 'Diezare.Conde', '10.147.20.137', 'sucesso_login', '2025-04-29 01:48:18'),
(139, 1, 'Diezare.Conde', '10.147.20.137', 'sucesso_login', '2025-04-29 01:48:42'),
(140, NULL, 'Diezare.COnde', '10.147.20.137', 'acesso_negado_login', '2025-04-29 01:48:48'),
(141, NULL, 'Diezare.COnde', '10.147.20.137', 'acesso_negado_login', '2025-04-29 01:49:04'),
(142, NULL, 'Diezare.COnde', '10.147.20.137', 'acesso_negado_login', '2025-04-29 01:49:55'),
(143, NULL, 'Diezare.COnde', '10.147.20.137', 'acesso_negado_login', '2025-04-29 01:50:09'),
(144, 1, 'Diezare.Conde', '10.147.20.137', 'sucesso_login', '2025-04-29 01:50:27'),
(145, NULL, 'Diezare.COnde', '10.147.20.137', 'acesso_negado_login', '2025-04-29 01:50:31'),
(146, 1, 'Diezare.Conde', '10.147.20.137', 'sucesso_login', '2025-04-29 01:51:35'),
(147, NULL, 'Diezare.COnde', '10.147.20.137', 'acesso_negado_login', '2025-04-29 01:51:39'),
(148, NULL, 'Desconhecido', '10.147.20.137', 'acesso_negado_login', '2025-04-29 01:52:01'),
(149, 1, 'Diezare.Conde', '10.147.20.137', 'sucesso_login', '2025-04-29 01:52:49'),
(150, NULL, 'Diezare.COnde', '10.147.20.137', 'acesso_negado_login', '2025-04-29 01:52:54'),
(151, NULL, 'Diezare.COnde', '10.147.20.137', 'acesso_negado_login', '2025-04-29 01:53:12'),
(152, 1, 'Diezare.Conde', '10.147.20.137', 'sucesso_login', '2025-04-29 01:53:21'),
(153, NULL, 'Diezare.COnde', '10.147.20.137', 'acesso_negado_login', '2025-04-29 01:53:25'),
(154, NULL, 'Desconhecido', '10.147.20.144', 'acesso_negado_login', '2025-04-29 19:45:52'),
(155, NULL, 'Desconhecido', '10.147.20.144', 'acesso_negado_login', '2025-04-30 21:37:04'),
(156, 1, 'Diezare.Conde', '10.147.20.144', 'sucesso_login', '2025-05-02 22:29:01'),
(157, NULL, 'Desconhecido', '192.168.0.22', 'acesso_negado_login', '2025-05-05 16:46:58'),
(158, 1, 'Diezare.Conde', '192.168.0.22', 'sucesso_login', '2025-05-05 16:47:05'),
(159, 1, 'Diezare.Conde', '192.168.0.22', 'saida_sistema', '2025-05-05 17:22:44'),
(160, NULL, 'Desconhecido', '10.147.20.144', 'acesso_negado_login', '2025-05-06 01:14:20'),
(161, NULL, 'Diezare.CondE', '10.147.20.144', 'acesso_negado_login', '2025-05-06 01:14:27'),
(162, NULL, 'Desconhecido', '192.168.0.27', 'acesso_negado_login', '2025-05-08 19:28:58'),
(163, 1, 'Diezare.Conde', '192.168.0.27', 'sucesso_login', '2025-05-08 19:29:12'),
(164, 1, 'Diezare.Conde', '192.168.0.27', 'saida_sistema', '2025-05-08 19:30:50'),
(165, 2, 'Eduardo', '192.168.0.27', 'sucesso_login', '2025-05-08 19:31:04'),
(166, NULL, 'Desconhecido', '192.168.0.22', 'acesso_negado_login', '2025-05-08 19:52:33'),
(167, 1, 'Diezare.Conde', '192.168.0.22', 'sucesso_login', '2025-05-08 19:52:44'),
(168, NULL, 'dudi@local.com', '192.168.0.27', 'acesso_negado_login', '2025-05-08 22:23:07'),
(169, 2, 'Eduardo', '192.168.0.27', 'sucesso_login', '2025-05-08 22:23:15'),
(170, NULL, 'Desconhecido', '192.168.0.22', 'acesso_negado_login', '2025-05-12 13:41:42'),
(171, 2, 'Eduardo', '192.168.0.27', 'sucesso_login', '2025-05-13 17:37:14'),
(172, NULL, 'Desconhecido', '192.168.0.22', 'acesso_negado_login', '2025-05-13 19:01:02'),
(173, 1, 'Diezare.Conde', '192.168.0.22', 'sucesso_login', '2025-05-13 19:01:08'),
(174, 1, 'Diezare.Conde', '192.168.0.22', 'saida_sistema', '2025-05-13 20:27:46'),
(175, NULL, 'Desconhecido', '10.147.20.144', 'acesso_negado_login', '2025-05-13 22:44:01'),
(176, NULL, 'Diezare.CondE', '10.147.20.144', 'acesso_negado_login', '2025-05-13 22:44:07'),
(177, NULL, 'Desconhecido', '10.147.20.144', 'acesso_negado_login', '2025-05-14 01:23:57'),
(178, 1, 'Diezare.Conde', '10.147.20.144', 'sucesso_login', '2025-05-14 01:29:23'),
(179, 1, 'Diezare.Conde', '10.147.20.144', 'saida_sistema', '2025-05-14 01:52:49'),
(180, NULL, 'Desconhecido', '192.168.0.22', 'acesso_negado_login', '2025-05-14 10:21:43'),
(181, 1, 'Diezare.Conde', '192.168.0.22', 'sucesso_login', '2025-05-14 10:21:52'),
(182, NULL, 'Desconhecido', '192.168.0.22', 'acesso_negado_login', '2025-05-14 11:29:09'),
(183, 1, 'Diezare.Conde', '192.168.0.22', 'sucesso_login', '2025-05-14 11:29:16'),
(184, 1, 'Diezare.Conde', '192.168.0.22', 'saida_sistema', '2025-05-14 11:34:40'),
(185, NULL, 'Desconhecido', '192.168.0.22', 'acesso_negado_login', '2025-05-14 12:04:22'),
(186, NULL, 'Desconhecido', '192.168.0.22', 'acesso_negado_login', '2025-05-14 12:04:23'),
(187, 1, 'Diezare.Conde', '192.168.0.22', 'sucesso_login', '2025-05-14 12:04:29'),
(188, NULL, 'Desconhecido', '192.168.0.22', 'acesso_negado_login', '2025-05-14 16:27:11'),
(189, 1, 'Diezare.Conde', '192.168.0.22', 'sucesso_login', '2025-05-14 16:27:18'),
(190, NULL, 'Desconhecido', '192.168.0.22', 'saida_sistema', '2025-05-14 19:45:38'),
(191, 2, 'Eduardo', '192.168.0.27', 'sucesso_login', '2025-05-15 20:36:42'),
(192, NULL, 'Desconhecido', '192.168.0.22', 'acesso_negado_login', '2025-05-16 16:09:09'),
(193, NULL, 'Desconhecido', '192.168.0.22', 'acesso_negado_login', '2025-05-23 16:37:59'),
(194, 1, 'Diezare.Conde', '192.168.0.22', 'sucesso_login', '2025-05-23 16:38:06'),
(195, NULL, 'Desconhecido', '192.168.0.22', 'acesso_negado_login', '2025-05-23 18:48:08'),
(196, 1, 'Diezare.Conde', '192.168.0.22', 'sucesso_login', '2025-05-23 18:48:22'),
(197, 1, 'Diezare.Conde', '192.168.0.22', 'saida_sistema', '2025-05-23 18:55:09'),
(198, NULL, 'dudi@local.com', '192.168.0.27', 'acesso_negado_login', '2025-06-03 16:28:28'),
(199, NULL, 'eduardo', '192.168.0.27', 'acesso_negado_login', '2025-06-03 16:28:43'),
(200, NULL, 'dudi', '192.168.0.27', 'acesso_negado_login', '2025-06-03 16:28:55'),
(201, NULL, 'dudi@local.com', '192.168.0.27', 'acesso_negado_login', '2025-06-03 16:29:57'),
(202, 2, 'Eduardo', '192.168.0.27', 'sucesso_login', '2025-06-03 16:30:18'),
(203, NULL, 'Desconhecido', '192.168.0.22', 'acesso_negado_login', '2025-06-03 17:48:05'),
(204, 1, 'Diezare.Conde', '192.168.0.22', 'sucesso_login', '2025-06-03 17:48:11'),
(205, NULL, 'Desconhecido', '192.168.0.22', 'saida_sistema', '2025-06-03 19:00:53'),
(206, NULL, 'Desconhecido', '192.168.0.22', 'acesso_negado_login', '2025-06-04 14:49:04'),
(207, 1, 'Diezare.Conde', '192.168.0.22', 'sucesso_login', '2025-06-04 14:49:12'),
(208, 1, 'Diezare.Conde', '192.168.0.22', 'saida_sistema', '2025-06-04 14:54:45'),
(209, 2, 'Eduardo', '192.168.0.27', 'sucesso_login', '2025-06-04 16:38:32'),
(210, NULL, 'Desconhecido', '192.168.0.22', 'acesso_negado_login', '2025-06-04 17:13:32'),
(211, 1, 'Diezare.Conde', '192.168.0.22', 'sucesso_login', '2025-06-04 17:13:39'),
(212, 1, 'Diezare.Conde', '192.168.0.22', 'saida_sistema', '2025-06-04 17:19:32'),
(213, NULL, 'Desconhecido', '192.168.0.27', 'acesso_negado_login', '2025-06-04 18:31:23'),
(214, NULL, 'Desconhecido', '192.168.0.27', 'acesso_negado_login', '2025-06-04 18:31:23'),
(215, NULL, 'Desconhecido', '192.168.0.27', 'acesso_negado_login', '2025-06-04 18:31:24'),
(216, NULL, 'Desconhecido', '192.168.0.27', 'acesso_negado_login', '2025-06-04 18:31:33'),
(217, NULL, 'Desconhecido', '192.168.0.27', 'acesso_negado_login', '2025-06-04 18:31:33'),
(218, NULL, 'Desconhecido', '192.168.0.27', 'acesso_negado_login', '2025-06-04 18:31:33'),
(219, NULL, 'Desconhecido', '192.168.0.27', 'acesso_negado_login', '2025-06-04 18:31:46'),
(220, NULL, 'Desconhecido', '192.168.0.27', 'acesso_negado_login', '2025-06-04 18:31:46'),
(221, NULL, 'Desconhecido', '192.168.0.27', 'acesso_negado_login', '2025-06-04 18:31:46'),
(222, NULL, 'Desconhecido', '192.168.0.27', 'acesso_negado_login', '2025-06-04 18:31:58'),
(223, NULL, 'Desconhecido', '192.168.0.27', 'acesso_negado_login', '2025-06-04 18:31:58'),
(224, NULL, 'Desconhecido', '192.168.0.27', 'acesso_negado_login', '2025-06-04 18:31:58'),
(225, 2, 'Eduardo', '192.168.0.27', 'sucesso_login', '2025-06-04 18:32:43'),
(226, NULL, 'Desconhecido', '192.168.0.22', 'acesso_negado_login', '2025-06-06 13:17:17'),
(227, 1, 'Diezare.Conde', '192.168.0.22', 'sucesso_login', '2025-06-06 13:17:23'),
(228, NULL, 'Desconhecido', '192.168.0.22', 'acesso_negado_login', '2025-06-06 16:52:08'),
(229, 1, 'Diezare.Conde', '192.168.0.22', 'sucesso_login', '2025-06-06 16:52:14'),
(230, NULL, 'Desconhecido', '192.168.0.22', 'acesso_negado_login', '2025-06-06 20:13:47'),
(231, 1, 'Diezare.Conde', '192.168.0.22', 'sucesso_login', '2025-06-09 14:08:20'),
(232, 1, 'Diezare.Conde', '192.168.0.22', 'saida_sistema', '2025-06-09 14:19:57'),
(233, NULL, 'Desconhecido', '192.168.0.22', 'acesso_negado_login', '2025-06-09 19:57:40'),
(234, 1, 'Diezare.Conde', '192.168.0.22', 'sucesso_login', '2025-06-09 19:57:48'),
(235, 1, 'Diezare.Conde', '192.168.0.22', 'saida_sistema', '2025-06-09 20:00:55'),
(236, NULL, 'Desconhecido', '192.168.0.22', 'acesso_negado_login', '2025-06-11 10:33:59'),
(237, 1, 'Diezare.Conde', '192.168.0.22', 'sucesso_login', '2025-06-11 10:34:14'),
(238, NULL, 'Desconhecido', '192.168.0.22', 'saida_sistema', '2025-06-11 11:53:35'),
(239, NULL, 'Desconhecido', '10.147.20.144', 'acesso_negado_login', '2025-06-15 21:31:05'),
(240, NULL, 'Desconhecido', '192.168.0.22', 'acesso_negado_login', '2025-07-08 17:47:38'),
(241, NULL, 'Desconhecido', '10.147.20.144', 'acesso_negado_login', '2025-07-09 01:28:51'),
(242, NULL, 'Desconhecido', '10.147.20.144', 'acesso_negado_login', '2025-07-21 21:42:11'),
(243, 1, 'Diezare.Conde', '192.168.0.22', 'sucesso_login', '2025-09-23 18:11:29'),
(244, 1, 'Diezare.Conde', '192.168.0.22', 'saida_sistema', '2025-09-23 19:23:07'),
(245, 1, 'Diezare.Conde', '192.168.0.22', 'sucesso_login', '2025-10-03 16:43:41'),
(246, 1, 'Diezare.Conde', '192.168.0.22', 'saida_sistema', '2025-10-03 16:44:01'),
(247, 1, 'Diezare.Conde', '192.168.0.22', 'sucesso_login', '2025-10-03 16:52:54'),
(248, NULL, 'Desconhecido', '192.168.0.22', 'saida_sistema', '2025-10-03 20:01:57'),
(249, 1, 'Diezare.Conde', '192.168.0.22', 'sucesso_login', '2025-10-06 10:49:59'),
(250, NULL, 'Desconhecido', '192.168.0.22', 'saida_sistema', '2025-10-06 12:34:13'),
(251, NULL, 'Desconhecido', '192.168.0.146', 'acesso_negado_login', '2025-10-22 13:16:39'),
(252, NULL, 'Diézare.Conde', '192.168.0.146', 'acesso_negado_login', '2025-10-22 13:17:03'),
(253, 1, 'Diezare.Conde', '192.168.0.146', 'sucesso_login', '2025-10-22 13:17:10'),
(254, 1, 'Diezare.Conde', '192.168.0.146', 'saida_sistema', '2025-10-22 13:45:59'),
(255, NULL, 'Desconhecido', '192.168.0.146', 'acesso_negado_login', '2025-10-22 13:46:17'),
(256, 1, 'Diezare.Conde', '192.168.0.146', 'sucesso_login', '2025-10-22 13:46:33'),
(257, 1, 'Diezare.Conde', '192.168.0.146', 'saida_sistema', '2025-10-22 14:11:22'),
(258, 1, 'Diezare.Conde', '192.168.0.146', 'sucesso_login', '2025-10-22 14:11:42'),
(259, NULL, 'Desconhecido', '192.168.0.146', 'acesso_negado_login', '2025-10-23 17:34:05'),
(260, 1, 'Diezare.Conde', '192.168.0.146', 'sucesso_login', '2025-10-23 17:34:19'),
(261, 1, 'Diezare.Conde', '192.168.0.146', 'saida_sistema', '2025-10-23 17:35:41'),
(262, NULL, 'adsd', '192.168.0.22', 'acesso_negado_login', '2025-10-23 19:08:53'),
(263, 1, 'Diezare.Conde', '189.39.108.218', 'sucesso_login', '2025-10-23 21:55:45'),
(264, 1, 'Diezare.Conde', '189.39.108.218', 'sucesso_login', '2025-10-23 22:00:09'),
(265, 1, 'Diezare.Conde', '189.39.108.218', 'saida_sistema', '2025-10-23 22:00:32'),
(266, NULL, 'SemUsuario', '189.39.108.218', 'falha_login', '2025-10-23 22:02:08'),
(267, NULL, 'SemUsuario', '189.39.108.218', 'falha_login', '2025-10-23 22:02:11'),
(268, NULL, 'SemUsuario', '189.39.108.218', 'falha_login', '2025-10-23 22:02:14'),
(269, NULL, 'SemUsuario', '201.22.74.22', 'falha_login', '2025-10-24 11:00:45'),
(270, NULL, 'SemUsuario', '201.22.74.22', 'falha_login', '2025-10-24 11:00:47'),
(271, NULL, 'd', '189.85.155.90', 'acesso_negado_login', '2025-10-26 20:12:00'),
(272, 1, 'Diezare.Conde', '189.85.155.90', 'sucesso_login', '2025-10-26 20:13:24'),
(273, 1, 'Diezare.Conde', '189.85.155.90', 'saida_sistema', '2025-10-26 20:28:32'),
(274, 1, 'Diezare.Conde', '201.22.74.22', 'sucesso_login', '2025-10-27 07:36:24'),
(275, 1, 'Diezare.Conde', '201.22.74.22', 'sucesso_login', '2025-10-27 07:54:54'),
(276, 1, 'Diezare.Conde', '189.85.155.90', 'sucesso_login', '2025-10-28 22:13:24'),
(277, 1, 'Diezare.Conde', '189.85.155.90', 'saida_sistema', '2025-10-28 22:19:21'),
(278, NULL, 'ZAP', '201.22.74.22', 'acesso_negado_login', '2025-10-29 09:36:55'),
(279, 1, 'Diezare.Conde', '201.22.74.22', 'sucesso_login', '2025-10-29 10:59:06'),
(280, 1, 'Diezare.Conde', '201.22.74.22', 'saida_sistema', '2025-10-29 11:02:13'),
(281, 1, 'Diezare.Conde', '201.22.74.22', 'sucesso_login', '2025-10-29 11:02:24'),
(282, 1, 'Diezare.Conde', '201.22.74.22', 'saida_sistema', '2025-10-29 11:02:57'),
(283, 1, 'Diezare.Conde', '201.22.74.22', 'sucesso_login', '2025-10-29 11:04:13'),
(284, 1, 'Diezare.Conde', '201.22.74.22', 'saida_sistema', '2025-10-29 11:12:40'),
(285, 1, 'Diezare.Conde', '201.22.74.22', 'sucesso_login', '2025-10-29 11:18:39'),
(286, NULL, 'Diezare.COnde', '201.22.74.22', 'acesso_negado_login', '2025-10-29 11:40:39'),
(287, 1, 'Diezare.Conde', '201.22.74.22', 'sucesso_login', '2025-10-29 11:40:44'),
(288, NULL, 'Desconhecido', '201.22.74.22', 'saida_sistema', '2025-10-29 13:32:57'),
(289, NULL, 'Desconhecido', '201.22.74.22', 'saida_sistema', '2025-10-29 13:34:15'),
(290, 1, 'Diezare.Conde', '201.22.74.22', 'sucesso_login', '2025-10-29 15:05:20'),
(291, 1, 'Diezare.Conde', '201.22.74.22', 'saida_sistema', '2025-10-29 15:28:17'),
(292, NULL, 'ZAP', '201.22.74.22', 'acesso_negado_login', '2025-10-29 15:28:27'),
(293, NULL, 'SemUsuario', '201.22.74.22', 'falha_login', '2025-10-29 15:29:24'),
(294, NULL, 'SemUsuario', '189.85.155.90', 'falha_login', '2025-10-29 21:50:43'),
(295, NULL, 'V', '189.85.155.90', 'acesso_negado_login', '2025-10-29 21:50:51'),
(296, NULL, 'SemUsuario', '189.85.155.90', 'falha_login', '2025-10-29 21:51:11'),
(297, 1, 'Diezare.Conde', '189.85.155.90', 'sucesso_login', '2025-10-29 21:51:31'),
(298, NULL, 'SemUsuario', '189.85.155.90', 'falha_login', '2025-10-29 22:41:54'),
(299, 1, 'Diezare.Conde', '189.85.155.90', 'sucesso_login', '2025-10-29 22:42:06'),
(300, 1, 'Diezare.Conde', '189.85.155.90', 'sucesso_login', '2025-10-29 22:47:39'),
(301, 1, 'Diezare.Conde', '189.85.155.90', 'saida_sistema', '2025-10-29 23:31:05'),
(302, NULL, 'SemUsuario', '189.85.155.90', 'falha_login', '2025-10-29 23:31:18'),
(303, 1, 'Diezare.Conde', '189.85.155.90', 'saida_sistema', '2025-10-29 23:45:11'),
(304, NULL, 'SemUsuario', '189.85.155.90', 'falha_login', '2025-10-29 23:48:02'),
(305, 1, 'Diezare.Conde', '189.85.155.90', 'sucesso_login', '2025-10-29 23:48:26'),
(306, 1, 'Diezare.Conde', '189.85.155.90', 'sucesso_login', '2025-10-30 00:10:30'),
(307, 1, 'Diezare.Conde', '189.85.155.90', 'saida_sistema', '2025-10-30 00:14:03'),
(308, NULL, 'SemUsuario', '189.85.155.90', 'falha_login', '2025-10-30 00:14:16'),
(309, 1, 'Diezare.Conde', '189.85.155.90', 'saida_sistema', '2025-10-30 00:22:19'),
(310, 1, 'Diezare.Conde', '201.22.74.22', 'sucesso_login', '2025-10-30 07:52:44'),
(311, 1, 'Diezare.Conde', '201.22.74.22', 'saida_sistema', '2025-10-30 07:52:57'),
(312, 1, 'Diezare.Conde', '201.22.74.22', 'sucesso_login', '2025-10-30 07:55:28'),
(313, 1, 'Diezare.Conde', '201.22.74.22', 'saida_sistema', '2025-10-30 07:56:52'),
(314, NULL, 'ZAP', '201.22.74.22', 'acesso_negado_login', '2025-10-30 09:33:40'),
(315, NULL, 'SemUsuario', '201.22.74.22', 'falha_login', '2025-10-31 09:42:57'),
(316, NULL, 'SemUsuario', '189.85.155.90', 'falha_login', '2025-10-31 12:58:10'),
(317, 1, 'Diezare.Conde', '201.22.74.22', 'sucesso_login', '2025-10-31 14:13:39'),
(318, NULL, 'Desconhecido', '201.22.74.22', 'saida_sistema', '2025-10-31 15:40:41'),
(319, 1, 'Diezare.Conde', '189.39.109.100', 'sucesso_login', '2025-11-16 19:40:13'),
(320, 1, 'Diezare.Conde', '189.39.109.100', 'saida_sistema', '2025-11-16 19:40:49'),
(321, NULL, 'SemUsuario', '189.39.109.33', 'falha_login', '2025-11-20 17:52:06'),
(322, NULL, 'SemUsuario', '189.39.109.33', 'falha_login', '2025-11-20 17:52:09'),
(323, NULL, 'DIez', '189.39.109.33', 'acesso_negado_login', '2025-11-20 17:52:13'),
(324, 1, 'Diezare.Conde', '201.22.74.22', 'sucesso_login', '2025-12-16 08:08:09'),
(325, 1, 'Diezare.Conde', '201.22.74.22', 'sucesso_login', '2025-12-16 09:30:57'),
(326, 1, 'Diezare.Conde', '201.21.155.8', 'sucesso_login', '2025-12-16 10:29:22'),
(327, 1, 'Diezare.Conde', '201.21.155.8', 'saida_sistema', '2025-12-16 10:29:46'),
(328, 3, 'Bruno.Lacerda', '201.21.155.8', 'sucesso_login', '2025-12-16 10:30:40'),
(329, 1, 'Diezare.Conde', '201.22.74.22', 'sucesso_login', '2025-12-16 15:36:31'),
(330, 1, 'Diezare.Conde', '201.22.74.22', 'sucesso_login', '2025-12-16 17:27:04'),
(331, 1, 'Diezare.Conde', '189.39.108.108', 'sucesso_login', '2025-12-16 20:36:21'),
(332, 1, 'Diezare.Conde', '189.39.108.108', 'falha_login', '2025-12-16 22:18:25'),
(333, 1, 'Diezare.Conde', '189.39.108.108', 'sucesso_login', '2025-12-16 22:18:29'),
(334, 1, 'Diezare.Conde', '189.39.108.108', 'saida_sistema', '2025-12-16 22:55:10'),
(335, 1, 'Diezare.Conde', '201.22.74.22', 'sucesso_login', '2025-12-17 07:41:32'),
(336, 1, 'Diezare.Conde', '201.22.74.22', 'sucesso_login', '2025-12-17 08:03:14'),
(337, 1, 'Diezare.Conde', '201.22.74.22', 'saida_sistema', '2025-12-17 08:03:30'),
(338, 3, 'Bruno.Lacerda', '201.21.155.8', 'sucesso_login', '2025-12-17 09:43:00'),
(339, 1, 'Diezare.Conde', '201.22.74.22', 'sucesso_login', '2025-12-17 10:26:00'),
(340, 3, 'Bruno.Lacerda', '201.22.74.22', 'sucesso_login', '2025-12-17 13:33:27'),
(341, 1, 'Diezare.Conde', '201.22.74.22', 'sucesso_login', '2025-12-17 14:21:11'),
(342, 1, 'Diezare.Conde', '201.22.74.22', 'sucesso_login', '2025-12-17 22:26:48'),
(343, 3, 'Bruno.Lacerda', '201.22.74.22', 'sucesso_login', '2025-12-18 10:04:47'),
(344, 3, 'Bruno.Lacerda', '201.22.74.22', 'sucesso_login', '2025-12-18 12:04:48'),
(345, 1, 'Diezare.Conde', '201.22.74.22', 'sucesso_login', '2025-12-19 09:16:18'),
(346, 1, 'Diezare.Conde', '201.22.74.22', 'saida_sistema', '2025-12-19 09:47:28'),
(347, 1, 'Diezare.Conde', '189.39.108.108', 'sucesso_login', '2025-12-19 22:11:31'),
(348, 1, 'Diezare.Conde', '189.39.108.108', 'sucesso_login', '2025-12-19 22:18:03'),
(349, 1, 'Diezare.Conde', '189.39.108.108', 'sucesso_login', '2025-12-20 00:00:33'),
(350, 1, 'Diezare.Conde', '189.39.108.108', 'saida_sistema', '2025-12-20 00:00:48'),
(351, NULL, 'Desconhecido', '189.39.108.108', 'saida_sistema', '2025-12-20 00:02:07'),
(352, 1, 'Diezare.Conde', '::1', 'sucesso_login', '2025-12-20 12:00:44'),
(353, 1, 'Diezare.Conde', '::1', 'sucesso_login', '2025-12-20 18:54:59'),
(354, 1, 'Diezare.Conde', '::1', 'sucesso_login', '2025-12-21 09:01:38'),
(355, 1, 'Diezare.Conde', '::1', 'sucesso_login', '2025-12-21 20:09:16'),
(356, 1, 'Diezare.Conde', '::1', 'saida_sistema', '2025-12-21 23:02:48'),
(357, 1, 'Diezare.Conde', '::1', 'sucesso_login', '2025-12-25 20:27:59'),
(358, 1, 'Diezare.Conde', '::1', 'sucesso_login', '2025-12-27 09:11:58'),
(359, 1, 'Diezare.Conde', '::1', 'sucesso_login', '2025-12-28 21:36:40'),
(360, 1, 'Diezare.Conde', '::1', 'sucesso_login', '2025-12-30 10:32:21'),
(361, 1, 'Diezare.Conde', '::1', 'sucesso_login', '2025-12-31 08:52:15'),
(362, 1, 'Diezare.Conde', '::1', 'sucesso_login', '2026-01-02 16:51:26'),
(363, 1, 'Diezare.Conde', '::1', 'sucesso_login', '2026-01-03 09:46:41'),
(364, 1, 'Diezare.Conde', '::1', 'falha_login', '2026-01-03 21:53:54'),
(365, 1, 'Diezare.Conde', '::1', 'sucesso_login', '2026-01-03 21:54:14'),
(366, 1, 'Diezare.Conde', '::1', 'sucesso_login', '2026-01-04 21:18:15'),
(367, 1, 'Diezare.Conde', '::1', 'sucesso_login', '2026-01-05 09:37:36'),
(368, 1, 'Diezare.Conde', '::1', 'sucesso_login', '2026-01-05 21:11:48'),
(369, 1, 'Diezare.Conde', '::1', 'sucesso_login', '2026-01-10 17:01:05'),
(370, 1, 'Diezare.Conde', '::1', 'sucesso_login', '2026-01-11 18:09:05');

-- --------------------------------------------------------

--
-- Estrutura para tabela `modalidade`
--

CREATE TABLE `modalidade` (
  `id_modalidade` int(11) NOT NULL,
  `nome_modalidade` varchar(100) NOT NULL,
  `descricao` varchar(255) DEFAULT NULL,
  `data_cadastro` datetime DEFAULT current_timestamp()
) ENGINE=InnoDB DEFAULT CHARSET=utf8mb4 COLLATE=utf8mb4_general_ci;

--
-- Despejando dados para a tabela `modalidade`
--

INSERT INTO `modalidade` (`id_modalidade`, `nome_modalidade`, `descricao`, `data_cadastro`) VALUES
(1, 'Futsal Masculino', NULL, '2025-04-01 10:40:32'),
(2, 'Futsal Feminino', NULL, '2025-05-08 19:34:05'),
(3, 'Vôlei Feminino', NULL, '2025-05-08 19:35:30'),
(4, 'Vôlei Masculino', NULL, '2025-05-08 19:35:47'),
(5, 'Basquete', NULL, '2025-05-08 19:35:58');

-- --------------------------------------------------------

--
-- Estrutura para tabela `nivel_ensino`
--

CREATE TABLE `nivel_ensino` (
  `id_nivel_ensino` int(11) NOT NULL,
  `nome_nivel_ensino` varchar(100) NOT NULL,
  `data_cadastro_nivel` datetime DEFAULT current_timestamp()
) ENGINE=InnoDB DEFAULT CHARSET=utf8mb4 COLLATE=utf8mb4_general_ci;

--
-- Despejando dados para a tabela `nivel_ensino`
--

INSERT INTO `nivel_ensino` (`id_nivel_ensino`, `nome_nivel_ensino`, `data_cadastro_nivel`) VALUES
(1, 'Educação Infantil', '2025-02-08 10:04:45'),
(2, 'Ensino Fundamental I', '2025-02-14 22:57:46'),
(3, 'Ensino Fundamental II', '2025-02-14 22:57:55'),
(4, 'Ensino Médio', '2025-02-14 22:58:06'),
(6, 'Curso Pré-Vestibular', '2025-02-23 12:36:28'),
(8, 'Escolinhas', '2025-04-03 14:27:30');

-- --------------------------------------------------------

--
-- Estrutura para tabela `professor`
--

CREATE TABLE `professor` (
  `id_professor` int(11) NOT NULL,
  `nome_completo` varchar(150) NOT NULL,
  `nome_exibicao` varchar(100) DEFAULT NULL,
  `data_cadastro_professor` datetime DEFAULT current_timestamp(),
  `sexo` enum('Masculino','Feminino','Outro') NOT NULL DEFAULT 'Masculino',
  `limite_aulas_fixa_semana` int(11) NOT NULL DEFAULT 0,
  `telefone` varchar(20) DEFAULT NULL
) ENGINE=InnoDB DEFAULT CHARSET=utf8mb4 COLLATE=utf8mb4_general_ci;

--
-- Despejando dados para a tabela `professor`
--

INSERT INTO `professor` (`id_professor`, `nome_completo`, `nome_exibicao`, `data_cadastro_professor`, `sexo`, `limite_aulas_fixa_semana`, `telefone`) VALUES
(1, 'A Teste', 'A Teste', '2025-02-12 19:45:17', 'Feminino', 6, '(99) 99999-9999'),
(2, 'Alessandra dos Santos', 'Alessandra', '2025-02-12 19:45:30', 'Feminino', 23, '(99) 99999-9999'),
(3, 'Gleyson Alves', 'Gleyson', '2025-02-15 16:01:18', 'Masculino', 18, '(99) 99999-9999'),
(4, 'Guilherme Homenhuki', 'Guilherme', '2025-02-15 16:01:43', 'Masculino', 8, '(99) 99999-9999'),
(5, 'Bruno César', 'Bruno', '2025-03-20 18:43:01', 'Masculino', 26, '(43) 9928-8428'),
(6, 'Gizely Koscianski', 'Gizely', '2025-03-20 18:43:48', 'Feminino', 19, '(99) 99999-9999'),
(7, 'José Fernando Perini', 'Perini', '2025-03-20 18:48:42', 'Masculino', 4, '(43) 99108-8273'),
(8, 'Daniele Leiroz', 'Daniele', '2025-05-08 19:37:19', 'Feminino', 8, '(99) 99999-9999'),
(9, 'Tamires / Wilton', 'Tamires / Wilton', '2025-05-08 19:37:54', 'Outro', 9, '(99) 9999-9999'),
(10, 'Beatriz Leão', 'Beatriz', '2025-05-08 19:38:24', 'Feminino', 20, '(99) 99999-9999'),
(11, 'Lindberg Mendonça', 'Berg', '2025-05-08 19:38:54', 'Masculino', 8, '(99) 9999-9999'),
(12, 'Alexandre Mendonça', 'Alexandre', '2025-05-08 19:39:26', 'Masculino', 12, '(99) 9999-9999'),
(13, 'Diogo Saturno', 'Diogo Saturno', '2025-12-16 10:35:31', 'Masculino', 4, '(99) 9999-9999'),
(14, 'Karolyne Cristyane Ishii', 'Karol', '2025-12-17 10:58:37', 'Feminino', 18, '(99) 99999-9999'),
(15, 'Maria Eduarda', 'Duda', '2025-12-17 11:00:41', 'Feminino', 9, '(99) 99999-9999'),
(16, 'Mônica Moraes', 'Mônica', '2025-12-17 11:10:58', 'Feminino', 14, '(99) 99999-9999'),
(17, 'Paulo Lorin', 'Paulo', '2025-12-17 11:15:03', 'Masculino', 6, '(99) 99999-9999'),
(18, 'Priscila Danieli da Silva', 'Priscila', '2025-12-17 11:17:16', 'Feminino', 4, '(99) 99999-9999'),
(19, 'Rafaela Pichinini', 'Rafaela', '2025-12-17 11:18:59', 'Feminino', 16, '(99) 99999-9999'),
(20, 'Raphael Zanardo Ally', 'Raphael', '2025-12-17 11:21:07', 'Masculino', 4, '(99) 99999-9999'),
(21, 'Solange Gomes', 'Solange', '2025-12-17 11:22:53', 'Feminino', 25, '(99) 99999-9999'),
(22, 'Tiago Nogueira', 'Tiago Nogueira', '2025-12-17 11:25:04', 'Masculino', 22, '(99) 99999-9999'),
(23, 'Willian Alvares', 'Willian', '2025-12-17 11:27:26', 'Masculino', 6, '(99) 99999-9999'),
(24, 'Guilherme Bomba', 'Bomba', '2025-12-17 11:38:24', 'Masculino', 16, '(99) 99999-9999'),
(25, 'Bruno Augusto', 'Bruno Augusto', '2025-12-17 11:42:39', 'Masculino', 8, '(99) 99999-9999'),
(26, 'Carlos Henrique Vici', 'Carlos', '2025-12-17 11:44:48', 'Masculino', 6, '(99) 99999-9999'),
(27, 'Euzéias', 'Euzéias', '2025-12-17 11:48:02', 'Masculino', 3, '(99) 99999-9999'),
(28, 'Pricila / Euzéias', 'Pricila / Euzéias', '2025-12-17 11:50:11', 'Outro', 2, '(99) 99999-9999'),
(29, 'Sidney Guerra', 'Guerra', '2025-12-17 11:51:53', 'Masculino', 4, '(99) 99999-9999'),
(30, 'Juba', 'Juba', '2025-12-17 11:55:01', 'Masculino', 8, '(99) 99999-9999'),
(31, 'Leandro Aranda', 'Leandro', '2025-12-17 11:57:42', 'Masculino', 3, '(99) 99999-9999'),
(32, 'Maykon Tognon', 'Maykon', '2025-12-17 12:00:23', 'Masculino', 10, '(99) 99999-9999'),
(33, 'Murilo Serviuc Mori', 'Murilo', '2025-12-17 12:04:10', 'Masculino', 4, '(99) 99999-9999'),
(34, 'Newton Morgado', 'Newton', '2025-12-17 13:36:15', 'Masculino', 6, '(99) 99999-9999'),
(35, 'Raggi Feguri Filho', 'Raggi', '2025-12-17 13:39:22', 'Masculino', 8, '(99) 99999-9999'),
(36, 'Reginaldo Cavalcante Agostini', 'Reginaldo', '2025-12-17 13:42:14', 'Masculino', 4, '(99) 99999-9999'),
(37, 'Ricardo Big', 'Ricardo Big', '2025-12-17 13:44:07', 'Masculino', 4, '(99) 99999-9999'),
(38, 'Rosana Gasparotti', 'Rosana Gasparotti', '2025-12-17 13:45:35', 'Feminino', 3, '(99) 99999-9999'),
(39, 'Rosana Silva', 'Rosana Silva', '2025-12-17 13:46:59', 'Feminino', 6, '(99) 99999-9999'),
(40, 'Rúbia Cherritte', 'Rúbia', '2025-12-17 13:48:25', 'Feminino', 8, '(99) 99999-9999'),
(41, 'Tiago Henrique', 'Tiago Henrique', '2025-12-17 13:50:31', 'Masculino', 4, '(99) 99999-9999'),
(42, 'Wellington Garcia', 'Ton', '2025-12-17 13:52:13', 'Masculino', 6, '(99) 99999-9999'),
(43, 'Vívian Tavares', 'Vívian', '2025-12-17 13:53:48', 'Feminino', 14, '(99) 99999-9999'),
(44, 'Wanderson Aceti', 'Wanderson', '2025-12-17 13:56:22', 'Masculino', 4, '(99) 99999-9999'),
(45, 'José Mário Gomes', 'Zé Mário', '2025-12-17 13:57:46', 'Masculino', 2, '(99) 99999-9999'),
(48, 'Wilton Batista dos Santos', 'Wilton', '2025-12-18 12:08:23', 'Masculino', 1, '(99) 99999-9999'),
(49, 'Tamires Gobato', 'Tamires', '2025-12-18 12:08:44', 'Feminino', 1, '(99) 99999-9999'),
(51, 'Sandra Lazarini', 'Sandra', '2025-12-18 12:09:24', 'Feminino', 1, '(99) 99999-9999'),
(56, 'Ana Clara Avanci', 'Clara', '2025-12-18 12:11:43', 'Feminino', 1, '(99) 99999-9999'),
(57, 'Wilton / Tamires', 'Wilton / Tamires', '2025-12-19 23:20:47', 'Outro', 10, '(99) 99999-9999'),
(58, 'Andressa Fonseca', 'Andressa', '2025-12-27 10:20:22', 'Feminino', 6, '(99) 99999-9999');

-- --------------------------------------------------------

--
-- Estrutura para tabela `professor_categoria`
--

CREATE TABLE `professor_categoria` (
  `id_professor` int(11) NOT NULL,
  `id_categoria` int(11) NOT NULL,
  `data_cadastro` datetime DEFAULT current_timestamp()
) ENGINE=InnoDB DEFAULT CHARSET=utf8mb4 COLLATE=utf8mb4_general_ci;

--
-- Despejando dados para a tabela `professor_categoria`
--

INSERT INTO `professor_categoria` (`id_professor`, `id_categoria`, `data_cadastro`) VALUES
(8, 1, '2025-05-13 17:55:45'),
(8, 2, '2025-05-13 17:55:16'),
(8, 4, '2025-05-13 17:56:05'),
(8, 9, '2025-05-13 17:55:50'),
(8, 11, '2025-05-13 18:20:52'),
(8, 12, '2025-05-13 18:21:44'),
(8, 13, '2025-05-13 18:22:14'),
(9, 5, '2025-05-13 17:56:11'),
(9, 6, '2025-05-08 19:45:13'),
(10, 3, '2025-05-13 17:55:57'),
(10, 4, '2025-05-13 17:56:05'),
(10, 7, '2025-05-13 17:55:31'),
(10, 8, '2025-05-13 17:55:27'),
(10, 14, '2025-06-03 16:37:49'),
(11, 2, '2025-05-13 17:55:16'),
(11, 10, '2025-05-13 18:09:13'),
(12, 1, '2025-05-13 17:55:45'),
(12, 3, '2025-05-13 17:55:57'),
(12, 4, '2025-05-13 17:56:05'),
(12, 9, '2025-05-13 17:55:50');

-- --------------------------------------------------------

--
-- Estrutura para tabela `professor_disciplinas`
--

CREATE TABLE `professor_disciplinas` (
  `id_professor` int(11) NOT NULL,
  `id_disciplina` int(11) NOT NULL
) ENGINE=InnoDB DEFAULT CHARSET=utf8mb4 COLLATE=utf8mb4_general_ci;

--
-- Despejando dados para a tabela `professor_disciplinas`
--

INSERT INTO `professor_disciplinas` (`id_professor`, `id_disciplina`) VALUES
(2, 2),
(2, 18),
(3, 2),
(4, 16),
(5, 12),
(5, 18),
(6, 5),
(6, 18),
(7, 2),
(8, 6),
(9, 9),
(10, 13),
(11, 13),
(12, 5),
(12, 18),
(13, 7),
(14, 2),
(15, 18),
(15, 19),
(16, 7),
(16, 8),
(17, 13),
(18, 3),
(19, 17),
(20, 3),
(21, 16),
(21, 17),
(21, 18),
(22, 4),
(23, 12),
(24, 4),
(24, 11),
(24, 21),
(25, 16),
(25, 20),
(26, 13),
(27, 3),
(28, 22),
(29, 4),
(30, 10),
(30, 11),
(31, 5),
(32, 1),
(33, 7),
(34, 2),
(35, 2),
(35, 13),
(36, 5),
(37, 12),
(38, 23),
(39, 20),
(40, 12),
(41, 2),
(41, 13),
(42, 16),
(43, 7),
(43, 18),
(44, 12),
(45, 2),
(48, 18),
(49, 18),
(51, 18),
(56, 18),
(57, 9),
(58, 8);

-- --------------------------------------------------------

--
-- Estrutura para tabela `professor_disciplinas_turmas`
--

CREATE TABLE `professor_disciplinas_turmas` (
  `id_professor` int(11) NOT NULL,
  `id_disciplina` int(11) NOT NULL,
  `id_turma` int(11) NOT NULL,
  `aulas_semana` int(11) DEFAULT NULL,
  `prioridade` int(11) DEFAULT NULL
) ENGINE=InnoDB DEFAULT CHARSET=utf8mb4 COLLATE=utf8mb4_general_ci;

--
-- Despejando dados para a tabela `professor_disciplinas_turmas`
--

INSERT INTO `professor_disciplinas_turmas` (`id_professor`, `id_disciplina`, `id_turma`, `aulas_semana`, `prioridade`) VALUES
(1, 4, 1, NULL, NULL),
(1, 4, 2, NULL, NULL),
(1, 4, 3, NULL, NULL),
(1, 4, 4, NULL, NULL),
(2, 2, 14, NULL, NULL),
(2, 2, 15, NULL, NULL),
(2, 2, 16, NULL, NULL),
(2, 2, 17, NULL, NULL),
(2, 18, 17, NULL, NULL),
(3, 2, 10, 3, 9),
(3, 2, 11, 3, 9),
(3, 2, 12, 3, 9),
(3, 2, 13, 3, 9),
(3, 2, 20, NULL, NULL),
(3, 3, 1, NULL, NULL),
(3, 3, 2, NULL, NULL),
(4, 16, 10, NULL, NULL),
(4, 16, 11, NULL, NULL),
(4, 16, 12, NULL, NULL),
(4, 16, 13, NULL, NULL),
(5, 12, 8, NULL, NULL),
(5, 12, 9, NULL, NULL),
(5, 12, 18, NULL, NULL),
(5, 12, 19, NULL, NULL),
(5, 12, 22, NULL, NULL),
(5, 12, 23, NULL, NULL),
(5, 12, 24, NULL, NULL),
(5, 12, 25, NULL, NULL),
(6, 5, 10, NULL, NULL),
(6, 5, 13, NULL, NULL),
(6, 5, 14, NULL, NULL),
(6, 5, 15, NULL, NULL),
(6, 5, 16, NULL, NULL),
(6, 5, 17, NULL, NULL),
(6, 18, 13, NULL, NULL),
(7, 2, 22, NULL, NULL),
(7, 2, 24, NULL, NULL),
(8, 6, 10, NULL, NULL),
(8, 6, 11, NULL, NULL),
(8, 6, 12, NULL, NULL),
(8, 6, 13, NULL, NULL),
(8, 6, 14, NULL, NULL),
(8, 6, 15, NULL, NULL),
(8, 6, 16, NULL, NULL),
(8, 6, 17, NULL, NULL),
(9, 9, 10, NULL, NULL),
(9, 9, 12, NULL, NULL),
(9, 9, 15, NULL, NULL),
(9, 9, 16, NULL, NULL),
(9, 9, 18, NULL, NULL),
(10, 3, 14, NULL, NULL),
(10, 3, 15, NULL, NULL),
(10, 3, 16, NULL, NULL),
(10, 3, 17, NULL, NULL),
(11, 13, 8, NULL, NULL),
(11, 13, 18, NULL, NULL),
(11, 13, 22, NULL, NULL),
(11, 13, 24, NULL, NULL),
(12, 5, 8, NULL, NULL),
(12, 5, 9, NULL, NULL),
(12, 5, 11, NULL, NULL),
(12, 5, 12, NULL, NULL),
(12, 5, 18, NULL, NULL),
(12, 5, 19, NULL, NULL),
(12, 18, 11, NULL, NULL),
(13, 7, 22, NULL, NULL),
(13, 7, 24, NULL, NULL),
(14, 2, 8, NULL, NULL),
(14, 2, 10, 4, 10),
(14, 2, 11, 3, 10),
(14, 2, 12, 3, 10),
(14, 2, 13, 4, 10),
(14, 2, 18, NULL, NULL),
(15, 18, 12, NULL, NULL),
(15, 19, 10, NULL, NULL),
(15, 19, 11, NULL, NULL),
(15, 19, 12, NULL, NULL),
(15, 19, 13, NULL, NULL),
(15, 19, 14, NULL, NULL),
(15, 19, 15, NULL, NULL),
(15, 19, 16, NULL, NULL),
(15, 19, 17, NULL, NULL),
(16, 7, 11, NULL, NULL),
(16, 7, 12, NULL, NULL),
(16, 8, 10, NULL, NULL),
(16, 8, 13, NULL, NULL),
(16, 8, 14, NULL, NULL),
(16, 8, 15, NULL, NULL),
(17, 13, 11, NULL, NULL),
(17, 13, 12, NULL, NULL),
(17, 13, 20, NULL, NULL),
(18, 3, 10, NULL, NULL),
(18, 3, 13, NULL, NULL),
(19, 17, 14, NULL, NULL),
(19, 17, 15, NULL, NULL),
(19, 17, 16, NULL, NULL),
(19, 17, 17, NULL, NULL),
(20, 3, 11, NULL, NULL),
(20, 3, 12, NULL, NULL),
(21, 16, 14, NULL, NULL),
(21, 16, 15, NULL, NULL),
(21, 16, 16, NULL, NULL),
(21, 16, 17, NULL, NULL),
(21, 17, 10, NULL, NULL),
(21, 17, 11, NULL, NULL),
(21, 17, 12, NULL, NULL),
(21, 17, 13, NULL, NULL),
(21, 18, 16, NULL, NULL),
(22, 4, 10, NULL, NULL),
(22, 4, 11, NULL, NULL),
(22, 4, 12, NULL, NULL),
(22, 4, 13, NULL, NULL),
(22, 4, 14, NULL, NULL),
(22, 4, 15, NULL, NULL),
(22, 4, 16, NULL, NULL),
(22, 4, 17, NULL, NULL),
(23, 12, 10, NULL, NULL),
(23, 12, 11, NULL, NULL),
(23, 12, 12, NULL, NULL),
(23, 12, 13, NULL, NULL),
(24, 4, 8, NULL, NULL),
(24, 4, 9, NULL, NULL),
(24, 4, 18, NULL, NULL),
(24, 4, 19, NULL, NULL),
(24, 4, 20, NULL, NULL),
(24, 4, 21, NULL, NULL),
(24, 11, 22, NULL, NULL),
(24, 11, 23, NULL, NULL),
(24, 11, 24, NULL, NULL),
(24, 11, 25, NULL, NULL),
(24, 21, 8, NULL, NULL),
(24, 21, 9, NULL, NULL),
(24, 21, 18, NULL, NULL),
(24, 21, 19, NULL, NULL),
(24, 21, 20, NULL, NULL),
(24, 21, 21, NULL, NULL),
(24, 21, 22, NULL, NULL),
(24, 21, 23, NULL, NULL),
(24, 21, 24, NULL, NULL),
(24, 21, 25, NULL, NULL),
(25, 16, 22, NULL, NULL),
(25, 16, 24, NULL, NULL),
(25, 20, 22, NULL, NULL),
(25, 20, 24, NULL, NULL),
(26, 13, 8, NULL, NULL),
(26, 13, 18, NULL, NULL),
(26, 13, 22, NULL, NULL),
(26, 13, 24, NULL, NULL),
(27, 3, 8, NULL, NULL),
(27, 3, 18, NULL, NULL),
(27, 3, 20, NULL, NULL),
(28, 22, 22, NULL, NULL),
(28, 22, 24, NULL, NULL),
(29, 4, 22, NULL, NULL),
(29, 4, 24, NULL, NULL),
(30, 10, 8, NULL, NULL),
(30, 10, 18, NULL, NULL),
(30, 10, 20, NULL, NULL),
(30, 10, 22, NULL, NULL),
(30, 10, 24, NULL, NULL),
(30, 11, 8, NULL, NULL),
(30, 11, 18, NULL, NULL),
(30, 11, 20, NULL, NULL),
(31, 5, 20, NULL, NULL),
(31, 5, 21, NULL, NULL),
(32, 1, 8, NULL, NULL),
(32, 1, 9, NULL, NULL),
(32, 1, 18, NULL, NULL),
(32, 1, 19, NULL, NULL),
(32, 1, 20, NULL, NULL),
(32, 1, 21, NULL, NULL),
(32, 1, 22, NULL, NULL),
(32, 1, 23, NULL, NULL),
(32, 1, 24, NULL, NULL),
(32, 1, 25, NULL, NULL),
(33, 7, 23, NULL, NULL),
(33, 7, 25, NULL, NULL),
(34, 2, 8, NULL, NULL),
(34, 2, 18, NULL, NULL),
(34, 2, 24, NULL, NULL),
(35, 2, 22, NULL, NULL),
(35, 2, 24, NULL, NULL),
(35, 13, 22, NULL, NULL),
(35, 13, 24, NULL, NULL),
(36, 5, 22, NULL, NULL),
(36, 5, 24, NULL, NULL),
(37, 12, 22, NULL, NULL),
(37, 12, 24, NULL, NULL),
(38, 23, 8, NULL, NULL),
(38, 23, 18, NULL, NULL),
(38, 23, 20, NULL, NULL),
(39, 20, 8, NULL, NULL),
(39, 20, 18, NULL, NULL),
(39, 20, 20, NULL, NULL),
(40, 12, 8, NULL, NULL),
(40, 12, 18, NULL, NULL),
(40, 12, 20, NULL, NULL),
(41, 2, 20, NULL, NULL),
(41, 13, 20, NULL, NULL),
(42, 16, 8, NULL, NULL),
(42, 16, 18, NULL, NULL),
(42, 16, 20, NULL, NULL),
(43, 7, 8, NULL, NULL),
(43, 7, 18, NULL, NULL),
(43, 7, 20, NULL, NULL),
(43, 7, 22, NULL, NULL),
(43, 7, 24, NULL, NULL),
(43, 18, 18, NULL, NULL),
(44, 12, 23, NULL, NULL),
(44, 12, 25, NULL, NULL),
(45, 2, 22, NULL, NULL),
(48, 18, 14, NULL, NULL),
(49, 18, 15, NULL, NULL),
(51, 18, 10, NULL, NULL),
(56, 18, 20, NULL, NULL),
(57, 9, 8, NULL, NULL),
(57, 9, 11, NULL, NULL),
(57, 9, 13, NULL, NULL),
(57, 9, 14, NULL, NULL),
(57, 9, 17, NULL, NULL),
(57, 9, 20, NULL, NULL),
(58, 8, 16, NULL, NULL),
(58, 8, 17, NULL, NULL);

-- --------------------------------------------------------

--
-- Estrutura para tabela `professor_restricoes`
--

CREATE TABLE `professor_restricoes` (
  `id_professor` int(11) NOT NULL,
  `id_ano_letivo` int(11) NOT NULL,
  `dia_semana` enum('Domingo','Segunda','Terca','Quarta','Quinta','Sexta','Sabado') NOT NULL,
  `numero_aula` int(11) NOT NULL,
  `id_turno` int(11) NOT NULL
) ENGINE=InnoDB DEFAULT CHARSET=utf8mb4 COLLATE=utf8mb4_general_ci;

--
-- Despejando dados para a tabela `professor_restricoes`
--

INSERT INTO `professor_restricoes` (`id_professor`, `id_ano_letivo`, `dia_semana`, `numero_aula`, `id_turno`) VALUES
(1, 7, 'Segunda', 1, 1),
(1, 7, 'Segunda', 2, 1),
(1, 7, 'Segunda', 3, 1),
(1, 7, 'Segunda', 4, 1),
(1, 7, 'Segunda', 5, 1),
(1, 7, 'Segunda', 6, 1),
(1, 7, 'Terca', 1, 1),
(1, 7, 'Terca', 2, 1),
(1, 7, 'Terca', 3, 1),
(1, 7, 'Terca', 4, 1),
(1, 7, 'Terca', 5, 1),
(1, 7, 'Terca', 6, 1),
(1, 7, 'Quarta', 4, 1),
(1, 7, 'Quinta', 6, 1),
(2, 7, 'Segunda', 1, 1),
(2, 7, 'Segunda', 2, 1),
(2, 7, 'Segunda', 3, 1),
(2, 7, 'Segunda', 4, 1),
(2, 7, 'Segunda', 5, 1),
(2, 7, 'Segunda', 6, 1),
(3, 7, 'Segunda', 1, 1),
(3, 7, 'Segunda', 2, 1),
(3, 7, 'Segunda', 3, 1),
(3, 7, 'Segunda', 4, 1),
(3, 7, 'Quinta', 1, 1),
(3, 7, 'Quinta', 2, 1),
(3, 7, 'Quinta', 3, 1),
(3, 7, 'Quinta', 4, 1),
(3, 7, 'Quinta', 5, 1),
(3, 7, 'Quinta', 6, 1),
(3, 7, 'Sexta', 1, 1),
(3, 7, 'Sexta', 2, 1),
(3, 7, 'Sexta', 3, 1),
(3, 7, 'Sexta', 4, 1),
(3, 7, 'Sexta', 5, 1),
(3, 7, 'Sexta', 6, 1),
(4, 7, 'Terca', 1, 1),
(4, 7, 'Terca', 2, 1),
(4, 7, 'Terca', 3, 1),
(4, 7, 'Terca', 4, 1),
(4, 7, 'Terca', 5, 1),
(4, 7, 'Terca', 6, 1),
(4, 7, 'Quarta', 1, 1),
(4, 7, 'Quarta', 2, 1),
(4, 7, 'Quarta', 3, 1),
(4, 7, 'Quarta', 4, 1),
(4, 7, 'Quinta', 1, 1),
(4, 7, 'Quinta', 2, 1),
(4, 7, 'Quinta', 3, 1),
(4, 7, 'Quinta', 4, 1),
(4, 7, 'Quinta', 5, 1),
(4, 7, 'Quinta', 6, 1),
(4, 7, 'Sexta', 1, 1),
(4, 7, 'Sexta', 2, 1),
(4, 7, 'Sexta', 3, 1),
(4, 7, 'Sexta', 4, 1),
(4, 7, 'Sexta', 5, 1),
(4, 7, 'Sexta', 6, 1),
(5, 7, 'Domingo', 1, 2),
(5, 7, 'Domingo', 2, 2),
(5, 7, 'Domingo', 3, 2),
(5, 7, 'Domingo', 4, 2),
(5, 7, 'Domingo', 5, 2),
(5, 7, 'Domingo', 6, 2),
(5, 7, 'Segunda', 1, 2),
(5, 7, 'Segunda', 2, 2),
(5, 7, 'Segunda', 3, 2),
(5, 7, 'Segunda', 4, 2),
(5, 7, 'Segunda', 5, 2),
(5, 7, 'Segunda', 6, 2),
(5, 7, 'Terca', 1, 2),
(5, 7, 'Terca', 2, 2),
(5, 7, 'Terca', 3, 2),
(5, 7, 'Terca', 4, 2),
(5, 7, 'Terca', 5, 2),
(5, 7, 'Terca', 6, 2),
(5, 7, 'Quarta', 1, 2),
(5, 7, 'Quarta', 2, 2),
(5, 7, 'Quarta', 3, 2),
(5, 7, 'Quarta', 4, 2),
(5, 7, 'Quarta', 5, 2),
(5, 7, 'Quarta', 6, 2),
(5, 7, 'Quinta', 1, 2),
(5, 7, 'Quinta', 2, 2),
(5, 7, 'Quinta', 3, 2),
(5, 7, 'Quinta', 4, 2),
(5, 7, 'Quinta', 5, 2),
(5, 7, 'Quinta', 6, 2),
(5, 7, 'Sexta', 6, 2),
(5, 7, 'Sabado', 1, 2),
(5, 7, 'Sabado', 2, 2),
(5, 7, 'Sabado', 3, 2),
(5, 7, 'Sabado', 4, 2),
(5, 7, 'Sabado', 5, 2),
(5, 7, 'Sabado', 6, 2),
(6, 7, 'Segunda', 1, 1),
(6, 7, 'Segunda', 2, 1),
(6, 7, 'Terca', 1, 1),
(6, 7, 'Terca', 2, 1),
(6, 7, 'Quarta', 1, 1),
(6, 7, 'Sexta', 1, 1),
(6, 7, 'Sexta', 2, 1),
(6, 7, 'Sexta', 3, 1),
(6, 7, 'Sexta', 4, 1),
(6, 7, 'Sexta', 5, 1),
(6, 7, 'Sexta', 6, 1),
(7, 7, 'Segunda', 1, 1),
(7, 7, 'Segunda', 2, 1),
(7, 7, 'Segunda', 3, 1),
(7, 7, 'Segunda', 4, 1),
(7, 7, 'Terca', 1, 1),
(7, 7, 'Terca', 2, 1),
(7, 7, 'Terca', 3, 1),
(7, 7, 'Terca', 4, 1),
(7, 7, 'Terca', 5, 1),
(7, 7, 'Terca', 6, 1),
(7, 7, 'Quarta', 1, 1),
(7, 7, 'Quarta', 2, 1),
(7, 7, 'Quarta', 3, 1),
(7, 7, 'Quarta', 4, 1),
(7, 7, 'Quinta', 1, 1),
(7, 7, 'Quinta', 2, 1),
(7, 7, 'Quinta', 3, 1),
(7, 7, 'Quinta', 4, 1),
(7, 7, 'Quinta', 5, 1),
(7, 7, 'Quinta', 6, 1),
(7, 7, 'Sexta', 1, 1),
(7, 7, 'Sexta', 2, 1),
(7, 7, 'Sexta', 3, 1),
(7, 7, 'Sexta', 4, 1),
(7, 7, 'Sexta', 5, 1),
(7, 7, 'Sexta', 6, 1),
(8, 7, 'Segunda', 1, 1),
(8, 7, 'Segunda', 2, 1),
(8, 7, 'Segunda', 3, 1),
(8, 7, 'Segunda', 4, 1),
(8, 7, 'Segunda', 5, 1),
(8, 7, 'Segunda', 6, 1),
(8, 7, 'Terca', 3, 1),
(8, 7, 'Terca', 4, 1),
(8, 7, 'Terca', 5, 1),
(8, 7, 'Terca', 6, 1),
(8, 7, 'Quarta', 1, 1),
(8, 7, 'Quarta', 2, 1),
(8, 7, 'Quarta', 3, 1),
(8, 7, 'Quarta', 4, 1),
(8, 7, 'Quarta', 5, 1),
(8, 7, 'Quarta', 6, 1),
(8, 7, 'Quinta', 1, 1),
(8, 7, 'Quinta', 2, 1),
(8, 7, 'Quinta', 3, 1),
(8, 7, 'Quinta', 4, 1),
(8, 7, 'Quinta', 5, 1),
(8, 7, 'Quinta', 6, 1),
(9, 7, 'Segunda', 1, 1),
(9, 7, 'Segunda', 2, 1),
(9, 7, 'Segunda', 3, 1),
(9, 7, 'Segunda', 4, 1),
(9, 7, 'Segunda', 5, 1),
(9, 7, 'Segunda', 6, 1),
(9, 7, 'Quarta', 1, 1),
(9, 7, 'Quarta', 2, 1),
(9, 7, 'Quarta', 3, 1),
(9, 7, 'Quarta', 4, 1),
(9, 7, 'Quarta', 5, 1),
(9, 7, 'Quarta', 6, 1),
(9, 7, 'Quinta', 1, 1),
(9, 7, 'Quinta', 6, 1),
(9, 7, 'Sexta', 1, 1),
(9, 7, 'Sexta', 2, 1),
(9, 7, 'Sexta', 3, 1),
(9, 7, 'Sexta', 4, 1),
(9, 7, 'Sexta', 5, 1),
(9, 7, 'Sexta', 6, 1),
(10, 7, 'Segunda', 5, 1),
(10, 7, 'Segunda', 6, 1),
(10, 7, 'Terca', 5, 1),
(10, 7, 'Terca', 6, 1),
(10, 7, 'Quarta', 5, 1),
(10, 7, 'Quarta', 6, 1),
(10, 7, 'Quinta', 1, 1),
(10, 7, 'Quinta', 2, 1),
(10, 7, 'Sexta', 5, 1),
(10, 7, 'Sexta', 6, 1),
(11, 7, 'Segunda', 1, 1),
(11, 7, 'Segunda', 2, 1),
(11, 7, 'Segunda', 3, 1),
(11, 7, 'Segunda', 4, 1),
(11, 7, 'Segunda', 5, 1),
(11, 7, 'Segunda', 6, 1),
(11, 7, 'Terca', 1, 1),
(11, 7, 'Terca', 2, 1),
(11, 7, 'Terca', 3, 1),
(11, 7, 'Terca', 4, 1),
(11, 7, 'Terca', 5, 1),
(11, 7, 'Terca', 6, 1),
(11, 7, 'Quarta', 1, 1),
(11, 7, 'Quarta', 2, 1),
(11, 7, 'Quarta', 3, 1),
(11, 7, 'Quarta', 4, 1),
(11, 7, 'Quarta', 5, 1),
(11, 7, 'Quarta', 6, 1),
(11, 7, 'Quinta', 1, 1),
(11, 7, 'Quinta', 2, 1),
(11, 7, 'Quinta', 3, 1),
(11, 7, 'Quinta', 4, 1),
(11, 7, 'Quinta', 5, 1),
(11, 7, 'Quinta', 6, 1),
(11, 7, 'Sexta', 5, 1),
(11, 7, 'Sexta', 6, 1),
(11, 7, 'Domingo', 1, 2),
(11, 7, 'Domingo', 2, 2),
(11, 7, 'Domingo', 3, 2),
(11, 7, 'Domingo', 4, 2),
(11, 7, 'Domingo', 5, 2),
(11, 7, 'Domingo', 6, 2),
(11, 7, 'Segunda', 1, 2),
(11, 7, 'Segunda', 2, 2),
(11, 7, 'Segunda', 3, 2),
(11, 7, 'Segunda', 4, 2),
(11, 7, 'Segunda', 5, 2),
(11, 7, 'Segunda', 6, 2),
(11, 7, 'Terca', 1, 2),
(11, 7, 'Terca', 2, 2),
(11, 7, 'Terca', 3, 2),
(11, 7, 'Terca', 4, 2),
(11, 7, 'Terca', 5, 2),
(11, 7, 'Terca', 6, 2),
(11, 7, 'Quarta', 1, 2),
(11, 7, 'Quarta', 2, 2),
(11, 7, 'Quarta', 3, 2),
(11, 7, 'Quarta', 4, 2),
(11, 7, 'Quarta', 5, 2),
(11, 7, 'Quarta', 6, 2),
(11, 7, 'Quinta', 1, 2),
(11, 7, 'Quinta', 2, 2),
(11, 7, 'Quinta', 3, 2),
(11, 7, 'Quinta', 4, 2),
(11, 7, 'Quinta', 5, 2),
(11, 7, 'Quinta', 6, 2),
(11, 7, 'Sexta', 6, 2),
(11, 7, 'Sabado', 1, 2),
(11, 7, 'Sabado', 2, 2),
(11, 7, 'Sabado', 3, 2),
(11, 7, 'Sabado', 4, 2),
(11, 7, 'Sabado', 5, 2),
(11, 7, 'Sabado', 6, 2),
(12, 7, 'Segunda', 1, 1),
(12, 7, 'Segunda', 2, 1),
(12, 7, 'Segunda', 3, 1),
(12, 7, 'Segunda', 4, 1),
(12, 7, 'Segunda', 5, 1),
(12, 7, 'Segunda', 6, 1),
(12, 7, 'Terca', 1, 1),
(12, 7, 'Terca', 2, 1),
(12, 7, 'Terca', 3, 1),
(12, 7, 'Terca', 4, 1),
(12, 7, 'Terca', 5, 1),
(12, 7, 'Terca', 6, 1),
(12, 7, 'Sexta', 1, 1),
(12, 7, 'Sexta', 2, 1),
(12, 7, 'Sexta', 3, 1),
(12, 7, 'Sexta', 4, 1),
(12, 7, 'Sexta', 5, 1),
(12, 7, 'Sexta', 6, 1),
(12, 7, 'Domingo', 1, 2),
(12, 7, 'Domingo', 2, 2),
(12, 7, 'Domingo', 3, 2),
(12, 7, 'Domingo', 4, 2),
(12, 7, 'Domingo', 5, 2),
(12, 7, 'Domingo', 6, 2),
(12, 7, 'Segunda', 1, 2),
(12, 7, 'Segunda', 2, 2),
(12, 7, 'Segunda', 3, 2),
(12, 7, 'Segunda', 4, 2),
(12, 7, 'Segunda', 5, 2),
(12, 7, 'Segunda', 6, 2),
(12, 7, 'Terca', 1, 2),
(12, 7, 'Terca', 2, 2),
(12, 7, 'Terca', 3, 2),
(12, 7, 'Terca', 4, 2),
(12, 7, 'Terca', 5, 2),
(12, 7, 'Terca', 6, 2),
(12, 7, 'Quarta', 1, 2),
(12, 7, 'Quarta', 2, 2),
(12, 7, 'Quarta', 3, 2),
(12, 7, 'Quarta', 4, 2),
(12, 7, 'Quarta', 5, 2),
(12, 7, 'Quarta', 6, 2),
(12, 7, 'Quinta', 1, 2),
(12, 7, 'Quinta', 2, 2),
(12, 7, 'Quinta', 3, 2),
(12, 7, 'Quinta', 4, 2),
(12, 7, 'Quinta', 5, 2),
(12, 7, 'Quinta', 6, 2),
(12, 7, 'Sexta', 4, 2),
(12, 7, 'Sexta', 5, 2),
(12, 7, 'Sexta', 6, 2),
(12, 7, 'Sabado', 1, 2),
(12, 7, 'Sabado', 2, 2),
(12, 7, 'Sabado', 3, 2),
(12, 7, 'Sabado', 4, 2),
(12, 7, 'Sabado', 5, 2),
(12, 7, 'Sabado', 6, 2),
(13, 7, 'Segunda', 5, 1),
(13, 7, 'Segunda', 6, 1),
(13, 7, 'Terca', 1, 1),
(13, 7, 'Terca', 2, 1),
(13, 7, 'Terca', 3, 1),
(13, 7, 'Terca', 4, 1),
(13, 7, 'Terca', 5, 1),
(13, 7, 'Terca', 6, 1),
(13, 7, 'Quarta', 1, 1),
(13, 7, 'Quarta', 2, 1),
(13, 7, 'Quarta', 3, 1),
(13, 7, 'Quarta', 4, 1),
(13, 7, 'Quarta', 5, 1),
(13, 7, 'Quarta', 6, 1),
(13, 7, 'Quinta', 1, 1),
(13, 7, 'Quinta', 2, 1),
(13, 7, 'Quinta', 3, 1),
(13, 7, 'Quinta', 4, 1),
(13, 7, 'Quinta', 5, 1),
(13, 7, 'Quinta', 6, 1),
(13, 7, 'Sexta', 1, 1),
(13, 7, 'Sexta', 2, 1),
(13, 7, 'Sexta', 3, 1),
(13, 7, 'Sexta', 4, 1),
(13, 7, 'Sexta', 5, 1),
(13, 7, 'Sexta', 6, 1),
(14, 7, 'Quinta', 1, 1),
(14, 7, 'Quinta', 2, 1),
(14, 7, 'Quinta', 3, 1),
(14, 7, 'Quinta', 4, 1),
(14, 7, 'Quinta', 5, 1),
(14, 7, 'Quinta', 6, 1),
(14, 7, 'Sexta', 1, 1),
(14, 7, 'Sexta', 2, 1),
(14, 7, 'Sexta', 3, 1),
(14, 7, 'Sexta', 4, 1),
(14, 7, 'Sexta', 5, 1),
(14, 7, 'Sexta', 6, 1),
(15, 7, 'Segunda', 1, 1),
(15, 7, 'Segunda', 2, 1),
(15, 7, 'Segunda', 3, 1),
(15, 7, 'Segunda', 4, 1),
(15, 7, 'Segunda', 5, 1),
(15, 7, 'Segunda', 6, 1),
(15, 7, 'Terca', 1, 1),
(15, 7, 'Terca', 2, 1),
(15, 7, 'Terca', 3, 1),
(15, 7, 'Terca', 4, 1),
(15, 7, 'Terca', 5, 1),
(15, 7, 'Terca', 6, 1),
(15, 7, 'Quarta', 1, 1),
(15, 7, 'Quarta', 2, 1),
(15, 7, 'Quarta', 3, 1),
(15, 7, 'Quarta', 4, 1),
(15, 7, 'Quarta', 5, 1),
(15, 7, 'Quarta', 6, 1),
(16, 7, 'Terca', 1, 1),
(16, 7, 'Terca', 2, 1),
(16, 7, 'Terca', 3, 1),
(16, 7, 'Terca', 4, 1),
(16, 7, 'Terca', 5, 1),
(16, 7, 'Terca', 6, 1),
(16, 7, 'Quarta', 1, 1),
(16, 7, 'Quinta', 1, 1),
(16, 7, 'Quinta', 2, 1),
(16, 7, 'Quinta', 3, 1),
(16, 7, 'Quinta', 4, 1),
(16, 7, 'Quinta', 5, 1),
(16, 7, 'Quinta', 6, 1),
(17, 7, 'Terca', 1, 1),
(17, 7, 'Terca', 2, 1),
(17, 7, 'Terca', 3, 1),
(17, 7, 'Terca', 4, 1),
(17, 7, 'Terca', 5, 1),
(17, 7, 'Terca', 6, 1),
(17, 7, 'Quarta', 1, 1),
(17, 7, 'Quarta', 2, 1),
(17, 7, 'Quarta', 3, 1),
(17, 7, 'Quarta', 4, 1),
(17, 7, 'Quarta', 5, 1),
(17, 7, 'Quarta', 6, 1),
(17, 7, 'Quinta', 1, 1),
(17, 7, 'Quinta', 2, 1),
(17, 7, 'Quinta', 3, 1),
(17, 7, 'Quinta', 4, 1),
(17, 7, 'Quinta', 5, 1),
(17, 7, 'Quinta', 6, 1),
(17, 7, 'Sexta', 1, 1),
(17, 7, 'Sexta', 2, 1),
(17, 7, 'Sexta', 3, 1),
(17, 7, 'Sexta', 4, 1),
(17, 7, 'Sexta', 5, 1),
(17, 7, 'Sexta', 6, 1),
(18, 7, 'Segunda', 1, 1),
(18, 7, 'Segunda', 2, 1),
(18, 7, 'Segunda', 3, 1),
(18, 7, 'Segunda', 4, 1),
(18, 7, 'Segunda', 5, 1),
(18, 7, 'Segunda', 6, 1),
(18, 7, 'Terca', 1, 1),
(18, 7, 'Terca', 2, 1),
(18, 7, 'Terca', 3, 1),
(18, 7, 'Terca', 4, 1),
(18, 7, 'Terca', 5, 1),
(18, 7, 'Terca', 6, 1),
(18, 7, 'Quarta', 1, 1),
(18, 7, 'Quarta', 2, 1),
(18, 7, 'Quarta', 3, 1),
(18, 7, 'Quarta', 4, 1),
(18, 7, 'Quarta', 5, 1),
(18, 7, 'Quarta', 6, 1),
(18, 7, 'Quinta', 1, 1),
(18, 7, 'Quinta', 2, 1),
(18, 7, 'Quinta', 6, 1),
(18, 7, 'Sexta', 1, 1),
(18, 7, 'Sexta', 2, 1),
(18, 7, 'Sexta', 6, 1),
(19, 7, 'Quinta', 1, 1),
(19, 7, 'Quinta', 2, 1),
(19, 7, 'Quinta', 3, 1),
(19, 7, 'Quinta', 4, 1),
(19, 7, 'Quinta', 5, 1),
(19, 7, 'Quinta', 6, 1),
(19, 7, 'Sexta', 1, 1),
(19, 7, 'Sexta', 2, 1),
(19, 7, 'Sexta', 3, 1),
(19, 7, 'Sexta', 4, 1),
(19, 7, 'Sexta', 5, 1),
(19, 7, 'Sexta', 6, 1),
(20, 7, 'Segunda', 1, 1),
(20, 7, 'Segunda', 2, 1),
(20, 7, 'Segunda', 3, 1),
(20, 7, 'Segunda', 4, 1),
(20, 7, 'Segunda', 5, 1),
(20, 7, 'Segunda', 6, 1),
(20, 7, 'Terca', 1, 1),
(20, 7, 'Terca', 2, 1),
(20, 7, 'Terca', 3, 1),
(20, 7, 'Terca', 4, 1),
(20, 7, 'Terca', 5, 1),
(20, 7, 'Terca', 6, 1),
(20, 7, 'Quarta', 1, 1),
(20, 7, 'Quarta', 2, 1),
(20, 7, 'Quarta', 3, 1),
(20, 7, 'Quarta', 4, 1),
(20, 7, 'Quarta', 5, 1),
(20, 7, 'Quarta', 6, 1),
(20, 7, 'Quinta', 1, 1),
(20, 7, 'Sexta', 1, 1),
(20, 7, 'Sexta', 2, 1),
(20, 7, 'Sexta', 3, 1),
(20, 7, 'Sexta', 4, 1),
(20, 7, 'Sexta', 5, 1),
(20, 7, 'Sexta', 6, 1),
(22, 7, 'Terca', 1, 1),
(22, 7, 'Terca', 2, 1),
(22, 7, 'Terca', 3, 1),
(22, 7, 'Terca', 4, 1),
(22, 7, 'Terca', 5, 1),
(22, 7, 'Terca', 6, 1),
(22, 7, 'Quinta', 1, 1),
(22, 7, 'Quinta', 2, 1),
(23, 7, 'Segunda', 1, 1),
(23, 7, 'Segunda', 2, 1),
(23, 7, 'Segunda', 3, 1),
(23, 7, 'Terca', 1, 1),
(23, 7, 'Terca', 2, 1),
(23, 7, 'Terca', 3, 1),
(23, 7, 'Terca', 4, 1),
(23, 7, 'Terca', 5, 1),
(23, 7, 'Terca', 6, 1),
(23, 7, 'Quarta', 1, 1),
(23, 7, 'Quarta', 2, 1),
(23, 7, 'Quarta', 3, 1),
(23, 7, 'Quarta', 4, 1),
(23, 7, 'Quarta', 5, 1),
(23, 7, 'Quarta', 6, 1),
(23, 7, 'Quinta', 1, 1),
(23, 7, 'Quinta', 2, 1),
(23, 7, 'Quinta', 3, 1),
(23, 7, 'Quinta', 4, 1),
(23, 7, 'Quinta', 5, 1),
(23, 7, 'Quinta', 6, 1),
(23, 7, 'Sexta', 1, 1),
(23, 7, 'Sexta', 2, 1),
(23, 7, 'Sexta', 3, 1),
(24, 7, 'Segunda', 1, 1),
(24, 7, 'Segunda', 2, 1),
(24, 7, 'Segunda', 3, 1),
(24, 7, 'Segunda', 4, 1),
(24, 7, 'Segunda', 5, 1),
(24, 7, 'Segunda', 6, 1),
(24, 7, 'Quarta', 1, 1),
(24, 7, 'Quarta', 2, 1),
(24, 7, 'Quarta', 3, 1),
(24, 7, 'Quarta', 4, 1),
(24, 7, 'Quarta', 5, 1),
(24, 7, 'Quarta', 6, 1),
(24, 7, 'Quinta', 1, 1),
(24, 7, 'Quinta', 2, 1),
(24, 7, 'Quinta', 3, 1),
(24, 7, 'Quinta', 4, 1),
(24, 7, 'Quinta', 5, 1),
(24, 7, 'Quinta', 6, 1),
(25, 7, 'Segunda', 1, 1),
(25, 7, 'Segunda', 2, 1),
(25, 7, 'Segunda', 3, 1),
(25, 7, 'Segunda', 4, 1),
(25, 7, 'Segunda', 5, 1),
(25, 7, 'Segunda', 6, 1),
(25, 7, 'Terca', 1, 1),
(25, 7, 'Terca', 2, 1),
(25, 7, 'Quarta', 1, 1),
(25, 7, 'Quarta', 2, 1),
(25, 7, 'Quarta', 3, 1),
(25, 7, 'Quarta', 4, 1),
(25, 7, 'Quarta', 5, 1),
(25, 7, 'Quarta', 6, 1),
(25, 7, 'Quinta', 1, 1),
(25, 7, 'Quinta', 2, 1),
(25, 7, 'Sexta', 1, 1),
(25, 7, 'Sexta', 2, 1),
(25, 7, 'Sexta', 3, 1),
(25, 7, 'Sexta', 4, 1),
(25, 7, 'Sexta', 5, 1),
(25, 7, 'Sexta', 6, 1),
(26, 7, 'Segunda', 1, 1),
(26, 7, 'Segunda', 2, 1),
(26, 7, 'Segunda', 3, 1),
(26, 7, 'Segunda', 4, 1),
(26, 7, 'Segunda', 5, 1),
(26, 7, 'Segunda', 6, 1),
(26, 7, 'Quarta', 1, 1),
(26, 7, 'Quarta', 2, 1),
(26, 7, 'Quarta', 3, 1),
(26, 7, 'Quarta', 4, 1),
(26, 7, 'Quarta', 5, 1),
(26, 7, 'Quarta', 6, 1),
(26, 7, 'Quinta', 1, 1),
(26, 7, 'Quinta', 2, 1),
(26, 7, 'Quinta', 3, 1),
(26, 7, 'Quinta', 4, 1),
(26, 7, 'Quinta', 5, 1),
(26, 7, 'Quinta', 6, 1),
(26, 7, 'Sexta', 1, 1),
(26, 7, 'Sexta', 2, 1),
(26, 7, 'Sexta', 3, 1),
(26, 7, 'Sexta', 4, 1),
(26, 7, 'Sexta', 5, 1),
(26, 7, 'Sexta', 6, 1),
(27, 7, 'Segunda', 1, 1),
(27, 7, 'Segunda', 2, 1),
(27, 7, 'Segunda', 3, 1),
(27, 7, 'Segunda', 4, 1),
(27, 7, 'Segunda', 5, 1),
(27, 7, 'Segunda', 6, 1),
(27, 7, 'Terca', 1, 1),
(27, 7, 'Terca', 2, 1),
(27, 7, 'Quarta', 1, 1),
(27, 7, 'Quarta', 2, 1),
(27, 7, 'Quarta', 3, 1),
(27, 7, 'Quarta', 4, 1),
(27, 7, 'Quarta', 5, 1),
(27, 7, 'Quarta', 6, 1),
(27, 7, 'Quinta', 1, 1),
(27, 7, 'Quinta', 2, 1),
(27, 7, 'Quinta', 3, 1),
(27, 7, 'Quinta', 4, 1),
(27, 7, 'Quinta', 5, 1),
(27, 7, 'Quinta', 6, 1),
(27, 7, 'Sexta', 1, 1),
(27, 7, 'Sexta', 2, 1),
(27, 7, 'Sexta', 3, 1),
(27, 7, 'Sexta', 4, 1),
(27, 7, 'Sexta', 5, 1),
(27, 7, 'Sexta', 6, 1),
(28, 7, 'Segunda', 1, 1),
(28, 7, 'Segunda', 2, 1),
(28, 7, 'Segunda', 3, 1),
(28, 7, 'Segunda', 4, 1),
(28, 7, 'Segunda', 5, 1),
(28, 7, 'Segunda', 6, 1),
(28, 7, 'Terca', 3, 1),
(28, 7, 'Terca', 4, 1),
(28, 7, 'Terca', 5, 1),
(28, 7, 'Terca', 6, 1),
(28, 7, 'Quarta', 1, 1),
(28, 7, 'Quarta', 2, 1),
(28, 7, 'Quarta', 3, 1),
(28, 7, 'Quarta', 4, 1),
(28, 7, 'Quarta', 5, 1),
(28, 7, 'Quarta', 6, 1),
(28, 7, 'Quinta', 1, 1),
(28, 7, 'Quinta', 2, 1),
(28, 7, 'Quinta', 3, 1),
(28, 7, 'Quinta', 4, 1),
(28, 7, 'Quinta', 5, 1),
(28, 7, 'Quinta', 6, 1),
(28, 7, 'Sexta', 1, 1),
(28, 7, 'Sexta', 2, 1),
(28, 7, 'Sexta', 3, 1),
(28, 7, 'Sexta', 4, 1),
(28, 7, 'Sexta', 5, 1),
(28, 7, 'Sexta', 6, 1),
(29, 7, 'Segunda', 1, 1),
(29, 7, 'Segunda', 2, 1),
(29, 7, 'Segunda', 3, 1),
(29, 7, 'Segunda', 4, 1),
(29, 7, 'Segunda', 5, 1),
(29, 7, 'Segunda', 6, 1),
(29, 7, 'Terca', 1, 1),
(29, 7, 'Terca', 2, 1),
(29, 7, 'Terca', 3, 1),
(29, 7, 'Terca', 4, 1),
(29, 7, 'Terca', 5, 1),
(29, 7, 'Terca', 6, 1),
(29, 7, 'Quarta', 5, 1),
(29, 7, 'Quarta', 6, 1),
(29, 7, 'Quinta', 1, 1),
(29, 7, 'Quinta', 2, 1),
(29, 7, 'Quinta', 3, 1),
(29, 7, 'Quinta', 4, 1),
(29, 7, 'Quinta', 5, 1),
(29, 7, 'Quinta', 6, 1),
(29, 7, 'Sexta', 1, 1),
(29, 7, 'Sexta', 2, 1),
(29, 7, 'Sexta', 3, 1),
(29, 7, 'Sexta', 4, 1),
(29, 7, 'Sexta', 5, 1),
(29, 7, 'Sexta', 6, 1),
(30, 7, 'Segunda', 1, 1),
(30, 7, 'Segunda', 2, 1),
(30, 7, 'Segunda', 3, 1),
(30, 7, 'Segunda', 4, 1),
(30, 7, 'Segunda', 5, 1),
(30, 7, 'Segunda', 6, 1),
(30, 7, 'Terca', 1, 1),
(30, 7, 'Terca', 2, 1),
(30, 7, 'Terca', 3, 1),
(30, 7, 'Terca', 4, 1),
(30, 7, 'Terca', 5, 1),
(30, 7, 'Terca', 6, 1),
(30, 7, 'Quinta', 1, 1),
(30, 7, 'Quinta', 2, 1),
(30, 7, 'Quinta', 3, 1),
(30, 7, 'Quinta', 4, 1),
(30, 7, 'Quinta', 5, 1),
(30, 7, 'Quinta', 6, 1),
(30, 7, 'Sexta', 1, 1),
(30, 7, 'Sexta', 2, 1),
(30, 7, 'Sexta', 3, 1),
(30, 7, 'Sexta', 4, 1),
(31, 7, 'Segunda', 2, 1),
(31, 7, 'Segunda', 3, 1),
(31, 7, 'Segunda', 5, 1),
(31, 7, 'Segunda', 6, 1),
(31, 7, 'Terca', 1, 1),
(31, 7, 'Terca', 2, 1),
(31, 7, 'Terca', 3, 1),
(31, 7, 'Terca', 4, 1),
(31, 7, 'Terca', 5, 1),
(31, 7, 'Terca', 6, 1),
(31, 7, 'Quarta', 1, 1),
(31, 7, 'Quarta', 2, 1),
(31, 7, 'Quarta', 3, 1),
(31, 7, 'Quarta', 4, 1),
(31, 7, 'Quarta', 5, 1),
(31, 7, 'Quarta', 6, 1),
(31, 7, 'Quinta', 1, 1),
(31, 7, 'Quinta', 2, 1),
(31, 7, 'Quinta', 3, 1),
(31, 7, 'Quinta', 4, 1),
(31, 7, 'Quinta', 5, 1),
(31, 7, 'Quinta', 6, 1),
(31, 7, 'Sexta', 1, 1),
(31, 7, 'Sexta', 2, 1),
(31, 7, 'Sexta', 3, 1),
(31, 7, 'Sexta', 4, 1),
(31, 7, 'Sexta', 5, 1),
(31, 7, 'Sexta', 6, 1),
(31, 7, 'Domingo', 1, 2),
(31, 7, 'Domingo', 2, 2),
(31, 7, 'Domingo', 3, 2),
(31, 7, 'Domingo', 4, 2),
(31, 7, 'Domingo', 5, 2),
(31, 7, 'Domingo', 6, 2),
(31, 7, 'Segunda', 1, 2),
(31, 7, 'Segunda', 2, 2),
(31, 7, 'Segunda', 3, 2),
(31, 7, 'Segunda', 4, 2),
(31, 7, 'Segunda', 5, 2),
(31, 7, 'Segunda', 6, 2),
(31, 7, 'Terca', 1, 2),
(31, 7, 'Terca', 2, 2),
(31, 7, 'Terca', 3, 2),
(31, 7, 'Terca', 4, 2),
(31, 7, 'Terca', 5, 2),
(31, 7, 'Terca', 6, 2),
(31, 7, 'Quarta', 1, 2),
(31, 7, 'Quarta', 2, 2),
(31, 7, 'Quarta', 3, 2),
(31, 7, 'Quarta', 4, 2),
(31, 7, 'Quarta', 5, 2),
(31, 7, 'Quarta', 6, 2),
(31, 7, 'Quinta', 1, 2),
(31, 7, 'Quinta', 2, 2),
(31, 7, 'Quinta', 3, 2),
(31, 7, 'Quinta', 4, 2),
(31, 7, 'Quinta', 5, 2),
(31, 7, 'Quinta', 6, 2),
(31, 7, 'Sexta', 1, 2),
(31, 7, 'Sexta', 2, 2),
(31, 7, 'Sexta', 3, 2),
(31, 7, 'Sexta', 6, 2),
(31, 7, 'Sabado', 1, 2),
(31, 7, 'Sabado', 2, 2),
(31, 7, 'Sabado', 3, 2),
(31, 7, 'Sabado', 4, 2),
(31, 7, 'Sabado', 5, 2),
(31, 7, 'Sabado', 6, 2),
(32, 7, 'Segunda', 1, 1),
(32, 7, 'Segunda', 2, 1),
(32, 7, 'Segunda', 3, 1),
(32, 7, 'Segunda', 4, 1),
(32, 7, 'Segunda', 5, 1),
(32, 7, 'Segunda', 6, 1),
(32, 7, 'Terca', 1, 1),
(32, 7, 'Terca', 2, 1),
(32, 7, 'Terca', 3, 1),
(32, 7, 'Terca', 4, 1),
(32, 7, 'Terca', 5, 1),
(32, 7, 'Terca', 6, 1),
(32, 7, 'Quarta', 1, 1),
(32, 7, 'Quarta', 2, 1),
(32, 7, 'Quarta', 3, 1),
(32, 7, 'Quarta', 4, 1),
(32, 7, 'Quarta', 5, 1),
(32, 7, 'Quarta', 6, 1),
(32, 7, 'Quinta', 1, 1),
(32, 7, 'Quinta', 2, 1),
(32, 7, 'Quinta', 3, 1),
(32, 7, 'Quinta', 4, 1),
(32, 7, 'Quinta', 5, 1),
(32, 7, 'Quinta', 6, 1),
(32, 7, 'Domingo', 1, 2),
(32, 7, 'Domingo', 2, 2),
(32, 7, 'Domingo', 3, 2),
(32, 7, 'Domingo', 4, 2),
(32, 7, 'Domingo', 5, 2),
(32, 7, 'Domingo', 6, 2),
(32, 7, 'Segunda', 1, 2),
(32, 7, 'Segunda', 2, 2),
(32, 7, 'Segunda', 3, 2),
(32, 7, 'Segunda', 4, 2),
(32, 7, 'Segunda', 5, 2),
(32, 7, 'Segunda', 6, 2),
(32, 7, 'Terca', 1, 2),
(32, 7, 'Terca', 2, 2),
(32, 7, 'Terca', 3, 2),
(32, 7, 'Terca', 4, 2),
(32, 7, 'Terca', 5, 2),
(32, 7, 'Terca', 6, 2),
(32, 7, 'Quarta', 1, 2),
(32, 7, 'Quarta', 2, 2),
(32, 7, 'Quarta', 3, 2),
(32, 7, 'Quarta', 4, 2),
(32, 7, 'Quarta', 5, 2),
(32, 7, 'Quarta', 6, 2),
(32, 7, 'Quinta', 1, 2),
(32, 7, 'Quinta', 2, 2),
(32, 7, 'Quinta', 3, 2),
(32, 7, 'Quinta', 4, 2),
(32, 7, 'Quinta', 5, 2),
(32, 7, 'Quinta', 6, 2),
(32, 7, 'Sexta', 6, 2),
(32, 7, 'Sabado', 1, 2),
(32, 7, 'Sabado', 2, 2),
(32, 7, 'Sabado', 3, 2),
(32, 7, 'Sabado', 4, 2),
(32, 7, 'Sabado', 5, 2),
(32, 7, 'Sabado', 6, 2),
(33, 7, 'Domingo', 1, 2),
(33, 7, 'Domingo', 2, 2),
(33, 7, 'Domingo', 3, 2),
(33, 7, 'Domingo', 4, 2),
(33, 7, 'Domingo', 5, 2),
(33, 7, 'Domingo', 6, 2),
(33, 7, 'Segunda', 1, 2),
(33, 7, 'Segunda', 2, 2),
(33, 7, 'Segunda', 3, 2),
(33, 7, 'Segunda', 4, 2),
(33, 7, 'Segunda', 5, 2),
(33, 7, 'Segunda', 6, 2),
(33, 7, 'Terca', 1, 2),
(33, 7, 'Terca', 2, 2),
(33, 7, 'Terca', 3, 2),
(33, 7, 'Terca', 4, 2),
(33, 7, 'Terca', 5, 2),
(33, 7, 'Terca', 6, 2),
(33, 7, 'Quarta', 1, 2),
(33, 7, 'Quarta', 2, 2),
(33, 7, 'Quarta', 3, 2),
(33, 7, 'Quarta', 4, 2),
(33, 7, 'Quarta', 5, 2),
(33, 7, 'Quarta', 6, 2),
(33, 7, 'Quinta', 1, 2),
(33, 7, 'Quinta', 2, 2),
(33, 7, 'Quinta', 3, 2),
(33, 7, 'Quinta', 4, 2),
(33, 7, 'Quinta', 5, 2),
(33, 7, 'Quinta', 6, 2),
(33, 7, 'Sexta', 5, 2),
(33, 7, 'Sexta', 6, 2),
(33, 7, 'Sabado', 1, 2),
(33, 7, 'Sabado', 2, 2),
(33, 7, 'Sabado', 3, 2),
(33, 7, 'Sabado', 4, 2),
(33, 7, 'Sabado', 5, 2),
(33, 7, 'Sabado', 6, 2),
(34, 7, 'Segunda', 1, 1),
(34, 7, 'Segunda', 2, 1),
(34, 7, 'Segunda', 3, 1),
(34, 7, 'Segunda', 4, 1),
(34, 7, 'Segunda', 5, 1),
(34, 7, 'Segunda', 6, 1),
(34, 7, 'Terca', 1, 1),
(34, 7, 'Terca', 2, 1),
(34, 7, 'Terca', 3, 1),
(34, 7, 'Terca', 4, 1),
(34, 7, 'Terca', 5, 1),
(34, 7, 'Terca', 6, 1),
(34, 7, 'Quarta', 1, 1),
(34, 7, 'Quarta', 2, 1),
(34, 7, 'Quarta', 3, 1),
(34, 7, 'Quarta', 4, 1),
(34, 7, 'Quarta', 5, 1),
(34, 7, 'Quarta', 6, 1),
(34, 7, 'Sexta', 1, 1),
(34, 7, 'Sexta', 2, 1),
(34, 7, 'Sexta', 3, 1),
(34, 7, 'Sexta', 4, 1),
(34, 7, 'Sexta', 5, 1),
(34, 7, 'Sexta', 6, 1),
(35, 7, 'Segunda', 4, 1),
(35, 7, 'Segunda', 5, 1),
(35, 7, 'Segunda', 6, 1),
(35, 7, 'Terca', 1, 1),
(35, 7, 'Terca', 2, 1),
(35, 7, 'Terca', 3, 1),
(35, 7, 'Terca', 4, 1),
(35, 7, 'Terca', 5, 1),
(35, 7, 'Terca', 6, 1),
(35, 7, 'Quarta', 1, 1),
(35, 7, 'Quarta', 2, 1),
(35, 7, 'Quarta', 3, 1),
(35, 7, 'Quarta', 4, 1),
(35, 7, 'Quinta', 1, 1),
(35, 7, 'Quinta', 2, 1),
(35, 7, 'Quinta', 3, 1),
(35, 7, 'Quinta', 4, 1),
(35, 7, 'Quinta', 5, 1),
(35, 7, 'Quinta', 6, 1),
(35, 7, 'Sexta', 1, 1),
(35, 7, 'Sexta', 5, 1),
(35, 7, 'Sexta', 6, 1),
(36, 7, 'Segunda', 1, 1),
(36, 7, 'Segunda', 2, 1),
(36, 7, 'Segunda', 3, 1),
(36, 7, 'Segunda', 4, 1),
(36, 7, 'Segunda', 5, 1),
(36, 7, 'Segunda', 6, 1),
(36, 7, 'Terca', 1, 1),
(36, 7, 'Terca', 2, 1),
(36, 7, 'Terca', 3, 1),
(36, 7, 'Terca', 4, 1),
(36, 7, 'Terca', 5, 1),
(36, 7, 'Terca', 6, 1),
(36, 7, 'Quarta', 1, 1),
(36, 7, 'Quarta', 2, 1),
(36, 7, 'Quarta', 3, 1),
(36, 7, 'Quarta', 4, 1),
(36, 7, 'Quarta', 5, 1),
(36, 7, 'Quarta', 6, 1),
(36, 7, 'Quinta', 1, 1),
(36, 7, 'Quinta', 2, 1),
(36, 7, 'Sexta', 1, 1),
(36, 7, 'Sexta', 2, 1),
(36, 7, 'Sexta', 3, 1),
(36, 7, 'Sexta', 4, 1),
(36, 7, 'Sexta', 5, 1),
(36, 7, 'Sexta', 6, 1),
(37, 7, 'Segunda', 1, 1),
(37, 7, 'Segunda', 2, 1),
(37, 7, 'Segunda', 3, 1),
(37, 7, 'Segunda', 4, 1),
(37, 7, 'Segunda', 5, 1),
(37, 7, 'Segunda', 6, 1),
(37, 7, 'Terca', 1, 1),
(37, 7, 'Terca', 2, 1),
(37, 7, 'Terca', 3, 1),
(37, 7, 'Terca', 4, 1),
(37, 7, 'Terca', 5, 1),
(37, 7, 'Terca', 6, 1),
(37, 7, 'Quarta', 1, 1),
(37, 7, 'Quarta', 2, 1),
(37, 7, 'Quarta', 3, 1),
(37, 7, 'Quarta', 4, 1),
(37, 7, 'Quarta', 5, 1),
(37, 7, 'Quarta', 6, 1),
(37, 7, 'Quinta', 1, 1),
(37, 7, 'Quinta', 2, 1),
(37, 7, 'Sexta', 1, 1),
(37, 7, 'Sexta', 2, 1),
(37, 7, 'Sexta', 3, 1),
(37, 7, 'Sexta', 4, 1),
(37, 7, 'Sexta', 5, 1),
(37, 7, 'Sexta', 6, 1),
(38, 7, 'Segunda', 1, 1),
(38, 7, 'Segunda', 2, 1),
(38, 7, 'Segunda', 3, 1),
(38, 7, 'Segunda', 4, 1),
(38, 7, 'Segunda', 5, 1),
(38, 7, 'Segunda', 6, 1),
(38, 7, 'Terca', 1, 1),
(38, 7, 'Terca', 2, 1),
(38, 7, 'Terca', 3, 1),
(38, 7, 'Terca', 4, 1),
(38, 7, 'Terca', 5, 1),
(38, 7, 'Terca', 6, 1),
(38, 7, 'Quarta', 1, 1),
(38, 7, 'Quarta', 2, 1),
(38, 7, 'Quarta', 3, 1),
(38, 7, 'Quarta', 4, 1),
(38, 7, 'Quarta', 5, 1),
(38, 7, 'Quarta', 6, 1),
(38, 7, 'Quinta', 1, 1),
(38, 7, 'Sexta', 1, 1),
(38, 7, 'Sexta', 2, 1),
(38, 7, 'Sexta', 3, 1),
(38, 7, 'Sexta', 4, 1),
(38, 7, 'Sexta', 5, 1),
(38, 7, 'Sexta', 6, 1),
(39, 7, 'Segunda', 1, 1),
(39, 7, 'Segunda', 2, 1),
(39, 7, 'Segunda', 3, 1),
(39, 7, 'Segunda', 4, 1),
(39, 7, 'Segunda', 5, 1),
(39, 7, 'Segunda', 6, 1),
(39, 7, 'Quarta', 1, 1),
(39, 7, 'Quarta', 2, 1),
(39, 7, 'Quarta', 3, 1),
(39, 7, 'Quarta', 4, 1),
(39, 7, 'Quarta', 5, 1),
(39, 7, 'Quarta', 6, 1),
(39, 7, 'Quinta', 1, 1),
(39, 7, 'Quinta', 2, 1),
(39, 7, 'Quinta', 3, 1),
(39, 7, 'Quinta', 4, 1),
(39, 7, 'Quinta', 5, 1),
(39, 7, 'Quinta', 6, 1),
(39, 7, 'Sexta', 1, 1),
(39, 7, 'Sexta', 2, 1),
(39, 7, 'Sexta', 3, 1),
(39, 7, 'Sexta', 4, 1),
(39, 7, 'Sexta', 5, 1),
(39, 7, 'Sexta', 6, 1),
(40, 7, 'Segunda', 3, 1),
(40, 7, 'Segunda', 4, 1),
(40, 7, 'Segunda', 5, 1),
(40, 7, 'Segunda', 6, 1),
(40, 7, 'Terca', 3, 1),
(40, 7, 'Terca', 4, 1),
(40, 7, 'Terca', 5, 1),
(40, 7, 'Terca', 6, 1),
(40, 7, 'Quarta', 3, 1),
(40, 7, 'Quarta', 4, 1),
(40, 7, 'Quarta', 5, 1),
(40, 7, 'Quarta', 6, 1),
(40, 7, 'Quinta', 1, 1),
(40, 7, 'Quinta', 2, 1),
(40, 7, 'Quinta', 3, 1),
(40, 7, 'Quinta', 4, 1),
(40, 7, 'Quinta', 5, 1),
(40, 7, 'Quinta', 6, 1),
(40, 7, 'Sexta', 3, 1),
(40, 7, 'Sexta', 4, 1),
(40, 7, 'Sexta', 5, 1),
(40, 7, 'Sexta', 6, 1),
(41, 7, 'Segunda', 3, 1),
(41, 7, 'Segunda', 4, 1),
(41, 7, 'Segunda', 5, 1),
(41, 7, 'Segunda', 6, 1),
(41, 7, 'Terca', 1, 1),
(41, 7, 'Terca', 2, 1),
(41, 7, 'Terca', 3, 1),
(41, 7, 'Terca', 4, 1),
(41, 7, 'Terca', 5, 1),
(41, 7, 'Terca', 6, 1),
(41, 7, 'Quarta', 1, 1),
(41, 7, 'Quarta', 2, 1),
(41, 7, 'Quarta', 3, 1),
(41, 7, 'Quarta', 4, 1),
(41, 7, 'Quarta', 5, 1),
(41, 7, 'Quarta', 6, 1),
(41, 7, 'Quinta', 1, 1),
(41, 7, 'Quinta', 2, 1),
(41, 7, 'Quinta', 3, 1),
(41, 7, 'Quinta', 4, 1),
(41, 7, 'Sexta', 1, 1),
(41, 7, 'Sexta', 2, 1),
(41, 7, 'Sexta', 3, 1),
(41, 7, 'Sexta', 4, 1),
(41, 7, 'Sexta', 5, 1),
(41, 7, 'Sexta', 6, 1),
(42, 7, 'Terca', 1, 1),
(42, 7, 'Terca', 2, 1),
(42, 7, 'Terca', 3, 1),
(42, 7, 'Terca', 4, 1),
(42, 7, 'Terca', 5, 1),
(42, 7, 'Terca', 6, 1),
(42, 7, 'Quarta', 1, 1),
(42, 7, 'Quarta', 2, 1),
(42, 7, 'Quarta', 3, 1),
(42, 7, 'Quarta', 4, 1),
(42, 7, 'Quarta', 5, 1),
(42, 7, 'Quarta', 6, 1),
(42, 7, 'Quinta', 1, 1),
(42, 7, 'Quinta', 2, 1),
(42, 7, 'Quinta', 3, 1),
(42, 7, 'Quinta', 4, 1),
(42, 7, 'Quinta', 5, 1),
(42, 7, 'Quinta', 6, 1),
(42, 7, 'Sexta', 1, 1),
(42, 7, 'Sexta', 2, 1),
(42, 7, 'Sexta', 3, 1),
(42, 7, 'Sexta', 4, 1),
(42, 7, 'Sexta', 5, 1),
(42, 7, 'Sexta', 6, 1),
(43, 7, 'Segunda', 1, 1),
(43, 7, 'Segunda', 2, 1),
(43, 7, 'Segunda', 3, 1),
(43, 7, 'Segunda', 4, 1),
(43, 7, 'Terca', 1, 1),
(43, 7, 'Terca', 2, 1),
(43, 7, 'Terca', 3, 1),
(43, 7, 'Terca', 4, 1),
(43, 7, 'Terca', 5, 1),
(43, 7, 'Terca', 6, 1),
(43, 7, 'Quarta', 1, 1),
(43, 7, 'Quarta', 2, 1),
(43, 7, 'Sexta', 5, 1),
(43, 7, 'Sexta', 6, 1),
(44, 7, 'Domingo', 1, 2),
(44, 7, 'Domingo', 2, 2),
(44, 7, 'Domingo', 3, 2),
(44, 7, 'Domingo', 4, 2),
(44, 7, 'Domingo', 5, 2),
(44, 7, 'Domingo', 6, 2),
(44, 7, 'Segunda', 1, 2),
(44, 7, 'Segunda', 2, 2),
(44, 7, 'Segunda', 3, 2),
(44, 7, 'Segunda', 4, 2),
(44, 7, 'Segunda', 5, 2),
(44, 7, 'Segunda', 6, 2),
(44, 7, 'Terca', 1, 2),
(44, 7, 'Terca', 2, 2),
(44, 7, 'Terca', 3, 2),
(44, 7, 'Terca', 4, 2),
(44, 7, 'Terca', 5, 2),
(44, 7, 'Terca', 6, 2),
(44, 7, 'Quarta', 1, 2),
(44, 7, 'Quarta', 2, 2),
(44, 7, 'Quarta', 3, 2),
(44, 7, 'Quarta', 4, 2),
(44, 7, 'Quarta', 5, 2),
(44, 7, 'Quarta', 6, 2),
(44, 7, 'Quinta', 1, 2),
(44, 7, 'Quinta', 2, 2),
(44, 7, 'Quinta', 3, 2),
(44, 7, 'Quinta', 4, 2),
(44, 7, 'Quinta', 5, 2),
(44, 7, 'Quinta', 6, 2),
(44, 7, 'Sexta', 1, 2),
(44, 7, 'Sexta', 6, 2),
(44, 7, 'Sabado', 1, 2),
(44, 7, 'Sabado', 2, 2),
(44, 7, 'Sabado', 3, 2),
(44, 7, 'Sabado', 4, 2),
(44, 7, 'Sabado', 5, 2),
(44, 7, 'Sabado', 6, 2),
(45, 7, 'Segunda', 1, 1),
(45, 7, 'Segunda', 2, 1),
(45, 7, 'Segunda', 3, 1),
(45, 7, 'Segunda', 4, 1),
(45, 7, 'Terca', 1, 1),
(45, 7, 'Terca', 2, 1),
(45, 7, 'Terca', 3, 1),
(45, 7, 'Terca', 4, 1),
(45, 7, 'Terca', 5, 1),
(45, 7, 'Terca', 6, 1),
(45, 7, 'Quarta', 1, 1),
(45, 7, 'Quarta', 2, 1),
(45, 7, 'Quarta', 3, 1),
(45, 7, 'Quarta', 4, 1),
(45, 7, 'Quarta', 5, 1),
(45, 7, 'Quarta', 6, 1),
(45, 7, 'Quinta', 1, 1),
(45, 7, 'Quinta', 2, 1),
(45, 7, 'Quinta', 3, 1),
(45, 7, 'Quinta', 4, 1),
(45, 7, 'Quinta', 5, 1),
(45, 7, 'Quinta', 6, 1),
(45, 7, 'Sexta', 1, 1),
(45, 7, 'Sexta', 2, 1),
(45, 7, 'Sexta', 3, 1),
(45, 7, 'Sexta', 4, 1),
(45, 7, 'Sexta', 5, 1),
(45, 7, 'Sexta', 6, 1),
(48, 7, 'Segunda', 1, 1),
(48, 7, 'Segunda', 2, 1),
(48, 7, 'Segunda', 3, 1),
(48, 7, 'Segunda', 4, 1),
(48, 7, 'Segunda', 5, 1),
(48, 7, 'Segunda', 6, 1),
(48, 7, 'Terca', 1, 1),
(48, 7, 'Terca', 2, 1),
(48, 7, 'Terca', 3, 1),
(48, 7, 'Terca', 4, 1),
(48, 7, 'Terca', 5, 1),
(48, 7, 'Terca', 6, 1),
(48, 7, 'Quarta', 1, 1),
(48, 7, 'Quarta', 2, 1),
(48, 7, 'Quarta', 3, 1),
(48, 7, 'Quarta', 4, 1),
(48, 7, 'Quarta', 5, 1),
(48, 7, 'Quarta', 6, 1),
(48, 7, 'Quinta', 2, 1),
(48, 7, 'Quinta', 3, 1),
(48, 7, 'Quinta', 4, 1),
(48, 7, 'Quinta', 5, 1),
(48, 7, 'Quinta', 6, 1),
(48, 7, 'Sexta', 1, 1),
(48, 7, 'Sexta', 2, 1),
(48, 7, 'Sexta', 3, 1),
(48, 7, 'Sexta', 4, 1),
(48, 7, 'Sexta', 5, 1),
(48, 7, 'Sexta', 6, 1),
(49, 7, 'Segunda', 1, 1),
(49, 7, 'Segunda', 2, 1),
(49, 7, 'Segunda', 3, 1),
(49, 7, 'Segunda', 4, 1),
(49, 7, 'Segunda', 5, 1),
(49, 7, 'Segunda', 6, 1),
(49, 7, 'Terca', 1, 1),
(49, 7, 'Terca', 2, 1),
(49, 7, 'Terca', 3, 1),
(49, 7, 'Terca', 4, 1),
(49, 7, 'Terca', 5, 1),
(49, 7, 'Terca', 6, 1),
(49, 7, 'Quarta', 1, 1),
(49, 7, 'Quarta', 2, 1),
(49, 7, 'Quarta', 3, 1),
(49, 7, 'Quarta', 4, 1),
(49, 7, 'Quarta', 5, 1),
(49, 7, 'Quarta', 6, 1),
(49, 7, 'Quinta', 2, 1),
(49, 7, 'Quinta', 3, 1),
(49, 7, 'Quinta', 4, 1),
(49, 7, 'Quinta', 5, 1),
(49, 7, 'Quinta', 6, 1),
(49, 7, 'Sexta', 1, 1),
(49, 7, 'Sexta', 2, 1),
(49, 7, 'Sexta', 3, 1),
(49, 7, 'Sexta', 4, 1),
(49, 7, 'Sexta', 5, 1),
(49, 7, 'Sexta', 6, 1),
(51, 7, 'Segunda', 1, 1),
(51, 7, 'Segunda', 2, 1),
(51, 7, 'Segunda', 3, 1),
(51, 7, 'Segunda', 4, 1),
(51, 7, 'Segunda', 5, 1),
(51, 7, 'Segunda', 6, 1),
(51, 7, 'Terca', 1, 1),
(51, 7, 'Terca', 2, 1),
(51, 7, 'Terca', 3, 1),
(51, 7, 'Terca', 4, 1),
(51, 7, 'Terca', 5, 1),
(51, 7, 'Terca', 6, 1),
(51, 7, 'Quarta', 1, 1),
(51, 7, 'Quarta', 2, 1),
(51, 7, 'Quarta', 3, 1),
(51, 7, 'Quarta', 4, 1),
(51, 7, 'Quarta', 5, 1),
(51, 7, 'Quarta', 6, 1),
(51, 7, 'Quinta', 2, 1),
(51, 7, 'Quinta', 3, 1),
(51, 7, 'Quinta', 4, 1),
(51, 7, 'Quinta', 5, 1),
(51, 7, 'Quinta', 6, 1),
(51, 7, 'Sexta', 1, 1),
(51, 7, 'Sexta', 2, 1),
(51, 7, 'Sexta', 3, 1),
(51, 7, 'Sexta', 4, 1),
(51, 7, 'Sexta', 5, 1),
(51, 7, 'Sexta', 6, 1),
(56, 7, 'Segunda', 1, 1),
(56, 7, 'Segunda', 2, 1),
(56, 7, 'Segunda', 3, 1),
(56, 7, 'Segunda', 4, 1),
(56, 7, 'Segunda', 5, 1),
(56, 7, 'Segunda', 6, 1),
(56, 7, 'Terca', 1, 1),
(56, 7, 'Terca', 2, 1),
(56, 7, 'Terca', 3, 1),
(56, 7, 'Terca', 4, 1),
(56, 7, 'Terca', 5, 1),
(56, 7, 'Terca', 6, 1),
(56, 7, 'Quarta', 1, 1),
(56, 7, 'Quarta', 2, 1),
(56, 7, 'Quarta', 3, 1),
(56, 7, 'Quarta', 4, 1),
(56, 7, 'Quarta', 5, 1),
(56, 7, 'Quarta', 6, 1),
(56, 7, 'Quinta', 2, 1),
(56, 7, 'Quinta', 3, 1),
(56, 7, 'Quinta', 4, 1),
(56, 7, 'Quinta', 5, 1),
(56, 7, 'Quinta', 6, 1),
(56, 7, 'Sexta', 1, 1),
(56, 7, 'Sexta', 2, 1),
(56, 7, 'Sexta', 3, 1),
(56, 7, 'Sexta', 4, 1),
(56, 7, 'Sexta', 5, 1),
(56, 7, 'Sexta', 6, 1),
(57, 7, 'Segunda', 1, 1),
(57, 7, 'Segunda', 2, 1),
(57, 7, 'Segunda', 3, 1),
(57, 7, 'Segunda', 4, 1),
(57, 7, 'Segunda', 5, 1),
(57, 7, 'Segunda', 6, 1),
(57, 7, 'Quarta', 1, 1),
(57, 7, 'Quarta', 2, 1),
(57, 7, 'Quarta', 3, 1),
(57, 7, 'Quarta', 4, 1),
(57, 7, 'Quarta', 5, 1),
(57, 7, 'Quarta', 6, 1),
(57, 7, 'Quinta', 1, 1),
(57, 7, 'Quinta', 6, 1),
(57, 7, 'Sexta', 1, 1),
(57, 7, 'Sexta', 2, 1),
(57, 7, 'Sexta', 3, 1),
(57, 7, 'Sexta', 4, 1),
(57, 7, 'Sexta', 5, 1),
(57, 7, 'Sexta', 6, 1),
(58, 7, 'Segunda', 6, 1),
(58, 7, 'Terca', 6, 1),
(58, 7, 'Quarta', 1, 1),
(58, 7, 'Quarta', 2, 1),
(58, 7, 'Quarta', 3, 1),
(58, 7, 'Quarta', 4, 1),
(58, 7, 'Quarta', 5, 1),
(58, 7, 'Quarta', 6, 1),
(58, 7, 'Quinta', 1, 1),
(58, 7, 'Quinta', 2, 1),
(58, 7, 'Quinta', 3, 1),
(58, 7, 'Quinta', 4, 1),
(58, 7, 'Quinta', 5, 1),
(58, 7, 'Quinta', 6, 1),
(58, 7, 'Sexta', 1, 1),
(58, 7, 'Sexta', 2, 1),
(58, 7, 'Sexta', 3, 1),
(58, 7, 'Sexta', 4, 1);

--
-- Acionadores `professor_restricoes`
--
DELIMITER $$
CREATE TRIGGER `trg_prof_restricoes_turno_bi` BEFORE INSERT ON `professor_restricoes` FOR EACH ROW BEGIN
  IF NEW.id_turno IS NULL OR NEW.id_turno = 0 THEN
    SIGNAL SQLSTATE '45000' SET MESSAGE_TEXT = 'id_turno inválido (0/NULL) em professor_restricoes';
  END IF;
END
$$
DELIMITER ;
DELIMITER $$
CREATE TRIGGER `trg_prof_restricoes_turno_bu` BEFORE UPDATE ON `professor_restricoes` FOR EACH ROW BEGIN
  IF NEW.id_turno IS NULL OR NEW.id_turno = 0 THEN
    SIGNAL SQLSTATE '45000' SET MESSAGE_TEXT = 'id_turno inválido (0/NULL) em professor_restricoes';
  END IF;
END
$$
DELIMITER ;

-- --------------------------------------------------------

--
-- Estrutura para tabela `professor_turnos`
--

CREATE TABLE `professor_turnos` (
  `id_professor` int(11) NOT NULL,
  `id_turno` int(11) NOT NULL
) ENGINE=InnoDB DEFAULT CHARSET=utf8mb4 COLLATE=utf8mb4_general_ci;

--
-- Despejando dados para a tabela `professor_turnos`
--

INSERT INTO `professor_turnos` (`id_professor`, `id_turno`) VALUES
(1, 1),
(2, 1),
(3, 1),
(4, 1),
(5, 1),
(5, 2),
(6, 1),
(7, 1),
(8, 1),
(9, 1),
(10, 1),
(11, 1),
(11, 2),
(12, 1),
(12, 2),
(13, 1),
(14, 1),
(15, 1),
(16, 1),
(17, 1),
(18, 1),
(19, 1),
(20, 1),
(21, 1),
(22, 1),
(23, 1),
(24, 1),
(24, 2),
(25, 1),
(26, 1),
(27, 1),
(28, 1),
(29, 1),
(30, 1),
(31, 1),
(31, 2),
(32, 1),
(32, 2),
(33, 2),
(34, 1),
(35, 1),
(36, 1),
(37, 1),
(38, 1),
(39, 1),
(40, 1),
(41, 1),
(42, 1),
(43, 1),
(44, 2),
(45, 1),
(48, 1),
(49, 1),
(51, 1),
(56, 1),
(57, 1),
(58, 1);

-- --------------------------------------------------------

--
-- Estrutura para tabela `remember_me_tokens`
--

CREATE TABLE `remember_me_tokens` (
  `id` int(11) NOT NULL,
  `user_id` int(11) NOT NULL,
  `selector` varchar(255) NOT NULL,
  `token_hash` varchar(255) NOT NULL,
  `expires_at` datetime NOT NULL,
  `created_at` timestamp NOT NULL DEFAULT current_timestamp()
) ENGINE=InnoDB DEFAULT CHARSET=utf8mb4 COLLATE=utf8mb4_general_ci;

-- --------------------------------------------------------

--
-- Estrutura para tabela `sala`
--

CREATE TABLE `sala` (
  `id_sala` int(11) NOT NULL,
  `id_ano_letivo` int(11) NOT NULL,
  `nome_sala` varchar(100) NOT NULL,
  `max_carteiras` int(11) DEFAULT NULL,
  `max_cadeiras` int(11) DEFAULT NULL,
  `capacidade_alunos` int(11) NOT NULL,
  `localizacao` varchar(255) DEFAULT NULL,
  `recursos` varchar(255) DEFAULT NULL,
  `data_cadastro` datetime DEFAULT current_timestamp()
) ENGINE=InnoDB DEFAULT CHARSET=utf8mb4 COLLATE=utf8mb4_general_ci;

--
-- Despejando dados para a tabela `sala`
--

INSERT INTO `sala` (`id_sala`, `id_ano_letivo`, `nome_sala`, `max_carteiras`, `max_cadeiras`, `capacidade_alunos`, `localizacao`, `recursos`, `data_cadastro`) VALUES
(1, 5, '101', 30, 30, 30, 'Térreo', 'Projetor', '2025-03-26 20:40:50'),
(2, 7, '204', 30, 30, 30, 'Edifício; 1 Andar', '', '2025-12-16 10:44:31');

-- --------------------------------------------------------

--
-- Estrutura para tabela `sala_turno`
--

CREATE TABLE `sala_turno` (
  `id_sala` int(11) NOT NULL,
  `id_turno` int(11) NOT NULL,
  `id_turma` int(11) DEFAULT NULL
) ENGINE=InnoDB DEFAULT CHARSET=utf8mb4 COLLATE=utf8mb4_general_ci;

--
-- Despejando dados para a tabela `sala_turno`
--

INSERT INTO `sala_turno` (`id_sala`, `id_turno`, `id_turma`) VALUES
(1, 2, 1),
(2, 1, 17);

-- --------------------------------------------------------

--
-- Estrutura para tabela `serie`
--

CREATE TABLE `serie` (
  `id_serie` int(11) NOT NULL,
  `id_nivel_ensino` int(11) NOT NULL,
  `nome_serie` varchar(50) NOT NULL,
  `total_aulas_semana` int(11) NOT NULL,
  `data_cadastro_serie` datetime DEFAULT current_timestamp()
) ENGINE=InnoDB DEFAULT CHARSET=utf8mb4 COLLATE=utf8mb4_general_ci;

--
-- Despejando dados para a tabela `serie`
--

INSERT INTO `serie` (`id_serie`, `id_nivel_ensino`, `nome_serie`, `total_aulas_semana`, `data_cadastro_serie`) VALUES
(1, 3, '6º Ano', 30, '2025-02-14 23:00:07'),
(2, 3, '7º Ano', 30, '2025-02-15 16:06:46'),
(3, 2, '1º Ano', 40, '2025-03-19 17:33:44'),
(4, 3, '8º Ano', 30, '2025-03-20 18:45:55'),
(5, 3, '9º Ano', 30, '2025-03-20 18:56:28'),
(6, 4, '1ª Série', 35, '2025-12-16 10:39:29'),
(7, 4, '2ª Série', 35, '2025-12-16 20:38:19'),
(8, 4, '3ª Série', 35, '2025-12-16 20:38:58'),
(9, 2, '2º Ano', 35, '2025-12-16 20:39:26'),
(10, 2, '3º Ano', 35, '2025-12-16 20:39:36'),
(11, 2, '4º Ano', 35, '2025-12-16 20:39:48'),
(12, 2, '5º Ano', 35, '2025-12-16 20:39:57');

-- --------------------------------------------------------

--
-- Estrutura para tabela `serie_disciplinas`
--

CREATE TABLE `serie_disciplinas` (
  `id_serie` int(11) NOT NULL,
  `id_disciplina` int(11) NOT NULL,
  `aulas_semana` int(11) NOT NULL
) ENGINE=InnoDB DEFAULT CHARSET=utf8mb4 COLLATE=utf8mb4_general_ci;

--
-- Despejando dados para a tabela `serie_disciplinas`
--

INSERT INTO `serie_disciplinas` (`id_serie`, `id_disciplina`, `aulas_semana`) VALUES
(1, 2, 6),
(1, 3, 5),
(1, 4, 2),
(1, 5, 3),
(1, 6, 1),
(1, 8, 3),
(1, 9, 2),
(1, 16, 2),
(1, 17, 4),
(1, 18, 1),
(1, 19, 1),
(2, 2, 5),
(2, 3, 5),
(2, 4, 3),
(2, 5, 3),
(2, 6, 1),
(2, 8, 3),
(2, 9, 2),
(2, 16, 2),
(2, 17, 4),
(2, 18, 1),
(2, 19, 1),
(4, 2, 7),
(4, 3, 2),
(4, 4, 3),
(4, 5, 3),
(4, 6, 1),
(4, 8, 3),
(4, 9, 2),
(4, 12, 1),
(4, 16, 2),
(4, 17, 4),
(4, 18, 1),
(4, 19, 1),
(5, 2, 6),
(5, 3, 2),
(5, 4, 3),
(5, 5, 3),
(5, 6, 1),
(5, 7, 1),
(5, 9, 2),
(5, 12, 2),
(5, 13, 2),
(5, 16, 2),
(5, 17, 4),
(5, 18, 1),
(5, 19, 1),
(6, 1, 2),
(6, 2, 4),
(6, 3, 1),
(6, 4, 3),
(6, 5, 3),
(6, 7, 4),
(6, 9, 1),
(6, 10, 1),
(6, 11, 1),
(6, 12, 4),
(6, 13, 4),
(6, 16, 2),
(6, 18, 1),
(6, 20, 2),
(6, 21, 1),
(6, 23, 1),
(7, 1, 2),
(7, 2, 4),
(7, 3, 1),
(7, 4, 3),
(7, 5, 3),
(7, 7, 4),
(7, 9, 1),
(7, 10, 1),
(7, 11, 1),
(7, 12, 4),
(7, 13, 4),
(7, 16, 2),
(7, 18, 1),
(7, 20, 2),
(7, 21, 1),
(7, 23, 1),
(8, 1, 2),
(8, 2, 6),
(8, 4, 2),
(8, 5, 2),
(8, 7, 5),
(8, 10, 1),
(8, 11, 1),
(8, 12, 5),
(8, 13, 5),
(8, 16, 2),
(8, 20, 2),
(8, 21, 1),
(8, 22, 1);

-- --------------------------------------------------------

--
-- Estrutura para tabela `turma`
--

CREATE TABLE `turma` (
  `id_turma` int(11) NOT NULL,
  `id_ano_letivo` int(11) NOT NULL,
  `id_serie` int(11) NOT NULL,
  `id_turno` int(11) NOT NULL,
  `nome_turma` varchar(50) NOT NULL,
  `data_cadastro_turma` datetime DEFAULT current_timestamp(),
  `intervalos_por_dia` int(11) NOT NULL,
  `intervalos_positions` varchar(20) NOT NULL
) ENGINE=InnoDB DEFAULT CHARSET=utf8mb4 COLLATE=utf8mb4_general_ci;

--
-- Despejando dados para a tabela `turma`
--

INSERT INTO `turma` (`id_turma`, `id_ano_letivo`, `id_serie`, `id_turno`, `nome_turma`, `data_cadastro_turma`, `intervalos_por_dia`, `intervalos_positions`) VALUES
(1, 5, 1, 1, 'A', '2025-02-16 12:01:55', 2, '3,5'),
(2, 5, 1, 1, 'B', '2025-02-17 20:12:58', 2, '3,5'),
(3, 5, 2, 1, 'A', '2025-02-18 19:58:37', 2, '3,5'),
(4, 5, 2, 1, 'B', '2025-02-18 19:58:46', 2, '3,5'),
(5, 5, 3, 2, 'A', '2025-03-19 17:34:32', 1, '4'),
(6, 5, 3, 2, 'B', '2025-03-19 17:35:03', 1, '4'),
(7, 5, 4, 1, 'A', '2025-03-20 19:03:06', 2, '3,5'),
(8, 7, 6, 1, 'A', '2025-12-16 11:22:35', 2, '3,5'),
(9, 7, 6, 2, 'A', '2025-12-16 11:22:35', 2, '3,5'),
(10, 7, 4, 1, 'B', '2025-12-16 20:41:28', 2, '3,5'),
(11, 7, 5, 1, 'A', '2025-12-16 20:41:44', 2, '3,5'),
(12, 7, 5, 1, 'B', '2025-12-16 20:41:56', 2, '3,5'),
(13, 7, 4, 1, 'A', '2025-12-16 20:42:36', 2, '3,5'),
(14, 7, 2, 1, 'A', '2025-12-16 20:42:47', 2, '3,5'),
(15, 7, 2, 1, 'B', '2025-12-16 20:43:09', 2, '3,5'),
(16, 7, 1, 1, 'B', '2025-12-16 20:43:21', 2, '3,5'),
(17, 7, 1, 1, 'A', '2025-12-16 20:43:30', 2, '3,5'),
(18, 7, 6, 1, 'B', '2025-12-17 09:46:48', 2, '3,5'),
(19, 7, 6, 2, 'B', '2025-12-17 09:46:48', 1, '3'),
(20, 7, 7, 1, 'U', '2025-12-17 09:47:42', 2, '3,5'),
(21, 7, 7, 2, 'U', '2025-12-17 09:47:42', 1, '3'),
(22, 7, 8, 1, 'A', '2025-12-17 09:48:32', 2, '3,5'),
(23, 7, 8, 2, 'A', '2025-12-17 09:48:32', 1, '3'),
(24, 7, 8, 1, 'B', '2025-12-17 09:49:57', 2, '3,5'),
(25, 7, 8, 2, 'B', '2025-12-17 09:49:57', 1, '3');

-- --------------------------------------------------------

--
-- Estrutura para tabela `turno`
--

CREATE TABLE `turno` (
  `id_turno` int(11) NOT NULL,
  `nome_turno` varchar(100) NOT NULL,
  `descricao_turno` varchar(255) DEFAULT NULL,
  `horario_inicio_turno` time NOT NULL,
  `horario_fim_turno` time NOT NULL,
  `data_cadastro_turno` datetime DEFAULT current_timestamp()
) ENGINE=InnoDB DEFAULT CHARSET=utf8mb4 COLLATE=utf8mb4_general_ci;

--
-- Despejando dados para a tabela `turno`
--

INSERT INTO `turno` (`id_turno`, `nome_turno`, `descricao_turno`, `horario_inicio_turno`, `horario_fim_turno`, `data_cadastro_turno`) VALUES
(1, 'Matutino', 'Turno para as aulas no período da manhã', '07:10:00', '12:10:00', '2025-02-08 10:40:15'),
(2, 'Vespertino', 'Turno para as aulas no período da tarde', '13:15:00', '17:50:00', '2025-02-16 12:15:49'),
(3, 'Noturno', 'Turno para as aulas no período da noite', '18:50:00', '22:50:00', '2025-02-16 12:16:29');

-- --------------------------------------------------------

--
-- Estrutura para tabela `turno_dias`
--

CREATE TABLE `turno_dias` (
  `id_turno_dia` int(11) NOT NULL,
  `id_turno` int(11) NOT NULL,
  `dia_semana` enum('Domingo','Segunda','Terca','Quarta','Quinta','Sexta','Sabado') NOT NULL,
  `aulas_no_dia` int(11) NOT NULL DEFAULT 0
) ENGINE=InnoDB DEFAULT CHARSET=utf8mb4 COLLATE=utf8mb4_general_ci;

--
-- Despejando dados para a tabela `turno_dias`
--

INSERT INTO `turno_dias` (`id_turno_dia`, `id_turno`, `dia_semana`, `aulas_no_dia`) VALUES
(15, 1, 'Domingo', 0),
(16, 1, 'Segunda', 6),
(17, 1, 'Terca', 6),
(18, 1, 'Quarta', 6),
(19, 1, 'Quinta', 6),
(20, 1, 'Sexta', 6),
(21, 1, 'Sabado', 0);

-- --------------------------------------------------------

--
-- Estrutura para tabela `usuario`
--

CREATE TABLE `usuario` (
  `id_usuario` int(11) NOT NULL,
  `nome_usuario` varchar(50) NOT NULL,
  `email_usuario` varchar(100) NOT NULL,
  `senha_usuario` varchar(255) NOT NULL,
  `nivel_usuario` varchar(25) NOT NULL,
  `situacao_usuario` enum('Ativo','Inativo') NOT NULL DEFAULT 'Ativo',
  `data_cadastro_usuario` datetime NOT NULL DEFAULT current_timestamp(),
  `data_alteracao_senha_usuario` datetime DEFAULT NULL,
  `imagem_usuario` varchar(255) DEFAULT NULL
) ENGINE=InnoDB DEFAULT CHARSET=utf8mb4 COLLATE=utf8mb4_general_ci;

--
-- Despejando dados para a tabela `usuario`
--

INSERT INTO `usuario` (`id_usuario`, `nome_usuario`, `email_usuario`, `senha_usuario`, `nivel_usuario`, `situacao_usuario`, `data_cadastro_usuario`, `data_alteracao_senha_usuario`, `imagem_usuario`) VALUES
(1, 'Diezare.Conde', 'diezare@proton.com', '$2y$10$zQY0rXZz3p2XBw7xBODt4upUTeRr0EMoa/s55hXqXQP9860QUFjzW', 'Administrador', 'Ativo', '2025-03-11 13:37:33', NULL, 'http://localhost/horarios/app/assets/imgs/perfil/1741733963_1741711053_Eu.jpg'),
(2, 'Eduardo', 'dudi86dudi@gmail.com', '$2y$10$Z1qrHwdbqmPuJ1XXeeItC.1E7H/5VkTvYdKY3Y21oqFEfIb1yoPI6', 'Usuário', 'Ativo', '2025-05-08 19:30:27', NULL, 'https://estrategiaslegais.com.br/horarios/app/assets/imgs/perfil/1765883931_Captura de tela 2025-12-16 080950.png'),
(3, 'Bruno.Lacerda', 'bruno@localhost.com', '$2y$10$s.lXvkwR8SMwu7GPuz2X/uyvoIZTzbfF6muRGsgLpYPC3VRkF/bZy', 'Usuário', 'Ativo', '2025-12-16 08:46:54', NULL, NULL);

-- --------------------------------------------------------

--
-- Estrutura para tabela `usuario_niveis`
--

CREATE TABLE `usuario_niveis` (
  `id_usuario` int(11) NOT NULL,
  `id_nivel_ensino` int(11) NOT NULL,
  `data_cadastro` datetime DEFAULT current_timestamp()
) ENGINE=InnoDB DEFAULT CHARSET=utf8mb4 COLLATE=utf8mb4_general_ci;

--
-- Despejando dados para a tabela `usuario_niveis`
--

INSERT INTO `usuario_niveis` (`id_usuario`, `id_nivel_ensino`, `data_cadastro`) VALUES
(1, 1, '2025-04-03 14:27:36'),
(1, 2, '2025-04-03 14:27:36'),
(1, 3, '2025-04-03 14:27:36'),
(1, 4, '2025-04-03 14:27:36'),
(1, 6, '2025-04-03 14:27:36'),
(1, 8, '2025-04-03 14:27:36'),
(2, 8, '2025-05-08 19:30:36'),
(3, 3, '2025-12-16 10:29:38'),
(3, 4, '2025-12-16 10:29:38'),
(3, 6, '2025-12-16 10:29:38');

--
-- Índices para tabelas despejadas
--

--
-- Índices de tabela `ano_letivo`
--
ALTER TABLE `ano_letivo`
  ADD PRIMARY KEY (`id_ano_letivo`),
  ADD UNIQUE KEY `ano` (`ano`);

--
-- Índices de tabela `categoria`
--
ALTER TABLE `categoria`
  ADD PRIMARY KEY (`id_categoria`),
  ADD KEY `id_modalidade` (`id_modalidade`);

--
-- Índices de tabela `configuracao_hora_aula_escolinha`
--
ALTER TABLE `configuracao_hora_aula_escolinha`
  ADD PRIMARY KEY (`id_configuracao`),
  ADD UNIQUE KEY `uk_ano_modalidade` (`id_ano_letivo`,`id_modalidade`),
  ADD KEY `id_modalidade` (`id_modalidade`),
  ADD KEY `fk_categoria` (`id_categoria`);

--
-- Índices de tabela `disciplina`
--
ALTER TABLE `disciplina`
  ADD PRIMARY KEY (`id_disciplina`);

--
-- Índices de tabela `eventos_calendario_escolar`
--
ALTER TABLE `eventos_calendario_escolar`
  ADD PRIMARY KEY (`id_evento`),
  ADD KEY `id_ano_letivo` (`id_ano_letivo`);

--
-- Índices de tabela `historico_horario`
--
ALTER TABLE `historico_horario`
  ADD PRIMARY KEY (`id_historico`),
  ADD KEY `id_ano_letivo` (`id_ano_letivo`),
  ADD KEY `idx_hist_ano_turno_turma_data` (`id_ano_letivo`,`id_turno`,`id_turma`,`data_arquivamento`);

--
-- Índices de tabela `horario`
--
ALTER TABLE `horario`
  ADD PRIMARY KEY (`id_horario`),
  ADD UNIQUE KEY `unq_turma_dia_aula` (`id_turma`,`dia_semana`,`numero_aula`),
  ADD UNIQUE KEY `uq_prof_slot` (`id_professor`,`id_turno`,`dia_semana`,`numero_aula`),
  ADD UNIQUE KEY `uq_turma_slot` (`id_turma`,`id_turno`,`dia_semana`,`numero_aula`),
  ADD UNIQUE KEY `uq_slot` (`id_ano_letivo`,`id_turno`,`id_turma`,`dia_semana`,`numero_aula`),
  ADD UNIQUE KEY `uq_horario_slot` (`id_ano_letivo`,`id_turma`,`id_turno`,`dia_semana`,`numero_aula`),
  ADD KEY `fk_horario_disciplina` (`id_disciplina`),
  ADD KEY `fk_horario_professor` (`id_professor`),
  ADD KEY `idx_h_turma_dia_aula` (`id_turma`,`dia_semana`,`numero_aula`),
  ADD KEY `idx_h_prof_dia_aula` (`id_professor`,`dia_semana`,`numero_aula`),
  ADD KEY `idx_h_disc` (`id_disciplina`),
  ADD KEY `ix_turma` (`id_turma`),
  ADD KEY `ix_prof` (`id_professor`),
  ADD KEY `idx_horario_ano_turno_turma` (`id_ano_letivo`,`id_turno`,`id_turma`),
  ADD KEY `idx_horario_ano_turno_dia_aula` (`id_ano_letivo`,`id_turno`,`dia_semana`,`numero_aula`),
  ADD KEY `idx_horario_prof_ano_turno_dia_aula` (`id_ano_letivo`,`id_turno`,`id_professor`,`dia_semana`,`numero_aula`);

--
-- Índices de tabela `horario_escolinha`
--
ALTER TABLE `horario_escolinha`
  ADD PRIMARY KEY (`id_horario_escolinha`),
  ADD KEY `fk_he_ano_letivo` (`id_ano_letivo`),
  ADD KEY `fk_he_nivel_ensino` (`id_nivel_ensino`),
  ADD KEY `fk_he_modalidade` (`id_modalidade`),
  ADD KEY `fk_he_categoria` (`id_categoria`),
  ADD KEY `fk_he_professor` (`id_professor`),
  ADD KEY `fk_he_turno` (`id_turno`);

--
-- Índices de tabela `horario_fixos`
--
ALTER TABLE `horario_fixos`
  ADD PRIMARY KEY (`id_horario_fixo`),
  ADD UNIQUE KEY `uq_turma_slot` (`id_turma`,`dia_semana`,`numero_aula`,`id_ano_letivo`);

--
-- Índices de tabela `instituicao`
--
ALTER TABLE `instituicao`
  ADD PRIMARY KEY (`id_instituicao`);

--
-- Índices de tabela `log_atividade`
--
ALTER TABLE `log_atividade`
  ADD PRIMARY KEY (`id_log`),
  ADD KEY `fk_log_atividade_usuario` (`id_usuario`);

--
-- Índices de tabela `modalidade`
--
ALTER TABLE `modalidade`
  ADD PRIMARY KEY (`id_modalidade`);

--
-- Índices de tabela `nivel_ensino`
--
ALTER TABLE `nivel_ensino`
  ADD PRIMARY KEY (`id_nivel_ensino`);

--
-- Índices de tabela `professor`
--
ALTER TABLE `professor`
  ADD PRIMARY KEY (`id_professor`);

--
-- Índices de tabela `professor_categoria`
--
ALTER TABLE `professor_categoria`
  ADD PRIMARY KEY (`id_professor`,`id_categoria`),
  ADD KEY `fk_pc_categoria` (`id_categoria`);

--
-- Índices de tabela `professor_disciplinas`
--
ALTER TABLE `professor_disciplinas`
  ADD PRIMARY KEY (`id_professor`,`id_disciplina`),
  ADD KEY `fk_pd_disciplina` (`id_disciplina`);

--
-- Índices de tabela `professor_disciplinas_turmas`
--
ALTER TABLE `professor_disciplinas_turmas`
  ADD PRIMARY KEY (`id_professor`,`id_disciplina`,`id_turma`),
  ADD UNIQUE KEY `uq_pdt` (`id_professor`,`id_disciplina`,`id_turma`),
  ADD KEY `fk_pdt_disciplina` (`id_disciplina`),
  ADD KEY `fk_pdt_turma` (`id_turma`),
  ADD KEY `idx_pdt_turma` (`id_turma`),
  ADD KEY `idx_pdt_prof_disc` (`id_professor`,`id_disciplina`);

--
-- Índices de tabela `professor_restricoes`
--
ALTER TABLE `professor_restricoes`
  ADD PRIMARY KEY (`id_professor`,`id_ano_letivo`,`id_turno`,`dia_semana`,`numero_aula`),
  ADD KEY `fk_pr_ano_letivo` (`id_ano_letivo`);

--
-- Índices de tabela `professor_turnos`
--
ALTER TABLE `professor_turnos`
  ADD PRIMARY KEY (`id_professor`,`id_turno`),
  ADD KEY `fk_pt_turno` (`id_turno`);

--
-- Índices de tabela `remember_me_tokens`
--
ALTER TABLE `remember_me_tokens`
  ADD PRIMARY KEY (`id`),
  ADD UNIQUE KEY `selector` (`selector`),
  ADD KEY `idx_rmt_user` (`user_id`),
  ADD KEY `idx_rmt_expires` (`expires_at`);

--
-- Índices de tabela `sala`
--
ALTER TABLE `sala`
  ADD PRIMARY KEY (`id_sala`),
  ADD KEY `fk_sala_ano_letivo` (`id_ano_letivo`);

--
-- Índices de tabela `sala_turno`
--
ALTER TABLE `sala_turno`
  ADD PRIMARY KEY (`id_sala`,`id_turno`),
  ADD KEY `fk_sala_turno_turno` (`id_turno`),
  ADD KEY `fk_sala_turno_turma` (`id_turma`);

--
-- Índices de tabela `serie`
--
ALTER TABLE `serie`
  ADD PRIMARY KEY (`id_serie`),
  ADD KEY `fk_serie_nivel_ensino` (`id_nivel_ensino`);

--
-- Índices de tabela `serie_disciplinas`
--
ALTER TABLE `serie_disciplinas`
  ADD PRIMARY KEY (`id_serie`,`id_disciplina`),
  ADD KEY `fk_sd_disciplina` (`id_disciplina`);

--
-- Índices de tabela `turma`
--
ALTER TABLE `turma`
  ADD PRIMARY KEY (`id_turma`),
  ADD UNIQUE KEY `unq_turma_ano` (`id_serie`,`id_turno`,`nome_turma`,`id_ano_letivo`),
  ADD KEY `fk_turma_ano_letivo` (`id_ano_letivo`),
  ADD KEY `fk_turma_turno` (`id_turno`);

--
-- Índices de tabela `turno`
--
ALTER TABLE `turno`
  ADD PRIMARY KEY (`id_turno`);

--
-- Índices de tabela `turno_dias`
--
ALTER TABLE `turno_dias`
  ADD PRIMARY KEY (`id_turno_dia`),
  ADD KEY `fk_turno_dias_turno` (`id_turno`);

--
-- Índices de tabela `usuario`
--
ALTER TABLE `usuario`
  ADD PRIMARY KEY (`id_usuario`),
  ADD UNIQUE KEY `email_usuario` (`email_usuario`);

--
-- Índices de tabela `usuario_niveis`
--
ALTER TABLE `usuario_niveis`
  ADD PRIMARY KEY (`id_usuario`,`id_nivel_ensino`),
  ADD KEY `fk_usuario_niveis_nivel` (`id_nivel_ensino`);

--
-- AUTO_INCREMENT para tabelas despejadas
--

--
-- AUTO_INCREMENT de tabela `ano_letivo`
--
ALTER TABLE `ano_letivo`
  MODIFY `id_ano_letivo` int(11) NOT NULL AUTO_INCREMENT, AUTO_INCREMENT=8;

--
-- AUTO_INCREMENT de tabela `categoria`
--
ALTER TABLE `categoria`
  MODIFY `id_categoria` int(11) NOT NULL AUTO_INCREMENT, AUTO_INCREMENT=15;

--
-- AUTO_INCREMENT de tabela `configuracao_hora_aula_escolinha`
--
ALTER TABLE `configuracao_hora_aula_escolinha`
  MODIFY `id_configuracao` int(11) NOT NULL AUTO_INCREMENT;

--
-- AUTO_INCREMENT de tabela `disciplina`
--
ALTER TABLE `disciplina`
  MODIFY `id_disciplina` int(11) NOT NULL AUTO_INCREMENT, AUTO_INCREMENT=25;

--
-- AUTO_INCREMENT de tabela `eventos_calendario_escolar`
--
ALTER TABLE `eventos_calendario_escolar`
  MODIFY `id_evento` int(11) NOT NULL AUTO_INCREMENT, AUTO_INCREMENT=4;

--
-- AUTO_INCREMENT de tabela `historico_horario`
--
ALTER TABLE `historico_horario`
  MODIFY `id_historico` int(11) NOT NULL AUTO_INCREMENT, AUTO_INCREMENT=329;

--
-- AUTO_INCREMENT de tabela `horario`
--
ALTER TABLE `horario`
  MODIFY `id_horario` int(11) NOT NULL AUTO_INCREMENT, AUTO_INCREMENT=22211;

--
-- AUTO_INCREMENT de tabela `horario_escolinha`
--
ALTER TABLE `horario_escolinha`
  MODIFY `id_horario_escolinha` int(11) NOT NULL AUTO_INCREMENT, AUTO_INCREMENT=33;

--
-- AUTO_INCREMENT de tabela `horario_fixos`
--
ALTER TABLE `horario_fixos`
  MODIFY `id_horario_fixo` int(11) NOT NULL AUTO_INCREMENT;

--
-- AUTO_INCREMENT de tabela `instituicao`
--
ALTER TABLE `instituicao`
  MODIFY `id_instituicao` int(11) NOT NULL AUTO_INCREMENT, AUTO_INCREMENT=3;

--
-- AUTO_INCREMENT de tabela `log_atividade`
--
ALTER TABLE `log_atividade`
  MODIFY `id_log` int(11) NOT NULL AUTO_INCREMENT, AUTO_INCREMENT=371;

--
-- AUTO_INCREMENT de tabela `modalidade`
--
ALTER TABLE `modalidade`
  MODIFY `id_modalidade` int(11) NOT NULL AUTO_INCREMENT, AUTO_INCREMENT=6;

--
-- AUTO_INCREMENT de tabela `nivel_ensino`
--
ALTER TABLE `nivel_ensino`
  MODIFY `id_nivel_ensino` int(11) NOT NULL AUTO_INCREMENT, AUTO_INCREMENT=9;

--
-- AUTO_INCREMENT de tabela `professor`
--
ALTER TABLE `professor`
  MODIFY `id_professor` int(11) NOT NULL AUTO_INCREMENT, AUTO_INCREMENT=59;

--
-- AUTO_INCREMENT de tabela `remember_me_tokens`
--
ALTER TABLE `remember_me_tokens`
  MODIFY `id` int(11) NOT NULL AUTO_INCREMENT;

--
-- AUTO_INCREMENT de tabela `sala`
--
ALTER TABLE `sala`
  MODIFY `id_sala` int(11) NOT NULL AUTO_INCREMENT, AUTO_INCREMENT=3;

--
-- AUTO_INCREMENT de tabela `serie`
--
ALTER TABLE `serie`
  MODIFY `id_serie` int(11) NOT NULL AUTO_INCREMENT, AUTO_INCREMENT=13;

--
-- AUTO_INCREMENT de tabela `turma`
--
ALTER TABLE `turma`
  MODIFY `id_turma` int(11) NOT NULL AUTO_INCREMENT, AUTO_INCREMENT=26;

--
-- AUTO_INCREMENT de tabela `turno`
--
ALTER TABLE `turno`
  MODIFY `id_turno` int(11) NOT NULL AUTO_INCREMENT, AUTO_INCREMENT=4;

--
-- AUTO_INCREMENT de tabela `turno_dias`
--
ALTER TABLE `turno_dias`
  MODIFY `id_turno_dia` int(11) NOT NULL AUTO_INCREMENT, AUTO_INCREMENT=22;

--
-- AUTO_INCREMENT de tabela `usuario`
--
ALTER TABLE `usuario`
  MODIFY `id_usuario` int(11) NOT NULL AUTO_INCREMENT, AUTO_INCREMENT=4;

--
-- Restrições para tabelas despejadas
--

--
-- Restrições para tabelas `categoria`
--
ALTER TABLE `categoria`
  ADD CONSTRAINT `categoria_ibfk_1` FOREIGN KEY (`id_modalidade`) REFERENCES `modalidade` (`id_modalidade`);

--
-- Restrições para tabelas `configuracao_hora_aula_escolinha`
--
ALTER TABLE `configuracao_hora_aula_escolinha`
  ADD CONSTRAINT `configuracao_hora_aula_escolinha_ibfk_1` FOREIGN KEY (`id_ano_letivo`) REFERENCES `ano_letivo` (`id_ano_letivo`),
  ADD CONSTRAINT `configuracao_hora_aula_escolinha_ibfk_2` FOREIGN KEY (`id_modalidade`) REFERENCES `modalidade` (`id_modalidade`),
  ADD CONSTRAINT `fk_categoria` FOREIGN KEY (`id_categoria`) REFERENCES `categoria` (`id_categoria`);

--
-- Restrições para tabelas `eventos_calendario_escolar`
--
ALTER TABLE `eventos_calendario_escolar`
  ADD CONSTRAINT `eventos_calendario_escolar_ibfk_1` FOREIGN KEY (`id_ano_letivo`) REFERENCES `ano_letivo` (`id_ano_letivo`);

--
-- Restrições para tabelas `historico_horario`
--
ALTER TABLE `historico_horario`
  ADD CONSTRAINT `fk_historico_ano_letivo` FOREIGN KEY (`id_ano_letivo`) REFERENCES `ano_letivo` (`id_ano_letivo`);

--
-- Restrições para tabelas `horario`
--
ALTER TABLE `horario`
  ADD CONSTRAINT `fk_horario_disciplina` FOREIGN KEY (`id_disciplina`) REFERENCES `disciplina` (`id_disciplina`),
  ADD CONSTRAINT `fk_horario_professor` FOREIGN KEY (`id_professor`) REFERENCES `professor` (`id_professor`),
  ADD CONSTRAINT `fk_horario_turma` FOREIGN KEY (`id_turma`) REFERENCES `turma` (`id_turma`);

--
-- Restrições para tabelas `horario_escolinha`
--
ALTER TABLE `horario_escolinha`
  ADD CONSTRAINT `fk_he_ano_letivo` FOREIGN KEY (`id_ano_letivo`) REFERENCES `ano_letivo` (`id_ano_letivo`),
  ADD CONSTRAINT `fk_he_categoria` FOREIGN KEY (`id_categoria`) REFERENCES `categoria` (`id_categoria`),
  ADD CONSTRAINT `fk_he_modalidade` FOREIGN KEY (`id_modalidade`) REFERENCES `modalidade` (`id_modalidade`),
  ADD CONSTRAINT `fk_he_nivel_ensino` FOREIGN KEY (`id_nivel_ensino`) REFERENCES `nivel_ensino` (`id_nivel_ensino`),
  ADD CONSTRAINT `fk_he_professor` FOREIGN KEY (`id_professor`) REFERENCES `professor` (`id_professor`),
  ADD CONSTRAINT `fk_he_turno` FOREIGN KEY (`id_turno`) REFERENCES `turno` (`id_turno`);

--
-- Restrições para tabelas `log_atividade`
--
ALTER TABLE `log_atividade`
  ADD CONSTRAINT `fk_log_atividade_usuario` FOREIGN KEY (`id_usuario`) REFERENCES `usuario` (`id_usuario`);

--
-- Restrições para tabelas `professor_categoria`
--
ALTER TABLE `professor_categoria`
  ADD CONSTRAINT `fk_pc_categoria` FOREIGN KEY (`id_categoria`) REFERENCES `categoria` (`id_categoria`),
  ADD CONSTRAINT `fk_pc_professor` FOREIGN KEY (`id_professor`) REFERENCES `professor` (`id_professor`);

--
-- Restrições para tabelas `professor_disciplinas`
--
ALTER TABLE `professor_disciplinas`
  ADD CONSTRAINT `fk_pd_disciplina` FOREIGN KEY (`id_disciplina`) REFERENCES `disciplina` (`id_disciplina`),
  ADD CONSTRAINT `fk_pd_professor` FOREIGN KEY (`id_professor`) REFERENCES `professor` (`id_professor`);

--
-- Restrições para tabelas `professor_disciplinas_turmas`
--
ALTER TABLE `professor_disciplinas_turmas`
  ADD CONSTRAINT `fk_pdt_disciplina` FOREIGN KEY (`id_disciplina`) REFERENCES `disciplina` (`id_disciplina`),
  ADD CONSTRAINT `fk_pdt_professor` FOREIGN KEY (`id_professor`) REFERENCES `professor` (`id_professor`),
  ADD CONSTRAINT `fk_pdt_turma` FOREIGN KEY (`id_turma`) REFERENCES `turma` (`id_turma`);

--
-- Restrições para tabelas `professor_restricoes`
--
ALTER TABLE `professor_restricoes`
  ADD CONSTRAINT `fk_pr_ano_letivo` FOREIGN KEY (`id_ano_letivo`) REFERENCES `ano_letivo` (`id_ano_letivo`),
  ADD CONSTRAINT `fk_pr_professor` FOREIGN KEY (`id_professor`) REFERENCES `professor` (`id_professor`);

--
-- Restrições para tabelas `professor_turnos`
--
ALTER TABLE `professor_turnos`
  ADD CONSTRAINT `fk_pt_professor` FOREIGN KEY (`id_professor`) REFERENCES `professor` (`id_professor`),
  ADD CONSTRAINT `fk_pt_turno` FOREIGN KEY (`id_turno`) REFERENCES `turno` (`id_turno`);

--
-- Restrições para tabelas `remember_me_tokens`
--
ALTER TABLE `remember_me_tokens`
  ADD CONSTRAINT `remember_me_tokens_ibfk_1` FOREIGN KEY (`user_id`) REFERENCES `usuario` (`id_usuario`) ON DELETE CASCADE;

--
-- Restrições para tabelas `sala`
--
ALTER TABLE `sala`
  ADD CONSTRAINT `fk_sala_ano_letivo` FOREIGN KEY (`id_ano_letivo`) REFERENCES `ano_letivo` (`id_ano_letivo`);

--
-- Restrições para tabelas `sala_turno`
--
ALTER TABLE `sala_turno`
  ADD CONSTRAINT `fk_sala_turno_sala` FOREIGN KEY (`id_sala`) REFERENCES `sala` (`id_sala`),
  ADD CONSTRAINT `fk_sala_turno_turma` FOREIGN KEY (`id_turma`) REFERENCES `turma` (`id_turma`),
  ADD CONSTRAINT `fk_sala_turno_turno` FOREIGN KEY (`id_turno`) REFERENCES `turno` (`id_turno`);

--
-- Restrições para tabelas `serie`
--
ALTER TABLE `serie`
  ADD CONSTRAINT `fk_serie_nivel_ensino` FOREIGN KEY (`id_nivel_ensino`) REFERENCES `nivel_ensino` (`id_nivel_ensino`);

--
-- Restrições para tabelas `serie_disciplinas`
--
ALTER TABLE `serie_disciplinas`
  ADD CONSTRAINT `fk_sd_disciplina` FOREIGN KEY (`id_disciplina`) REFERENCES `disciplina` (`id_disciplina`),
  ADD CONSTRAINT `fk_sd_serie` FOREIGN KEY (`id_serie`) REFERENCES `serie` (`id_serie`);

--
-- Restrições para tabelas `turma`
--
ALTER TABLE `turma`
  ADD CONSTRAINT `fk_turma_ano_letivo` FOREIGN KEY (`id_ano_letivo`) REFERENCES `ano_letivo` (`id_ano_letivo`),
  ADD CONSTRAINT `fk_turma_serie` FOREIGN KEY (`id_serie`) REFERENCES `serie` (`id_serie`),
  ADD CONSTRAINT `fk_turma_turno` FOREIGN KEY (`id_turno`) REFERENCES `turno` (`id_turno`);

--
-- Restrições para tabelas `turno_dias`
--
ALTER TABLE `turno_dias`
  ADD CONSTRAINT `fk_turno_dias_turno` FOREIGN KEY (`id_turno`) REFERENCES `turno` (`id_turno`);

--
-- Restrições para tabelas `usuario_niveis`
--
ALTER TABLE `usuario_niveis`
  ADD CONSTRAINT `fk_usuario_niveis_nivel` FOREIGN KEY (`id_nivel_ensino`) REFERENCES `nivel_ensino` (`id_nivel_ensino`),
  ADD CONSTRAINT `fk_usuario_niveis_usuario` FOREIGN KEY (`id_usuario`) REFERENCES `usuario` (`id_usuario`);
COMMIT;

/*!40101 SET CHARACTER_SET_CLIENT=@OLD_CHARACTER_SET_CLIENT */;
/*!40101 SET CHARACTER_SET_RESULTS=@OLD_CHARACTER_SET_RESULTS */;
/*!40101 SET COLLATION_CONNECTION=@OLD_COLLATION_CONNECTION */;
