-- phpMyAdmin SQL Dump
-- version 5.2.1
-- https://www.phpmyadmin.net/
--
-- Host: 127.0.0.1
-- Tempo de geração: 03/02/2026 às 17:34
-- Versão do servidor: 10.4.32-MariaDB
-- Versão do PHP: 8.2.12

SET SQL_MODE = "NO_AUTO_VALUE_ON_ZERO";
START TRANSACTION;
SET time_zone = "+00:00";


/*!40101 SET @OLD_CHARACTER_SET_CLIENT=@@CHARACTER_SET_CLIENT */;
/*!40101 SET @OLD_CHARACTER_SET_RESULTS=@@CHARACTER_SET_RESULTS */;
/*!40101 SET @OLD_COLLATION_CONNECTION=@@COLLATION_CONNECTION */;
/*!40101 SET NAMES utf8mb4 */;

--
-- Banco de dados: `horario_aulas`
--

-- --------------------------------------------------------

--
-- Estrutura para tabela `ano_letivo`
--

CREATE TABLE `ano_letivo` (
  `id_ano_letivo` int(11) NOT NULL,
  `ano` year(4) NOT NULL,
  `data_inicio` date NOT NULL,
  `data_fim` date NOT NULL,
  `data_cadastro` datetime DEFAULT current_timestamp()
) ENGINE=InnoDB DEFAULT CHARSET=utf8mb4 COLLATE=utf8mb4_general_ci;

--
-- Despejando dados para a tabela `ano_letivo`
--

INSERT INTO `ano_letivo` (`id_ano_letivo`, `ano`, `data_inicio`, `data_fim`, `data_cadastro`) VALUES
(5, '2025', '2025-01-01', '2025-12-31', '2025-02-12 20:48:26'),
(7, '2026', '2026-01-01', '2026-12-31', '2025-12-16 10:31:22');

-- --------------------------------------------------------

--
-- Estrutura para tabela `categoria`
--

CREATE TABLE `categoria` (
  `id_categoria` int(11) NOT NULL,
  `id_modalidade` int(11) NOT NULL,
  `nome_categoria` varchar(100) NOT NULL,
  `descricao` varchar(255) DEFAULT NULL,
  `data_cadastro` datetime DEFAULT current_timestamp()
) ENGINE=InnoDB DEFAULT CHARSET=utf8mb4 COLLATE=utf8mb4_general_ci;

--
-- Despejando dados para a tabela `categoria`
--

INSERT INTO `categoria` (`id_categoria`, `id_modalidade`, `nome_categoria`, `descricao`, `data_cadastro`) VALUES
(1, 1, '1° e 2° Ano / Sub-7', 'Escolinha de futsal masculino sub-7', '2025-04-01 10:41:23'),
(2, 5, '2º ao 5º ano', '', '2025-05-08 19:32:57'),
(3, 1, '4 e 5 Anos / Sub-5', '', '2025-05-08 19:33:38'),
(4, 1, '5º e 6º ano / Sub-11', '', '2025-05-08 19:43:49'),
(5, 1, '7º e 9º ano', '', '2025-05-08 19:44:08'),
(6, 1, 'Ensino Médio', '', '2025-05-08 19:44:37'),
(7, 2, 'B', '', '2025-05-08 22:27:52'),
(8, 5, 'A', '', '2025-05-08 22:28:09'),
(9, 1, '3° e 4° Ano / Sub-9', '', '2025-05-13 17:44:48'),
(10, 3, '2º ao 5º ano', '', '2025-05-13 18:08:11'),
(11, 4, 'A e B', '', '2025-05-13 18:20:46'),
(12, 3, '6º e 7º ano / Sub12', '', '2025-05-13 18:21:34'),
(13, 3, 'A e B', '', '2025-05-13 18:22:06'),
(14, 2, 'A', 'ensino médio', '2025-06-03 16:36:33');

-- --------------------------------------------------------

--
-- Estrutura para tabela `configuracao_hora_aula_escolinha`
--

CREATE TABLE `configuracao_hora_aula_escolinha` (
  `id_configuracao` int(11) NOT NULL,
  `id_ano_letivo` int(11) NOT NULL,
  `id_modalidade` int(11) NOT NULL,
  `id_categoria` int(11) DEFAULT NULL,
  `duracao_aula_minutos` int(11) DEFAULT 50,
  `tolerancia_quebra` tinyint(1) DEFAULT 1,
  `data_cadastro` timestamp NOT NULL DEFAULT current_timestamp(),
  `ativo` tinyint(1) DEFAULT 1
) ENGINE=InnoDB DEFAULT CHARSET=utf8mb4 COLLATE=utf8mb4_general_ci;

-- --------------------------------------------------------

--
-- Estrutura para tabela `disciplina`
--

CREATE TABLE `disciplina` (
  `id_disciplina` int(11) NOT NULL,
  `nome_disciplina` varchar(100) NOT NULL,
  `sigla_disciplina` varchar(20) NOT NULL,
  `data_cadastro_disciplina` datetime DEFAULT current_timestamp()
) ENGINE=InnoDB DEFAULT CHARSET=utf8mb4 COLLATE=utf8mb4_general_ci;

--
-- Despejando dados para a tabela `disciplina`
--

INSERT INTO `disciplina` (`id_disciplina`, `nome_disciplina`, `sigla_disciplina`, `data_cadastro_disciplina`) VALUES
(1, 'Português', 'POR', '2025-02-07 15:58:47'),
(2, 'Matemática', 'MAT', '2025-02-13 14:17:11'),
(3, 'Inglês', 'ING', '2025-02-15 15:43:10'),
(4, 'História', 'HIS', '2025-02-15 15:58:09'),
(5, 'Geografia', 'GEO', '2025-02-15 15:58:22'),
(6, 'Artes', 'ART', '2025-03-20 18:22:55'),
(7, 'Biologia', 'BIO', '2025-03-20 18:23:08'),
(8, 'Ciências', 'CIE', '2025-03-20 18:23:23'),
(9, 'Educação Física', 'EDF', '2025-03-20 18:23:41'),
(10, 'Filosofia', 'FIL', '2025-03-20 18:23:54'),
(11, 'Sociologia', 'SOC', '2025-03-20 18:24:16'),
(12, 'Química', 'QUI', '2025-03-20 18:24:33'),
(13, 'Física', 'FIS', '2025-03-20 18:24:43'),
(15, 'Espanhol', 'ESP', '2025-03-20 18:25:34'),
(16, 'Literatura', 'LIT', '2025-03-20 18:40:06'),
(17, 'Gramática', 'GRA', '2025-03-20 18:44:33'),
(18, 'Prova', 'PRO', '2025-03-27 14:23:59'),
(19, 'Escola da Inteligência', 'EIN', '2025-03-27 14:25:02'),
(20, 'Redação', 'RED', '2025-03-27 14:27:42'),
(21, 'Arte', 'ARE', '2025-03-27 14:28:14'),
(22, 'Língua Estrangeira', 'LIE', '2025-03-27 14:29:07'),
(23, 'Projeto de Vida', 'PJV', '2025-03-27 14:30:06'),
(25, 'Matemática ¹', 'MAA', '2026-01-12 20:43:45'),
(26, 'Matemática ²', 'MAB', '2026-01-12 20:43:56'),
(27, 'Matemática Básica', 'MAC', '2026-02-03 09:21:18');

-- --------------------------------------------------------

--
-- Estrutura para tabela `eventos_calendario_escolar`
--

CREATE TABLE `eventos_calendario_escolar` (
  `id_evento` int(11) NOT NULL,
  `id_ano_letivo` int(11) NOT NULL,
  `tipo_evento` enum('feriado','recesso','ferias') NOT NULL,
  `nome_evento` varchar(100) NOT NULL,
  `data_inicio` date NOT NULL,
  `data_fim` date NOT NULL,
  `observacoes` text DEFAULT NULL
) ENGINE=InnoDB DEFAULT CHARSET=utf8mb4 COLLATE=utf8mb4_general_ci;

-- --------------------------------------------------------

--
-- Estrutura para tabela `historico_horario`
--

CREATE TABLE `historico_horario` (
  `id_historico` int(11) NOT NULL,
  `id_horario_original` int(11) NOT NULL,
  `id_turma` int(11) NOT NULL,
  `id_turno` int(11) NOT NULL DEFAULT 1,
  `id_ano_letivo` int(11) NOT NULL,
  `dia_semana` enum('Domingo','Segunda','Terca','Quarta','Quinta','Sexta','Sabado') NOT NULL,
  `numero_aula` int(11) NOT NULL,
  `id_disciplina` int(11) NOT NULL,
  `id_professor` int(11) NOT NULL,
  `data_criacao_original` datetime NOT NULL,
  `data_arquivamento` datetime DEFAULT current_timestamp()
) ENGINE=InnoDB DEFAULT CHARSET=utf8mb4 COLLATE=utf8mb4_general_ci;

--
-- Despejando dados para a tabela `historico_horario`
--

INSERT INTO `historico_horario` (`id_historico`, `id_horario_original`, `id_turma`, `id_turno`, `id_ano_letivo`, `dia_semana`, `numero_aula`, `id_disciplina`, `id_professor`, `data_criacao_original`, `data_arquivamento`) VALUES
(360, 23307, 16, 1, 7, 'Terca', 2, 16, 21, '2026-01-14 11:13:56', '2026-01-14 11:14:02'),
(361, 23288, 17, 1, 7, 'Quinta', 1, 18, 2, '2026-01-14 11:06:29', '2026-01-14 13:35:48'),
(362, 23312, 16, 1, 7, 'Quinta', 1, 18, 21, '2026-01-14 11:14:30', '2026-01-14 13:35:51'),
(363, 23375, 15, 1, 7, 'Quinta', 1, 18, 49, '2026-01-14 11:23:04', '2026-01-14 13:36:04'),
(364, 23347, 14, 1, 7, 'Quinta', 1, 18, 48, '2026-01-14 11:18:47', '2026-01-14 13:36:06'),
(365, 23404, 13, 1, 7, 'Quinta', 1, 18, 6, '2026-01-14 11:26:23', '2026-01-14 13:36:09'),
(366, 23434, 10, 1, 7, 'Quinta', 1, 18, 51, '2026-01-14 11:44:54', '2026-01-14 13:36:14'),
(367, 23491, 12, 1, 7, 'Quinta', 1, 18, 15, '2026-01-14 11:53:37', '2026-01-14 13:36:18'),
(368, 23286, 17, 1, 7, 'Quarta', 5, 4, 22, '2026-01-14 11:06:05', '2026-01-14 13:47:00'),
(369, 23316, 16, 1, 7, 'Quarta', 4, 4, 22, '2026-01-14 11:14:55', '2026-01-14 13:47:14'),
(370, 23374, 15, 1, 7, 'Quarta', 6, 4, 22, '2026-01-14 11:22:58', '2026-01-14 13:47:30'),
(371, 23328, 16, 1, 7, 'Sexta', 6, 8, 58, '2026-01-14 11:16:26', '2026-01-14 13:50:31'),
(372, 23503, 17, 1, 7, 'Quinta', 1, 18, 10, '2026-01-14 13:39:41', '2026-01-14 13:58:33'),
(373, 23275, 17, 1, 7, 'Segunda', 5, 8, 58, '2026-01-14 11:04:20', '2026-01-14 22:15:55'),
(374, 23309, 16, 1, 7, 'Terca', 4, 8, 58, '2026-01-14 11:14:15', '2026-01-14 22:16:21'),
(375, 23271, 17, 1, 7, 'Segunda', 1, 3, 10, '2026-01-14 11:03:55', '2026-02-03 07:44:10'),
(376, 23277, 17, 1, 7, 'Terca', 1, 2, 2, '2026-01-14 11:04:40', '2026-02-03 07:44:12'),
(377, 23282, 17, 1, 7, 'Quarta', 1, 3, 10, '2026-01-14 11:05:37', '2026-02-03 07:44:13'),
(378, 23511, 17, 1, 7, 'Quinta', 1, 18, 22, '2026-01-14 13:58:42', '2026-02-03 07:44:13'),
(379, 23294, 17, 1, 7, 'Sexta', 1, 3, 10, '2026-01-14 11:07:06', '2026-02-03 07:44:15'),
(380, 23299, 17, 1, 7, 'Sexta', 2, 9, 57, '2026-01-14 11:11:57', '2026-02-03 07:44:16'),
(381, 23289, 17, 1, 7, 'Quinta', 2, 2, 2, '2026-01-14 11:06:36', '2026-02-03 07:44:19'),
(382, 23272, 17, 1, 7, 'Segunda', 2, 17, 19, '2026-01-14 11:04:00', '2026-02-03 07:44:21'),
(383, 23273, 17, 1, 7, 'Segunda', 3, 8, 58, '2026-01-14 11:04:07', '2026-02-03 07:44:22'),
(384, 23278, 17, 1, 7, 'Terca', 2, 3, 10, '2026-01-14 11:04:45', '2026-02-03 07:44:23'),
(385, 23279, 17, 1, 7, 'Terca', 3, 9, 57, '2026-01-14 11:04:51', '2026-02-03 07:44:24'),
(386, 23283, 17, 1, 7, 'Quarta', 2, 2, 2, '2026-01-14 11:05:43', '2026-02-03 07:44:25'),
(387, 23284, 17, 1, 7, 'Quarta', 3, 5, 6, '2026-01-14 11:05:52', '2026-02-03 07:44:26'),
(388, 23290, 17, 1, 7, 'Quinta', 3, 5, 6, '2026-01-14 11:06:41', '2026-02-03 07:44:27'),
(389, 23295, 17, 1, 7, 'Sexta', 3, 6, 8, '2026-01-14 11:07:28', '2026-02-03 07:44:28'),
(390, 23296, 17, 1, 7, 'Sexta', 4, 19, 15, '2026-01-14 11:07:34', '2026-02-03 07:44:30'),
(391, 23291, 17, 1, 7, 'Quinta', 4, 3, 10, '2026-01-14 11:06:49', '2026-02-03 07:44:31'),
(392, 23285, 17, 1, 7, 'Quarta', 4, 5, 6, '2026-01-14 11:05:57', '2026-02-03 07:44:32'),
(393, 23280, 17, 1, 7, 'Terca', 4, 17, 19, '2026-01-14 11:04:58', '2026-02-03 07:44:32'),
(394, 23274, 17, 1, 7, 'Segunda', 4, 17, 19, '2026-01-14 11:04:13', '2026-02-03 07:44:34'),
(395, 23513, 17, 1, 7, 'Segunda', 5, 8, 58, '2026-01-14 22:16:36', '2026-02-03 07:44:34'),
(396, 23281, 17, 1, 7, 'Terca', 5, 17, 19, '2026-01-14 11:05:04', '2026-02-03 07:44:35'),
(397, 23292, 17, 1, 7, 'Quinta', 5, 16, 21, '2026-01-14 11:06:54', '2026-02-03 07:44:37'),
(398, 23297, 17, 1, 7, 'Sexta', 5, 16, 21, '2026-01-14 11:07:40', '2026-02-03 07:44:38'),
(399, 23298, 17, 1, 7, 'Sexta', 6, 2, 2, '2026-01-14 11:07:58', '2026-02-03 07:44:39'),
(400, 23293, 17, 1, 7, 'Quinta', 6, 2, 2, '2026-01-14 11:07:01', '2026-02-03 07:44:41'),
(401, 23287, 17, 1, 7, 'Quarta', 6, 2, 2, '2026-01-14 11:06:13', '2026-02-03 07:44:41'),
(402, 23276, 17, 1, 7, 'Segunda', 6, 4, 22, '2026-01-14 11:04:28', '2026-02-03 07:44:43'),
(403, 23300, 16, 1, 7, 'Segunda', 1, 16, 21, '2026-01-14 11:13:08', '2026-02-03 07:44:46'),
(404, 23306, 16, 1, 7, 'Terca', 1, 3, 10, '2026-01-14 11:13:48', '2026-02-03 07:44:47'),
(405, 23313, 16, 1, 7, 'Quarta', 1, 2, 2, '2026-01-14 11:14:39', '2026-02-03 07:44:48'),
(406, 23504, 16, 1, 7, 'Quinta', 1, 18, 2, '2026-01-14 13:39:54', '2026-02-03 07:44:49'),
(407, 23323, 16, 1, 7, 'Sexta', 1, 2, 2, '2026-01-14 11:15:56', '2026-02-03 07:44:51'),
(408, 23324, 16, 1, 7, 'Sexta', 2, 9, 9, '2026-01-14 11:16:02', '2026-02-03 07:44:52'),
(409, 23314, 16, 1, 7, 'Quarta', 2, 17, 19, '2026-01-14 11:14:43', '2026-02-03 07:44:55'),
(410, 23307, 16, 1, 7, 'Terca', 2, 2, 2, '2026-01-14 11:13:56', '2026-02-03 07:44:56'),
(411, 23301, 16, 1, 7, 'Segunda', 2, 3, 10, '2026-01-14 11:13:14', '2026-02-03 07:44:57'),
(412, 23302, 16, 1, 7, 'Segunda', 3, 17, 19, '2026-01-14 11:13:19', '2026-02-03 07:44:59'),
(413, 23308, 16, 1, 7, 'Terca', 3, 9, 9, '2026-01-14 11:14:08', '2026-02-03 07:45:00'),
(414, 23315, 16, 1, 7, 'Quarta', 3, 3, 10, '2026-01-14 11:14:47', '2026-02-03 07:45:01'),
(415, 23319, 16, 1, 7, 'Quinta', 3, 2, 2, '2026-01-14 11:15:31', '2026-02-03 07:45:02'),
(416, 23325, 16, 1, 7, 'Sexta', 3, 3, 10, '2026-01-14 11:16:07', '2026-02-03 07:45:03'),
(417, 23326, 16, 1, 7, 'Sexta', 4, 16, 21, '2026-01-14 11:16:13', '2026-02-03 07:45:04'),
(418, 23320, 16, 1, 7, 'Quinta', 4, 19, 15, '2026-01-14 11:15:37', '2026-02-03 07:45:05'),
(419, 23303, 16, 1, 7, 'Segunda', 4, 8, 58, '2026-01-14 11:13:26', '2026-02-03 07:45:07'),
(420, 23304, 16, 1, 7, 'Segunda', 5, 4, 22, '2026-01-14 11:13:32', '2026-02-03 07:45:08'),
(421, 23310, 16, 1, 7, 'Terca', 5, 2, 2, '2026-01-14 11:14:20', '2026-02-03 07:45:10'),
(422, 23317, 16, 1, 7, 'Quarta', 5, 17, 19, '2026-01-14 11:15:02', '2026-02-03 07:45:10'),
(423, 23321, 16, 1, 7, 'Quinta', 5, 2, 2, '2026-01-14 11:15:43', '2026-02-03 07:45:11'),
(424, 23327, 16, 1, 7, 'Sexta', 5, 6, 8, '2026-01-14 11:16:17', '2026-02-03 07:45:13'),
(425, 23322, 16, 1, 7, 'Quinta', 6, 5, 6, '2026-01-14 11:15:46', '2026-02-03 07:45:14'),
(426, 23318, 16, 1, 7, 'Quarta', 6, 17, 19, '2026-01-14 11:15:07', '2026-02-03 07:45:15'),
(427, 23311, 16, 1, 7, 'Terca', 6, 5, 6, '2026-01-14 11:14:24', '2026-02-03 07:45:16'),
(428, 23305, 16, 1, 7, 'Segunda', 6, 5, 6, '2026-01-14 11:13:38', '2026-02-03 07:45:16'),
(429, 23329, 14, 1, 7, 'Segunda', 1, 8, 16, '2026-01-14 11:17:07', '2026-02-03 07:45:20'),
(430, 23335, 14, 1, 7, 'Terca', 1, 6, 8, '2026-01-14 11:17:41', '2026-02-03 07:45:21'),
(431, 23341, 14, 1, 7, 'Quarta', 1, 17, 19, '2026-01-14 11:18:13', '2026-02-03 07:45:22'),
(432, 23505, 14, 1, 7, 'Quinta', 1, 18, 48, '2026-01-14 13:40:05', '2026-02-03 07:45:22'),
(433, 23352, 14, 1, 7, 'Sexta', 1, 8, 16, '2026-01-14 11:19:56', '2026-02-03 07:45:24'),
(434, 23353, 14, 1, 7, 'Sexta', 2, 3, 10, '2026-01-14 11:20:04', '2026-02-03 07:45:26'),
(435, 23514, 14, 1, 7, 'Quinta', 2, 4, 22, '2026-01-14 22:17:11', '2026-02-03 07:45:26'),
(436, 23342, 14, 1, 7, 'Quarta', 2, 3, 10, '2026-01-14 11:18:19', '2026-02-03 07:45:27'),
(437, 23336, 14, 1, 7, 'Terca', 2, 17, 19, '2026-01-14 11:17:47', '2026-02-03 07:45:28'),
(438, 23330, 14, 1, 7, 'Segunda', 2, 16, 21, '2026-01-14 11:17:13', '2026-02-03 07:45:29'),
(439, 23331, 14, 1, 7, 'Segunda', 3, 3, 10, '2026-01-14 11:17:18', '2026-02-03 07:45:30'),
(440, 23337, 14, 1, 7, 'Terca', 3, 3, 10, '2026-01-14 11:17:52', '2026-02-03 07:45:32'),
(441, 23343, 14, 1, 7, 'Quarta', 3, 2, 2, '2026-01-14 11:18:25', '2026-02-03 07:45:32'),
(442, 23348, 14, 1, 7, 'Quinta', 3, 3, 10, '2026-01-14 11:19:26', '2026-02-03 07:45:34'),
(443, 23354, 14, 1, 7, 'Sexta', 3, 9, 57, '2026-01-14 11:20:10', '2026-02-03 07:45:35'),
(444, 23355, 14, 1, 7, 'Sexta', 4, 2, 2, '2026-01-14 11:20:16', '2026-02-03 07:45:36'),
(445, 23349, 14, 1, 7, 'Quinta', 4, 2, 2, '2026-01-14 11:19:35', '2026-02-03 07:45:38'),
(446, 23344, 14, 1, 7, 'Quarta', 4, 2, 2, '2026-01-14 11:18:31', '2026-02-03 07:45:39'),
(447, 23338, 14, 1, 7, 'Terca', 4, 2, 2, '2026-01-14 11:17:57', '2026-02-03 07:45:39'),
(448, 23332, 14, 1, 7, 'Segunda', 4, 4, 22, '2026-01-14 11:17:24', '2026-02-03 07:45:41'),
(449, 23333, 14, 1, 7, 'Segunda', 5, 5, 6, '2026-01-14 11:17:30', '2026-02-03 07:45:43'),
(450, 23334, 14, 1, 7, 'Segunda', 6, 17, 19, '2026-01-14 11:17:35', '2026-02-03 07:45:44'),
(451, 23340, 14, 1, 7, 'Terca', 6, 17, 19, '2026-01-14 11:18:08', '2026-02-03 07:45:45'),
(452, 23339, 14, 1, 7, 'Terca', 5, 9, 57, '2026-01-14 11:18:03', '2026-02-03 07:45:46'),
(453, 23345, 14, 1, 7, 'Quarta', 5, 5, 6, '2026-01-14 11:18:37', '2026-02-03 07:45:47'),
(454, 23346, 14, 1, 7, 'Quarta', 6, 16, 21, '2026-01-14 11:18:40', '2026-02-03 07:45:48'),
(455, 23351, 14, 1, 7, 'Quinta', 6, 19, 15, '2026-01-14 11:19:50', '2026-02-03 07:45:49'),
(456, 23350, 14, 1, 7, 'Quinta', 5, 5, 6, '2026-01-14 11:19:41', '2026-02-03 07:45:50'),
(457, 23356, 14, 1, 7, 'Sexta', 5, 4, 22, '2026-01-14 11:20:19', '2026-02-03 07:45:50'),
(458, 23357, 14, 1, 7, 'Sexta', 6, 8, 16, '2026-01-14 11:20:29', '2026-02-03 07:45:51'),
(459, 23358, 15, 1, 7, 'Segunda', 1, 17, 19, '2026-01-14 11:20:50', '2026-02-03 07:45:55'),
(460, 23364, 15, 1, 7, 'Terca', 1, 17, 19, '2026-01-14 11:21:29', '2026-02-03 07:45:56'),
(461, 23515, 15, 1, 7, 'Quarta', 1, 5, 6, '2026-01-14 22:17:39', '2026-02-03 07:45:57'),
(462, 23506, 15, 1, 7, 'Quinta', 1, 18, 49, '2026-01-14 13:40:19', '2026-02-03 07:45:59'),
(463, 23381, 15, 1, 7, 'Sexta', 1, 16, 21, '2026-01-14 11:23:36', '2026-02-03 07:46:00'),
(464, 23382, 15, 1, 7, 'Sexta', 2, 2, 2, '2026-01-14 11:23:42', '2026-02-03 07:46:01'),
(465, 23376, 15, 1, 7, 'Quinta', 2, 16, 21, '2026-01-14 11:23:09', '2026-02-03 07:46:02'),
(466, 23370, 15, 1, 7, 'Quarta', 2, 8, 16, '2026-01-14 11:22:36', '2026-02-03 07:46:03'),
(467, 23365, 15, 1, 7, 'Terca', 2, 6, 8, '2026-01-14 11:21:34', '2026-02-03 07:46:04'),
(468, 23359, 15, 1, 7, 'Segunda', 2, 8, 16, '2026-01-14 11:20:56', '2026-02-03 07:46:05'),
(469, 23360, 15, 1, 7, 'Segunda', 3, 5, 6, '2026-01-14 11:21:05', '2026-02-03 07:46:06'),
(470, 23366, 15, 1, 7, 'Terca', 3, 2, 2, '2026-01-14 11:21:41', '2026-02-03 07:46:07'),
(471, 23371, 15, 1, 7, 'Quarta', 3, 17, 19, '2026-01-14 11:22:42', '2026-02-03 07:46:08'),
(472, 23377, 15, 1, 7, 'Quinta', 3, 4, 22, '2026-01-14 11:23:14', '2026-02-03 07:46:09'),
(473, 23383, 15, 1, 7, 'Sexta', 3, 9, 9, '2026-01-14 11:23:48', '2026-02-03 07:46:10'),
(474, 23384, 15, 1, 7, 'Sexta', 4, 3, 10, '2026-01-14 11:23:52', '2026-02-03 07:46:12'),
(475, 23378, 15, 1, 7, 'Quinta', 4, 5, 6, '2026-01-14 11:23:20', '2026-02-03 07:46:13'),
(476, 23372, 15, 1, 7, 'Quarta', 4, 3, 10, '2026-01-14 11:22:49', '2026-02-03 07:46:14'),
(477, 23367, 15, 1, 7, 'Terca', 4, 3, 10, '2026-01-14 11:21:46', '2026-02-03 07:46:15'),
(478, 23361, 15, 1, 7, 'Segunda', 4, 3, 10, '2026-01-14 11:21:11', '2026-02-03 07:46:16'),
(479, 23362, 15, 1, 7, 'Segunda', 5, 17, 19, '2026-01-14 11:21:15', '2026-02-03 07:46:17'),
(480, 23368, 15, 1, 7, 'Terca', 5, 9, 9, '2026-01-14 11:21:51', '2026-02-03 07:46:18'),
(481, 23363, 15, 1, 7, 'Segunda', 6, 8, 16, '2026-01-14 11:21:22', '2026-02-03 07:46:19'),
(482, 23369, 15, 1, 7, 'Terca', 6, 2, 2, '2026-01-14 11:21:56', '2026-02-03 07:46:20'),
(483, 23373, 15, 1, 7, 'Quarta', 5, 2, 2, '2026-01-14 11:22:53', '2026-02-03 07:46:21'),
(484, 23379, 15, 1, 7, 'Quinta', 5, 4, 22, '2026-01-14 11:23:25', '2026-02-03 07:46:22'),
(485, 23380, 15, 1, 7, 'Quinta', 6, 3, 10, '2026-01-14 11:23:30', '2026-02-03 07:46:24'),
(486, 23386, 15, 1, 7, 'Sexta', 6, 19, 15, '2026-01-14 11:24:07', '2026-02-03 07:46:25'),
(487, 23385, 15, 1, 7, 'Sexta', 5, 2, 2, '2026-01-14 11:23:57', '2026-02-03 07:46:26'),
(488, 23387, 13, 1, 7, 'Segunda', 1, 25, 14, '2026-01-14 11:24:24', '2026-02-03 07:46:29'),
(489, 23393, 13, 1, 7, 'Terca', 1, 26, 3, '2026-01-14 11:25:05', '2026-02-03 07:46:30'),
(490, 23512, 13, 1, 7, 'Quarta', 1, 8, 16, '2026-01-14 14:04:07', '2026-02-03 07:46:31'),
(491, 23507, 13, 1, 7, 'Quinta', 1, 18, 6, '2026-01-14 13:40:28', '2026-02-03 07:46:32'),
(492, 23410, 13, 1, 7, 'Sexta', 1, 6, 8, '2026-01-14 11:26:56', '2026-02-03 07:46:33'),
(493, 23411, 13, 1, 7, 'Sexta', 2, 17, 21, '2026-01-14 11:27:00', '2026-02-03 07:46:34'),
(494, 23405, 13, 1, 7, 'Quinta', 2, 5, 6, '2026-01-14 11:26:28', '2026-02-03 07:46:35'),
(495, 23399, 13, 1, 7, 'Quarta', 2, 5, 6, '2026-01-14 11:25:54', '2026-02-03 07:46:36'),
(496, 23394, 13, 1, 7, 'Terca', 2, 9, 57, '2026-01-14 11:25:10', '2026-02-03 07:46:37'),
(497, 23388, 13, 1, 7, 'Segunda', 2, 16, 4, '2026-01-14 11:24:30', '2026-02-03 07:46:38'),
(498, 23389, 13, 1, 7, 'Segunda', 3, 4, 22, '2026-01-14 11:24:38', '2026-02-03 07:46:39'),
(499, 23395, 13, 1, 7, 'Terca', 3, 5, 6, '2026-01-14 11:25:15', '2026-02-03 07:46:40'),
(500, 23400, 13, 1, 7, 'Quarta', 3, 25, 14, '2026-01-14 11:26:00', '2026-02-03 07:46:41'),
(501, 23406, 13, 1, 7, 'Quinta', 3, 9, 57, '2026-01-14 11:26:34', '2026-02-03 07:46:42'),
(502, 23412, 13, 1, 7, 'Sexta', 3, 8, 16, '2026-01-14 11:27:05', '2026-02-03 07:46:42'),
(503, 23413, 13, 1, 7, 'Sexta', 4, 4, 22, '2026-01-14 11:27:09', '2026-02-03 07:46:44'),
(504, 23407, 13, 1, 7, 'Quinta', 4, 3, 18, '2026-01-14 11:26:38', '2026-02-03 07:46:45'),
(505, 23401, 13, 1, 7, 'Quarta', 4, 17, 21, '2026-01-14 11:26:06', '2026-02-03 07:46:46'),
(506, 23396, 13, 1, 7, 'Terca', 4, 17, 21, '2026-01-14 11:25:21', '2026-02-03 07:46:47'),
(507, 23390, 13, 1, 7, 'Segunda', 4, 8, 16, '2026-01-14 11:24:44', '2026-02-03 07:46:48'),
(508, 23391, 13, 1, 7, 'Segunda', 5, 12, 23, '2026-01-14 11:24:49', '2026-02-03 07:46:49'),
(509, 23397, 13, 1, 7, 'Terca', 5, 25, 14, '2026-01-14 11:25:26', '2026-02-03 07:46:50'),
(510, 23402, 13, 1, 7, 'Quarta', 5, 26, 3, '2026-01-14 11:26:12', '2026-02-03 07:46:51'),
(511, 23408, 13, 1, 7, 'Quinta', 5, 19, 15, '2026-01-14 11:26:43', '2026-02-03 07:46:52'),
(512, 23414, 13, 1, 7, 'Sexta', 5, 3, 18, '2026-01-14 11:27:13', '2026-02-03 07:46:53'),
(513, 23415, 13, 1, 7, 'Sexta', 6, 4, 22, '2026-01-14 11:27:22', '2026-02-03 07:46:55'),
(514, 23409, 13, 1, 7, 'Quinta', 6, 17, 21, '2026-01-14 11:26:49', '2026-02-03 07:46:56'),
(515, 23403, 13, 1, 7, 'Quarta', 6, 25, 14, '2026-01-14 11:26:18', '2026-02-03 07:46:58'),
(516, 23398, 13, 1, 7, 'Terca', 6, 26, 3, '2026-01-14 11:25:32', '2026-02-03 07:46:59'),
(517, 23392, 13, 1, 7, 'Segunda', 6, 16, 4, '2026-01-14 11:24:55', '2026-02-03 07:47:00'),
(518, 23416, 10, 1, 7, 'Segunda', 1, 16, 4, '2026-01-14 11:42:26', '2026-02-03 07:47:05'),
(519, 23422, 10, 1, 7, 'Terca', 1, 25, 14, '2026-01-14 11:43:09', '2026-02-03 07:47:06'),
(520, 23428, 10, 1, 7, 'Quarta', 1, 26, 3, '2026-01-14 11:43:50', '2026-02-03 07:47:07'),
(521, 23508, 10, 1, 7, 'Quinta', 1, 18, 21, '2026-01-14 13:40:34', '2026-02-03 07:47:08'),
(522, 23440, 10, 1, 7, 'Sexta', 1, 4, 22, '2026-01-14 11:46:22', '2026-02-03 07:47:09'),
(523, 23441, 10, 1, 7, 'Sexta', 2, 8, 16, '2026-01-14 11:46:26', '2026-02-03 07:47:10'),
(524, 23435, 10, 1, 7, 'Quinta', 2, 19, 15, '2026-01-14 11:45:02', '2026-02-03 07:47:11'),
(525, 23429, 10, 1, 7, 'Quarta', 2, 17, 21, '2026-01-14 11:43:54', '2026-02-03 07:47:12'),
(526, 23423, 10, 1, 7, 'Terca', 2, 9, 9, '2026-01-14 11:43:13', '2026-02-03 07:47:13'),
(527, 23417, 10, 1, 7, 'Segunda', 2, 25, 14, '2026-01-14 11:42:32', '2026-02-03 07:47:14'),
(528, 23418, 10, 1, 7, 'Segunda', 3, 17, 21, '2026-01-14 11:42:38', '2026-02-03 07:47:15'),
(529, 23424, 10, 1, 7, 'Terca', 3, 26, 3, '2026-01-14 11:43:23', '2026-02-03 07:47:16'),
(530, 23430, 10, 1, 7, 'Quarta', 3, 8, 16, '2026-01-14 11:43:59', '2026-02-03 07:47:17'),
(531, 23436, 10, 1, 7, 'Quinta', 3, 9, 9, '2026-01-14 11:45:08', '2026-02-03 07:47:17'),
(532, 23442, 10, 1, 7, 'Sexta', 3, 3, 18, '2026-01-14 11:46:32', '2026-02-03 07:47:18'),
(533, 23443, 10, 1, 7, 'Sexta', 4, 6, 8, '2026-01-14 11:46:38', '2026-02-03 07:47:19'),
(534, 23437, 10, 1, 7, 'Quinta', 4, 4, 22, '2026-01-14 11:45:15', '2026-02-03 07:47:22'),
(535, 23431, 10, 1, 7, 'Quarta', 4, 26, 3, '2026-01-14 11:44:04', '2026-02-03 07:47:23'),
(536, 23425, 10, 1, 7, 'Terca', 4, 5, 6, '2026-01-14 11:43:29', '2026-02-03 07:47:24'),
(537, 23419, 10, 1, 7, 'Segunda', 4, 17, 21, '2026-01-14 11:42:46', '2026-02-03 07:47:25'),
(538, 23420, 10, 1, 7, 'Segunda', 5, 16, 4, '2026-01-14 11:42:53', '2026-02-03 07:47:26'),
(539, 23421, 10, 1, 7, 'Segunda', 6, 12, 23, '2026-01-14 11:42:59', '2026-02-03 07:47:30'),
(540, 23426, 10, 1, 7, 'Terca', 5, 5, 6, '2026-01-14 11:43:37', '2026-02-03 07:47:31'),
(541, 23427, 10, 1, 7, 'Terca', 6, 25, 14, '2026-01-14 11:43:44', '2026-02-03 07:47:32'),
(542, 23433, 10, 1, 7, 'Quarta', 6, 5, 6, '2026-01-14 11:44:14', '2026-02-03 07:47:33'),
(543, 23432, 10, 1, 7, 'Quarta', 5, 25, 14, '2026-01-14 11:44:08', '2026-02-03 07:47:34'),
(544, 23438, 10, 1, 7, 'Quinta', 5, 3, 18, '2026-01-14 11:46:11', '2026-02-03 07:47:35'),
(545, 23439, 10, 1, 7, 'Quinta', 6, 4, 22, '2026-01-14 11:46:17', '2026-02-03 07:47:36'),
(546, 23445, 10, 1, 7, 'Sexta', 6, 17, 21, '2026-01-14 11:46:50', '2026-02-03 07:47:37'),
(547, 23444, 10, 1, 7, 'Sexta', 5, 8, 16, '2026-01-14 11:46:45', '2026-02-03 07:47:38'),
(548, 23446, 11, 1, 7, 'Segunda', 1, 13, 17, '2026-01-14 11:47:07', '2026-02-03 07:47:41'),
(549, 23452, 11, 1, 7, 'Terca', 1, 9, 57, '2026-01-14 11:47:38', '2026-02-03 07:47:42'),
(550, 23457, 11, 1, 7, 'Quarta', 1, 17, 21, '2026-01-14 11:48:59', '2026-02-03 07:47:43'),
(551, 23510, 11, 1, 7, 'Quinta', 1, 18, 20, '2026-01-14 13:41:24', '2026-02-03 07:47:44'),
(552, 23468, 11, 1, 7, 'Sexta', 1, 9, 57, '2026-01-14 11:50:12', '2026-02-03 07:47:44'),
(553, 23469, 11, 1, 7, 'Sexta', 2, 4, 22, '2026-01-14 11:50:17', '2026-02-03 07:47:45'),
(554, 23463, 11, 1, 7, 'Quinta', 2, 5, 12, '2026-01-14 11:49:43', '2026-02-03 07:47:46'),
(555, 23458, 11, 1, 7, 'Quarta', 2, 26, 3, '2026-01-14 11:49:07', '2026-02-03 07:47:48'),
(556, 23453, 11, 1, 7, 'Terca', 2, 25, 14, '2026-01-14 11:47:43', '2026-02-03 07:47:49'),
(557, 23447, 11, 1, 7, 'Segunda', 2, 4, 22, '2026-01-14 11:47:12', '2026-02-03 07:47:50'),
(558, 23448, 11, 1, 7, 'Segunda', 3, 16, 4, '2026-01-14 11:47:19', '2026-02-03 07:47:53'),
(559, 23454, 11, 1, 7, 'Terca', 3, 25, 14, '2026-01-14 11:47:48', '2026-02-03 07:47:54'),
(560, 23459, 11, 1, 7, 'Quarta', 3, 17, 21, '2026-01-14 11:49:11', '2026-02-03 07:47:54'),
(561, 23464, 11, 1, 7, 'Quinta', 3, 3, 20, '2026-01-14 11:49:50', '2026-02-03 07:47:55'),
(562, 23470, 11, 1, 7, 'Sexta', 3, 19, 15, '2026-01-14 11:50:22', '2026-02-03 07:47:56'),
(563, 23449, 11, 1, 7, 'Segunda', 4, 12, 23, '2026-01-14 11:47:23', '2026-02-03 07:47:58'),
(564, 23455, 11, 1, 7, 'Terca', 4, 26, 3, '2026-01-14 11:47:53', '2026-02-03 07:47:59'),
(565, 23460, 11, 1, 7, 'Quarta', 4, 25, 14, '2026-01-14 11:49:17', '2026-02-03 07:48:00'),
(566, 23465, 11, 1, 7, 'Quinta', 4, 5, 12, '2026-01-14 11:49:56', '2026-02-03 07:48:01'),
(567, 23471, 11, 1, 7, 'Sexta', 4, 7, 16, '2026-01-14 11:50:27', '2026-02-03 07:48:02'),
(568, 23472, 11, 1, 7, 'Sexta', 5, 12, 23, '2026-01-14 11:50:34', '2026-02-03 07:48:03'),
(569, 23466, 11, 1, 7, 'Quinta', 5, 3, 20, '2026-01-14 11:50:00', '2026-02-03 07:48:04'),
(570, 23461, 11, 1, 7, 'Quarta', 5, 17, 21, '2026-01-14 11:49:23', '2026-02-03 07:48:05'),
(571, 23456, 11, 1, 7, 'Terca', 5, 17, 21, '2026-01-14 11:47:58', '2026-02-03 07:48:06'),
(572, 23450, 11, 1, 7, 'Segunda', 5, 26, 3, '2026-01-14 11:47:27', '2026-02-03 07:48:07'),
(573, 23451, 11, 1, 7, 'Segunda', 6, 13, 17, '2026-01-14 11:47:32', '2026-02-03 07:48:18'),
(574, 23462, 11, 1, 7, 'Quarta', 6, 16, 4, '2026-01-14 11:49:26', '2026-02-03 07:48:19'),
(575, 23467, 11, 1, 7, 'Quinta', 6, 5, 12, '2026-01-14 11:50:05', '2026-02-03 07:48:20'),
(576, 23473, 11, 1, 7, 'Sexta', 6, 6, 8, '2026-01-14 11:50:45', '2026-02-03 07:48:21'),
(577, 23474, 12, 1, 7, 'Segunda', 1, 4, 22, '2026-01-14 11:51:02', '2026-02-03 07:48:25'),
(578, 23480, 12, 1, 7, 'Terca', 1, 9, 9, '2026-01-14 11:51:36', '2026-02-03 07:48:26'),
(579, 23485, 12, 1, 7, 'Quarta', 1, 25, 14, '2026-01-14 11:53:06', '2026-02-03 07:48:26'),
(580, 23509, 12, 1, 7, 'Quinta', 1, 18, 15, '2026-01-14 13:41:06', '2026-02-03 07:48:27'),
(581, 23497, 12, 1, 7, 'Sexta', 1, 9, 9, '2026-01-14 11:54:08', '2026-02-03 07:48:28'),
(582, 23498, 12, 1, 7, 'Sexta', 2, 6, 8, '2026-01-14 11:54:14', '2026-02-03 07:48:29'),
(583, 23492, 12, 1, 7, 'Quinta', 2, 3, 20, '2026-01-14 11:53:44', '2026-02-03 07:48:30'),
(584, 23486, 12, 1, 7, 'Quarta', 2, 25, 14, '2026-01-14 11:53:11', '2026-02-03 07:48:31'),
(585, 23481, 12, 1, 7, 'Terca', 2, 26, 3, '2026-01-14 11:51:44', '2026-02-03 07:48:32'),
(586, 23475, 12, 1, 7, 'Segunda', 2, 13, 17, '2026-01-14 11:51:08', '2026-02-03 07:48:33'),
(587, 23476, 12, 1, 7, 'Segunda', 3, 7, 16, '2026-01-14 11:51:13', '2026-02-03 07:48:34'),
(588, 23482, 12, 1, 7, 'Terca', 3, 17, 21, '2026-01-14 11:51:50', '2026-02-03 07:48:35'),
(589, 23487, 12, 1, 7, 'Quarta', 3, 5, 12, '2026-01-14 11:53:16', '2026-02-03 07:48:36'),
(590, 23493, 12, 1, 7, 'Quinta', 3, 17, 21, '2026-01-14 11:53:49', '2026-02-03 07:48:37'),
(591, 23499, 12, 1, 7, 'Sexta', 3, 4, 22, '2026-01-14 11:54:18', '2026-02-03 07:48:38'),
(592, 23500, 12, 1, 7, 'Sexta', 4, 12, 23, '2026-01-14 11:54:23', '2026-02-03 07:48:39'),
(593, 23494, 12, 1, 7, 'Quinta', 4, 17, 21, '2026-01-14 11:53:53', '2026-02-03 07:48:40'),
(594, 23488, 12, 1, 7, 'Quarta', 4, 5, 12, '2026-01-14 11:53:21', '2026-02-03 07:48:42'),
(595, 23483, 12, 1, 7, 'Terca', 4, 25, 14, '2026-01-14 11:51:56', '2026-02-03 07:48:43'),
(596, 23477, 12, 1, 7, 'Segunda', 4, 16, 4, '2026-01-14 11:51:19', '2026-02-03 07:48:44'),
(597, 23478, 12, 1, 7, 'Segunda', 5, 13, 17, '2026-01-14 11:51:25', '2026-02-03 07:48:46'),
(598, 23489, 12, 1, 7, 'Quarta', 5, 16, 4, '2026-01-14 11:53:26', '2026-02-03 07:48:48'),
(599, 23495, 12, 1, 7, 'Quinta', 5, 5, 12, '2026-01-14 11:53:59', '2026-02-03 07:48:49'),
(600, 23501, 12, 1, 7, 'Sexta', 5, 19, 15, '2026-01-14 11:54:29', '2026-02-03 07:48:50'),
(601, 23502, 12, 1, 7, 'Sexta', 6, 12, 23, '2026-01-14 11:54:36', '2026-02-03 07:48:52'),
(602, 23496, 12, 1, 7, 'Quinta', 6, 3, 20, '2026-01-14 11:54:02', '2026-02-03 07:48:53'),
(603, 23490, 12, 1, 7, 'Quarta', 6, 26, 3, '2026-01-14 11:53:32', '2026-02-03 07:48:54'),
(604, 23484, 12, 1, 7, 'Terca', 6, 17, 21, '2026-01-14 11:52:21', '2026-02-03 07:48:55'),
(605, 23479, 12, 1, 7, 'Segunda', 6, 26, 3, '2026-01-14 11:51:30', '2026-02-03 07:48:55'),
(606, 23708, 12, 1, 7, 'Sexta', 1, 9, 9, '2026-02-03 08:15:53', '2026-02-03 08:27:50'),
(607, 23602, 12, 1, 7, 'Terca', 1, 9, 9, '2026-02-03 08:00:15', '2026-02-03 08:27:53'),
(608, 23697, 17, 1, 7, 'Sexta', 2, 9, 57, '2026-02-03 08:14:21', '2026-02-03 08:27:58'),
(609, 23566, 17, 1, 7, 'Terca', 3, 9, 57, '2026-02-03 07:55:14', '2026-02-03 08:28:00'),
(610, 23703, 16, 1, 7, 'Sexta', 2, 9, 9, '2026-02-03 08:15:05', '2026-02-03 08:28:06'),
(611, 23570, 16, 1, 7, 'Terca', 3, 9, 9, '2026-02-03 07:56:07', '2026-02-03 08:28:07'),
(612, 23716, 14, 1, 7, 'Sexta', 3, 9, 57, '2026-02-03 08:16:42', '2026-02-03 08:28:27'),
(613, 23577, 14, 1, 7, 'Terca', 5, 9, 57, '2026-02-03 07:57:00', '2026-02-03 08:28:29'),
(614, 23722, 15, 1, 7, 'Sexta', 3, 9, 9, '2026-02-03 08:17:44', '2026-02-03 08:28:33'),
(615, 23583, 15, 1, 7, 'Terca', 5, 9, 9, '2026-02-03 07:57:39', '2026-02-03 08:28:35'),
(616, 23674, 13, 1, 7, 'Quinta', 3, 9, 57, '2026-02-03 08:11:49', '2026-02-03 08:28:43'),
(617, 23586, 13, 1, 7, 'Terca', 2, 9, 57, '2026-02-03 07:58:02', '2026-02-03 08:28:44'),
(618, 23680, 10, 1, 7, 'Quinta', 3, 9, 9, '2026-02-03 08:12:31', '2026-02-03 08:28:47'),
(619, 23592, 10, 1, 7, 'Terca', 2, 9, 9, '2026-02-03 07:58:48', '2026-02-03 08:28:48'),
(620, 23738, 11, 1, 7, 'Sexta', 1, 9, 57, '2026-02-03 08:20:14', '2026-02-03 08:28:57'),
(621, 23597, 11, 1, 7, 'Terca', 1, 9, 57, '2026-02-03 07:59:22', '2026-02-03 08:28:58'),
(622, 23876, 8, 1, 7, 'Sexta', 1, 1, 32, '2026-02-03 09:00:06', '2026-02-03 09:00:22'),
(623, 23890, 22, 1, 7, 'Sexta', 1, 13, 11, '2026-02-03 09:02:53', '2026-02-03 09:03:43'),
(624, 23891, 22, 1, 7, 'Sexta', 2, 7, 43, '2026-02-03 09:02:59', '2026-02-03 09:03:51'),
(625, 23892, 22, 1, 7, 'Sexta', 4, 13, 35, '2026-02-03 09:03:15', '2026-02-03 09:04:04'),
(661, 23929, 9, 2, 7, 'Sexta', 5, 4, 24, '2026-02-03 09:42:15', '2026-02-03 17:33:28');

-- --------------------------------------------------------

--
-- Estrutura para tabela `horario`
--

CREATE TABLE `horario` (
  `id_horario` int(11) NOT NULL,
  `id_turma` int(11) NOT NULL,
  `id_turno` int(11) NOT NULL,
  `id_ano_letivo` int(11) NOT NULL,
  `dia_semana` enum('Domingo','Segunda','Terca','Quarta','Quinta','Sexta','Sabado') NOT NULL,
  `numero_aula` int(11) NOT NULL,
  `id_disciplina` int(11) NOT NULL,
  `id_professor` int(11) NOT NULL,
  `data_criacao` datetime DEFAULT current_timestamp()
) ENGINE=InnoDB DEFAULT CHARSET=utf8mb4 COLLATE=utf8mb4_general_ci;

--
-- Despejando dados para a tabela `horario`
--

INSERT INTO `horario` (`id_horario`, `id_turma`, `id_turno`, `id_ano_letivo`, `dia_semana`, `numero_aula`, `id_disciplina`, `id_professor`, `data_criacao`) VALUES
(23516, 17, 1, 7, 'Segunda', 1, 17, 19, '2026-02-03 07:49:15'),
(23517, 17, 1, 7, 'Segunda', 2, 3, 10, '2026-02-03 07:49:25'),
(23518, 17, 1, 7, 'Segunda', 3, 8, 58, '2026-02-03 07:49:31'),
(23519, 17, 1, 7, 'Segunda', 4, 17, 19, '2026-02-03 07:49:39'),
(23520, 17, 1, 7, 'Segunda', 5, 8, 58, '2026-02-03 07:49:44'),
(23521, 17, 1, 7, 'Segunda', 6, 4, 22, '2026-02-03 07:49:47'),
(23522, 16, 1, 7, 'Segunda', 1, 3, 10, '2026-02-03 07:50:00'),
(23523, 16, 1, 7, 'Segunda', 2, 8, 58, '2026-02-03 07:50:07'),
(23524, 16, 1, 7, 'Segunda', 3, 17, 19, '2026-02-03 07:50:11'),
(23525, 16, 1, 7, 'Segunda', 4, 8, 58, '2026-02-03 07:50:20'),
(23526, 16, 1, 7, 'Segunda', 5, 4, 22, '2026-02-03 07:50:25'),
(23527, 16, 1, 7, 'Segunda', 6, 5, 6, '2026-02-03 07:50:29'),
(23528, 14, 1, 7, 'Segunda', 1, 16, 21, '2026-02-03 07:50:42'),
(23529, 14, 1, 7, 'Segunda', 2, 8, 16, '2026-02-03 07:50:47'),
(23530, 14, 1, 7, 'Segunda', 3, 3, 10, '2026-02-03 07:50:53'),
(23531, 14, 1, 7, 'Segunda', 4, 4, 22, '2026-02-03 07:50:59'),
(23532, 14, 1, 7, 'Segunda', 5, 5, 6, '2026-02-03 07:51:04'),
(23533, 14, 1, 7, 'Segunda', 6, 17, 19, '2026-02-03 07:51:08'),
(23534, 15, 1, 7, 'Segunda', 1, 8, 16, '2026-02-03 07:51:18'),
(23535, 15, 1, 7, 'Segunda', 2, 17, 19, '2026-02-03 07:51:23'),
(23536, 15, 1, 7, 'Segunda', 3, 5, 6, '2026-02-03 07:51:29'),
(23537, 15, 1, 7, 'Segunda', 4, 3, 10, '2026-02-03 07:51:34'),
(23538, 15, 1, 7, 'Segunda', 5, 17, 19, '2026-02-03 07:51:41'),
(23539, 15, 1, 7, 'Segunda', 6, 8, 16, '2026-02-03 07:51:45'),
(23540, 13, 1, 7, 'Segunda', 1, 25, 14, '2026-02-03 07:51:57'),
(23541, 13, 1, 7, 'Segunda', 2, 16, 4, '2026-02-03 07:52:02'),
(23542, 13, 1, 7, 'Segunda', 3, 4, 22, '2026-02-03 07:52:08'),
(23543, 13, 1, 7, 'Segunda', 4, 8, 16, '2026-02-03 07:52:13'),
(23544, 13, 1, 7, 'Segunda', 5, 12, 23, '2026-02-03 07:52:18'),
(23545, 13, 1, 7, 'Segunda', 6, 16, 4, '2026-02-03 07:52:24'),
(23546, 10, 1, 7, 'Segunda', 1, 16, 4, '2026-02-03 07:52:34'),
(23547, 10, 1, 7, 'Segunda', 2, 25, 14, '2026-02-03 07:52:40'),
(23548, 10, 1, 7, 'Segunda', 3, 17, 21, '2026-02-03 07:52:48'),
(23549, 10, 1, 7, 'Segunda', 4, 17, 21, '2026-02-03 07:52:51'),
(23550, 10, 1, 7, 'Segunda', 5, 16, 4, '2026-02-03 07:52:58'),
(23551, 10, 1, 7, 'Segunda', 6, 12, 23, '2026-02-03 07:53:05'),
(23552, 11, 1, 7, 'Segunda', 1, 13, 17, '2026-02-03 07:53:14'),
(23553, 11, 1, 7, 'Segunda', 2, 4, 22, '2026-02-03 07:53:18'),
(23554, 11, 1, 7, 'Segunda', 3, 16, 4, '2026-02-03 07:53:23'),
(23555, 11, 1, 7, 'Segunda', 4, 12, 23, '2026-02-03 07:53:28'),
(23556, 11, 1, 7, 'Segunda', 5, 26, 3, '2026-02-03 07:53:38'),
(23557, 11, 1, 7, 'Segunda', 6, 13, 17, '2026-02-03 07:53:43'),
(23558, 12, 1, 7, 'Segunda', 1, 4, 22, '2026-02-03 07:53:56'),
(23559, 12, 1, 7, 'Segunda', 2, 13, 17, '2026-02-03 07:54:01'),
(23560, 12, 1, 7, 'Segunda', 3, 7, 16, '2026-02-03 07:54:05'),
(23561, 12, 1, 7, 'Segunda', 4, 16, 4, '2026-02-03 07:54:16'),
(23562, 12, 1, 7, 'Segunda', 5, 13, 17, '2026-02-03 07:54:22'),
(23563, 12, 1, 7, 'Segunda', 6, 26, 3, '2026-02-03 07:54:25'),
(23564, 17, 1, 7, 'Terca', 1, 2, 2, '2026-02-03 07:54:39'),
(23565, 17, 1, 7, 'Terca', 2, 16, 21, '2026-02-03 07:55:07'),
(23567, 17, 1, 7, 'Terca', 5, 17, 19, '2026-02-03 07:55:30'),
(23568, 16, 1, 7, 'Terca', 1, 16, 21, '2026-02-03 07:55:54'),
(23569, 16, 1, 7, 'Terca', 2, 2, 2, '2026-02-03 07:56:01'),
(23571, 16, 1, 7, 'Terca', 4, 17, 19, '2026-02-03 07:56:12'),
(23572, 16, 1, 7, 'Terca', 6, 5, 6, '2026-02-03 07:56:27'),
(23573, 14, 1, 7, 'Terca', 1, 6, 8, '2026-02-03 07:56:37'),
(23574, 14, 1, 7, 'Terca', 2, 17, 19, '2026-02-03 07:56:43'),
(23575, 14, 1, 7, 'Terca', 3, 3, 10, '2026-02-03 07:56:49'),
(23576, 14, 1, 7, 'Terca', 4, 2, 2, '2026-02-03 07:56:53'),
(23578, 14, 1, 7, 'Terca', 6, 17, 19, '2026-02-03 07:57:04'),
(23579, 15, 1, 7, 'Terca', 1, 17, 19, '2026-02-03 07:57:19'),
(23580, 15, 1, 7, 'Terca', 2, 6, 8, '2026-02-03 07:57:24'),
(23581, 15, 1, 7, 'Terca', 3, 2, 2, '2026-02-03 07:57:29'),
(23582, 15, 1, 7, 'Terca', 4, 3, 10, '2026-02-03 07:57:35'),
(23584, 15, 1, 7, 'Terca', 6, 2, 2, '2026-02-03 07:57:44'),
(23585, 13, 1, 7, 'Terca', 1, 26, 3, '2026-02-03 07:57:57'),
(23587, 13, 1, 7, 'Terca', 3, 5, 6, '2026-02-03 07:58:07'),
(23588, 13, 1, 7, 'Terca', 4, 17, 21, '2026-02-03 07:58:13'),
(23589, 13, 1, 7, 'Terca', 5, 25, 14, '2026-02-03 07:58:19'),
(23590, 13, 1, 7, 'Terca', 6, 26, 3, '2026-02-03 07:58:25'),
(23591, 10, 1, 7, 'Terca', 1, 25, 14, '2026-02-03 07:58:43'),
(23593, 10, 1, 7, 'Terca', 3, 26, 3, '2026-02-03 07:58:54'),
(23594, 10, 1, 7, 'Terca', 4, 5, 6, '2026-02-03 07:59:01'),
(23595, 10, 1, 7, 'Terca', 5, 5, 6, '2026-02-03 07:59:08'),
(23596, 10, 1, 7, 'Terca', 6, 25, 14, '2026-02-03 07:59:13'),
(23598, 11, 1, 7, 'Terca', 2, 25, 14, '2026-02-03 07:59:28'),
(23599, 11, 1, 7, 'Terca', 3, 25, 14, '2026-02-03 07:59:33'),
(23600, 11, 1, 7, 'Terca', 4, 26, 3, '2026-02-03 07:59:38'),
(23601, 11, 1, 7, 'Terca', 6, 17, 21, '2026-02-03 08:00:01'),
(23603, 12, 1, 7, 'Terca', 2, 26, 3, '2026-02-03 08:00:20'),
(23604, 12, 1, 7, 'Terca', 3, 17, 21, '2026-02-03 08:00:25'),
(23605, 12, 1, 7, 'Terca', 4, 25, 14, '2026-02-03 08:00:30'),
(23606, 12, 1, 7, 'Terca', 5, 17, 21, '2026-02-03 08:00:36'),
(23607, 17, 1, 7, 'Quarta', 1, 3, 10, '2026-02-03 08:01:52'),
(23608, 17, 1, 7, 'Quarta', 2, 2, 2, '2026-02-03 08:01:58'),
(23609, 17, 1, 7, 'Quarta', 3, 5, 6, '2026-02-03 08:02:06'),
(23610, 17, 1, 7, 'Quarta', 4, 5, 6, '2026-02-03 08:02:12'),
(23611, 17, 1, 7, 'Quarta', 6, 17, 19, '2026-02-03 08:02:48'),
(23612, 16, 1, 7, 'Quarta', 1, 2, 2, '2026-02-03 08:03:07'),
(23613, 16, 1, 7, 'Quarta', 2, 17, 19, '2026-02-03 08:03:12'),
(23614, 16, 1, 7, 'Quarta', 3, 3, 10, '2026-02-03 08:03:17'),
(23615, 16, 1, 7, 'Quarta', 5, 17, 19, '2026-02-03 08:03:45'),
(23616, 16, 1, 7, 'Quarta', 6, 2, 2, '2026-02-03 08:03:49'),
(23617, 14, 1, 7, 'Quarta', 1, 17, 19, '2026-02-03 08:04:03'),
(23618, 14, 1, 7, 'Quarta', 2, 3, 10, '2026-02-03 08:04:07'),
(23619, 14, 1, 7, 'Quarta', 3, 2, 2, '2026-02-03 08:04:13'),
(23620, 14, 1, 7, 'Quarta', 4, 2, 2, '2026-02-03 08:04:19'),
(23621, 14, 1, 7, 'Quarta', 5, 5, 6, '2026-02-03 08:04:24'),
(23622, 14, 1, 7, 'Quarta', 6, 16, 21, '2026-02-03 08:04:31'),
(23623, 15, 1, 7, 'Quarta', 1, 5, 6, '2026-02-03 08:04:54'),
(23624, 15, 1, 7, 'Quarta', 2, 8, 16, '2026-02-03 08:05:00'),
(23625, 15, 1, 7, 'Quarta', 3, 17, 19, '2026-02-03 08:05:05'),
(23626, 15, 1, 7, 'Quarta', 4, 3, 10, '2026-02-03 08:05:10'),
(23627, 15, 1, 7, 'Quarta', 5, 2, 2, '2026-02-03 08:05:15'),
(23628, 13, 1, 7, 'Quarta', 1, 8, 16, '2026-02-03 08:05:39'),
(23629, 13, 1, 7, 'Quarta', 2, 5, 6, '2026-02-03 08:05:45'),
(23630, 13, 1, 7, 'Quarta', 3, 25, 14, '2026-02-03 08:05:54'),
(23631, 13, 1, 7, 'Quarta', 4, 17, 21, '2026-02-03 08:05:59'),
(23632, 13, 1, 7, 'Quarta', 5, 26, 3, '2026-02-03 08:06:04'),
(23633, 13, 1, 7, 'Quarta', 6, 25, 14, '2026-02-03 08:06:09'),
(23634, 10, 1, 7, 'Quarta', 1, 26, 3, '2026-02-03 08:06:22'),
(23635, 10, 1, 7, 'Quarta', 2, 17, 21, '2026-02-03 08:06:28'),
(23636, 10, 1, 7, 'Quarta', 3, 8, 16, '2026-02-03 08:06:34'),
(23637, 10, 1, 7, 'Quarta', 4, 26, 3, '2026-02-03 08:06:39'),
(23638, 10, 1, 7, 'Quarta', 5, 25, 14, '2026-02-03 08:06:45'),
(23639, 10, 1, 7, 'Quarta', 6, 5, 6, '2026-02-03 08:06:50'),
(23640, 11, 1, 7, 'Quarta', 1, 4, 22, '2026-02-03 08:07:01'),
(23641, 11, 1, 7, 'Quarta', 2, 26, 3, '2026-02-03 08:07:06'),
(23642, 11, 1, 7, 'Quarta', 3, 5, 12, '2026-02-03 08:07:11'),
(23643, 11, 1, 7, 'Quarta', 4, 25, 14, '2026-02-03 08:07:17'),
(23644, 11, 1, 7, 'Quarta', 5, 17, 21, '2026-02-03 08:07:25'),
(23645, 11, 1, 7, 'Quarta', 6, 16, 4, '2026-02-03 08:07:30'),
(23646, 12, 1, 7, 'Quarta', 1, 25, 14, '2026-02-03 08:07:44'),
(23647, 12, 1, 7, 'Quarta', 2, 25, 14, '2026-02-03 08:07:50'),
(23648, 12, 1, 7, 'Quarta', 3, 4, 22, '2026-02-03 08:07:56'),
(23649, 12, 1, 7, 'Quarta', 4, 5, 12, '2026-02-03 08:08:01'),
(23650, 12, 1, 7, 'Quarta', 5, 16, 4, '2026-02-03 08:08:07'),
(23651, 12, 1, 7, 'Quarta', 6, 26, 3, '2026-02-03 08:08:12'),
(23652, 17, 1, 7, 'Quinta', 2, 2, 2, '2026-02-03 08:08:39'),
(23653, 17, 1, 7, 'Quinta', 3, 5, 6, '2026-02-03 08:08:47'),
(23654, 17, 1, 7, 'Quinta', 4, 3, 10, '2026-02-03 08:08:52'),
(23655, 17, 1, 7, 'Quinta', 5, 16, 21, '2026-02-03 08:08:57'),
(23656, 17, 1, 7, 'Quinta', 6, 2, 2, '2026-02-03 08:09:03'),
(23657, 16, 1, 7, 'Quinta', 2, 3, 10, '2026-02-03 08:09:27'),
(23658, 16, 1, 7, 'Quinta', 3, 2, 2, '2026-02-03 08:09:34'),
(23659, 16, 1, 7, 'Quinta', 4, 19, 15, '2026-02-03 08:09:47'),
(23660, 16, 1, 7, 'Quinta', 5, 2, 2, '2026-02-03 08:09:54'),
(23661, 16, 1, 7, 'Quinta', 6, 5, 6, '2026-02-03 08:09:59'),
(23662, 14, 1, 7, 'Quinta', 2, 4, 22, '2026-02-03 08:10:19'),
(23663, 14, 1, 7, 'Quinta', 3, 3, 10, '2026-02-03 08:10:28'),
(23664, 14, 1, 7, 'Quinta', 4, 2, 2, '2026-02-03 08:10:36'),
(23665, 14, 1, 7, 'Quinta', 5, 5, 6, '2026-02-03 08:10:42'),
(23666, 14, 1, 7, 'Quinta', 6, 19, 15, '2026-02-03 08:10:48'),
(23667, 15, 1, 7, 'Quinta', 2, 16, 21, '2026-02-03 08:11:04'),
(23668, 15, 1, 7, 'Quinta', 3, 4, 22, '2026-02-03 08:11:10'),
(23669, 15, 1, 7, 'Quinta', 4, 5, 6, '2026-02-03 08:11:15'),
(23670, 15, 1, 7, 'Quinta', 5, 4, 22, '2026-02-03 08:11:20'),
(23671, 15, 1, 7, 'Quinta', 6, 3, 10, '2026-02-03 08:11:25'),
(23672, 13, 1, 7, 'Quinta', 1, 18, 6, '2026-02-03 08:11:38'),
(23673, 13, 1, 7, 'Quinta', 2, 5, 6, '2026-02-03 08:11:44'),
(23675, 13, 1, 7, 'Quinta', 4, 3, 18, '2026-02-03 08:11:55'),
(23676, 13, 1, 7, 'Quinta', 5, 19, 15, '2026-02-03 08:12:00'),
(23677, 13, 1, 7, 'Quinta', 6, 17, 21, '2026-02-03 08:12:07'),
(23678, 10, 1, 7, 'Quinta', 1, 18, 21, '2026-02-03 08:12:20'),
(23679, 10, 1, 7, 'Quinta', 2, 19, 15, '2026-02-03 08:12:26'),
(23681, 10, 1, 7, 'Quinta', 4, 4, 22, '2026-02-03 08:12:37'),
(23682, 10, 1, 7, 'Quinta', 5, 3, 18, '2026-02-03 08:12:42'),
(23683, 10, 1, 7, 'Quinta', 6, 4, 22, '2026-02-03 08:12:47'),
(23684, 11, 1, 7, 'Quinta', 1, 18, 20, '2026-02-03 08:13:01'),
(23685, 11, 1, 7, 'Quinta', 2, 5, 12, '2026-02-03 08:13:06'),
(23686, 11, 1, 7, 'Quinta', 3, 3, 20, '2026-02-03 08:13:11'),
(23687, 11, 1, 7, 'Quinta', 4, 17, 21, '2026-02-03 08:13:17'),
(23688, 11, 1, 7, 'Quinta', 5, 3, 20, '2026-02-03 08:13:21'),
(23689, 11, 1, 7, 'Quinta', 6, 5, 12, '2026-02-03 08:13:27'),
(23690, 12, 1, 7, 'Quinta', 1, 18, 15, '2026-02-03 08:13:39'),
(23691, 12, 1, 7, 'Quinta', 2, 3, 20, '2026-02-03 08:13:44'),
(23692, 12, 1, 7, 'Quinta', 3, 17, 21, '2026-02-03 08:13:49'),
(23693, 12, 1, 7, 'Quinta', 4, 5, 12, '2026-02-03 08:13:54'),
(23694, 12, 1, 7, 'Quinta', 5, 5, 12, '2026-02-03 08:14:00'),
(23695, 12, 1, 7, 'Quinta', 6, 3, 20, '2026-02-03 08:14:05'),
(23696, 17, 1, 7, 'Sexta', 1, 3, 10, '2026-02-03 08:14:16'),
(23698, 17, 1, 7, 'Sexta', 3, 2, 2, '2026-02-03 08:14:27'),
(23699, 17, 1, 7, 'Sexta', 4, 6, 8, '2026-02-03 08:14:33'),
(23700, 17, 1, 7, 'Sexta', 5, 8, 58, '2026-02-03 08:14:40'),
(23701, 17, 1, 7, 'Sexta', 6, 2, 2, '2026-02-03 08:14:48'),
(23702, 16, 1, 7, 'Sexta', 1, 2, 2, '2026-02-03 08:15:01'),
(23704, 16, 1, 7, 'Sexta', 3, 3, 10, '2026-02-03 08:15:09'),
(23705, 16, 1, 7, 'Sexta', 4, 16, 21, '2026-02-03 08:15:15'),
(23706, 16, 1, 7, 'Sexta', 5, 6, 8, '2026-02-03 08:15:20'),
(23707, 16, 1, 7, 'Sexta', 6, 8, 58, '2026-02-03 08:15:28'),
(23709, 12, 1, 7, 'Sexta', 2, 6, 8, '2026-02-03 08:15:58'),
(23710, 12, 1, 7, 'Sexta', 3, 4, 22, '2026-02-03 08:16:03'),
(23711, 12, 1, 7, 'Sexta', 4, 12, 23, '2026-02-03 08:16:07'),
(23712, 12, 1, 7, 'Sexta', 5, 17, 21, '2026-02-03 08:16:12'),
(23713, 12, 1, 7, 'Sexta', 6, 12, 23, '2026-02-03 08:16:19'),
(23714, 14, 1, 7, 'Sexta', 1, 8, 16, '2026-02-03 08:16:31'),
(23715, 14, 1, 7, 'Sexta', 2, 3, 10, '2026-02-03 08:16:36'),
(23717, 14, 1, 7, 'Sexta', 4, 2, 2, '2026-02-03 08:16:48'),
(23718, 14, 1, 7, 'Sexta', 5, 4, 22, '2026-02-03 08:16:54'),
(23719, 14, 1, 7, 'Sexta', 6, 8, 16, '2026-02-03 08:17:01'),
(23720, 15, 1, 7, 'Sexta', 1, 16, 21, '2026-02-03 08:17:33'),
(23721, 15, 1, 7, 'Sexta', 2, 2, 2, '2026-02-03 08:17:39'),
(23723, 15, 1, 7, 'Sexta', 4, 3, 10, '2026-02-03 08:17:49'),
(23724, 15, 1, 7, 'Sexta', 5, 2, 2, '2026-02-03 08:17:57'),
(23725, 15, 1, 7, 'Sexta', 6, 19, 15, '2026-02-03 08:18:04'),
(23726, 13, 1, 7, 'Sexta', 1, 6, 8, '2026-02-03 08:18:18'),
(23727, 13, 1, 7, 'Sexta', 2, 17, 21, '2026-02-03 08:18:24'),
(23728, 13, 1, 7, 'Sexta', 3, 8, 16, '2026-02-03 08:18:29'),
(23729, 13, 1, 7, 'Sexta', 4, 4, 22, '2026-02-03 08:18:34'),
(23730, 13, 1, 7, 'Sexta', 5, 3, 18, '2026-02-03 08:18:39'),
(23731, 13, 1, 7, 'Sexta', 6, 4, 22, '2026-02-03 08:18:44'),
(23732, 10, 1, 7, 'Sexta', 1, 4, 22, '2026-02-03 08:19:27'),
(23733, 10, 1, 7, 'Sexta', 2, 8, 16, '2026-02-03 08:19:32'),
(23734, 10, 1, 7, 'Sexta', 3, 6, 8, '2026-02-03 08:19:38'),
(23735, 10, 1, 7, 'Sexta', 4, 3, 18, '2026-02-03 08:19:43'),
(23736, 10, 1, 7, 'Sexta', 5, 8, 16, '2026-02-03 08:19:49'),
(23737, 10, 1, 7, 'Sexta', 6, 17, 21, '2026-02-03 08:19:52'),
(23739, 11, 1, 7, 'Sexta', 2, 4, 22, '2026-02-03 08:20:18'),
(23740, 11, 1, 7, 'Sexta', 3, 17, 21, '2026-02-03 08:20:23'),
(23741, 11, 1, 7, 'Sexta', 4, 7, 16, '2026-02-03 08:20:29'),
(23742, 11, 1, 7, 'Sexta', 5, 12, 23, '2026-02-03 08:20:34'),
(23743, 11, 1, 7, 'Sexta', 6, 6, 8, '2026-02-03 08:20:44'),
(23744, 17, 1, 7, 'Terca', 4, 19, 15, '2026-02-03 08:24:47'),
(23745, 17, 1, 7, 'Terca', 6, 3, 10, '2026-02-03 08:24:51'),
(23746, 17, 1, 7, 'Quarta', 5, 4, 22, '2026-02-03 08:24:59'),
(23747, 17, 1, 7, 'Quinta', 1, 18, 49, '2026-02-03 08:25:05'),
(23748, 16, 1, 7, 'Terca', 5, 3, 10, '2026-02-03 08:25:25'),
(23749, 16, 1, 7, 'Quarta', 4, 4, 22, '2026-02-03 08:25:32'),
(23750, 16, 1, 7, 'Quinta', 1, 18, 48, '2026-02-03 08:25:40'),
(23751, 14, 1, 7, 'Quinta', 1, 18, 22, '2026-02-03 08:25:57'),
(23752, 15, 1, 7, 'Quinta', 1, 18, 2, '2026-02-03 08:26:10'),
(23753, 15, 1, 7, 'Quarta', 6, 4, 22, '2026-02-03 08:26:13'),
(23754, 11, 1, 7, 'Terca', 5, 19, 15, '2026-02-03 08:26:28'),
(23755, 12, 1, 7, 'Terca', 6, 19, 15, '2026-02-03 08:26:50'),
(23756, 17, 1, 7, 'Terca', 3, 9, 9, '2026-02-03 08:30:46'),
(23757, 17, 1, 7, 'Sexta', 2, 9, 9, '2026-02-03 08:30:49'),
(23758, 16, 1, 7, 'Terca', 3, 9, 57, '2026-02-03 08:30:55'),
(23759, 16, 1, 7, 'Sexta', 2, 9, 57, '2026-02-03 08:30:58'),
(23760, 14, 1, 7, 'Terca', 5, 9, 9, '2026-02-03 08:31:03'),
(23761, 14, 1, 7, 'Sexta', 3, 9, 9, '2026-02-03 08:31:06'),
(23762, 15, 1, 7, 'Terca', 5, 9, 57, '2026-02-03 08:31:11'),
(23763, 15, 1, 7, 'Sexta', 3, 9, 57, '2026-02-03 08:31:14'),
(23764, 13, 1, 7, 'Terca', 2, 9, 9, '2026-02-03 08:31:20'),
(23765, 13, 1, 7, 'Quinta', 3, 9, 9, '2026-02-03 08:31:23'),
(23766, 10, 1, 7, 'Terca', 2, 9, 57, '2026-02-03 08:31:29'),
(23767, 10, 1, 7, 'Quinta', 3, 9, 57, '2026-02-03 08:31:31'),
(23768, 11, 1, 7, 'Terca', 1, 9, 9, '2026-02-03 08:31:36'),
(23769, 11, 1, 7, 'Sexta', 1, 9, 9, '2026-02-03 08:31:39'),
(23770, 12, 1, 7, 'Terca', 1, 9, 57, '2026-02-03 08:31:44'),
(23771, 12, 1, 7, 'Sexta', 1, 9, 57, '2026-02-03 08:31:46'),
(23772, 8, 1, 7, 'Segunda', 1, 16, 42, '2026-02-03 08:33:26'),
(23773, 8, 1, 7, 'Segunda', 2, 12, 40, '2026-02-03 08:33:33'),
(23774, 8, 1, 7, 'Segunda', 3, 16, 42, '2026-02-03 08:33:39'),
(23775, 8, 1, 7, 'Segunda', 4, 2, 14, '2026-02-03 08:33:47'),
(23776, 8, 1, 7, 'Segunda', 5, 7, 43, '2026-02-03 08:33:55'),
(23777, 8, 1, 7, 'Segunda', 6, 2, 14, '2026-02-03 08:34:00'),
(23778, 18, 1, 7, 'Segunda', 1, 12, 40, '2026-02-03 08:34:16'),
(23779, 18, 1, 7, 'Segunda', 2, 16, 42, '2026-02-03 08:34:36'),
(23780, 18, 1, 7, 'Segunda', 3, 2, 14, '2026-02-03 08:34:41'),
(23781, 18, 1, 7, 'Segunda', 4, 16, 42, '2026-02-03 08:34:48'),
(23782, 18, 1, 7, 'Segunda', 5, 2, 14, '2026-02-03 08:34:56'),
(23783, 18, 1, 7, 'Segunda', 6, 7, 43, '2026-02-03 08:35:02'),
(23784, 20, 1, 7, 'Segunda', 1, 2, 41, '2026-02-03 08:35:15'),
(23785, 20, 1, 7, 'Segunda', 2, 2, 41, '2026-02-03 08:35:23'),
(23786, 20, 1, 7, 'Segunda', 3, 13, 17, '2026-02-03 08:35:32'),
(23787, 20, 1, 7, 'Segunda', 4, 13, 17, '2026-02-03 08:35:39'),
(23788, 20, 1, 7, 'Segunda', 5, 16, 42, '2026-02-03 08:35:44'),
(23789, 20, 1, 7, 'Segunda', 6, 16, 42, '2026-02-03 08:35:49'),
(23790, 22, 1, 7, 'Segunda', 1, 7, 13, '2026-02-03 08:36:06'),
(23791, 22, 1, 7, 'Segunda', 2, 13, 35, '2026-02-03 08:36:12'),
(23792, 22, 1, 7, 'Segunda', 3, 7, 13, '2026-02-03 08:36:17'),
(23793, 22, 1, 7, 'Segunda', 5, 2, 45, '2026-02-03 08:36:38'),
(23794, 22, 1, 7, 'Segunda', 6, 2, 45, '2026-02-03 08:36:44'),
(23801, 8, 1, 7, 'Terca', 1, 12, 40, '2026-02-03 08:38:50'),
(23802, 8, 1, 7, 'Terca', 2, 13, 26, '2026-02-03 08:44:57'),
(23803, 8, 1, 7, 'Terca', 3, 20, 39, '2026-02-03 08:45:02'),
(23804, 8, 1, 7, 'Terca', 4, 13, 26, '2026-02-03 08:45:09'),
(23805, 8, 1, 7, 'Terca', 5, 20, 39, '2026-02-03 08:45:13'),
(23806, 8, 1, 7, 'Terca', 6, 3, 27, '2026-02-03 08:45:19'),
(23807, 18, 1, 7, 'Terca', 1, 4, 24, '2026-02-03 08:45:29'),
(23808, 18, 1, 7, 'Terca', 2, 20, 39, '2026-02-03 08:45:36'),
(23809, 18, 1, 7, 'Terca', 3, 13, 26, '2026-02-03 08:45:41'),
(23810, 18, 1, 7, 'Terca', 4, 3, 27, '2026-02-03 08:45:48'),
(23811, 18, 1, 7, 'Terca', 5, 13, 26, '2026-02-03 08:46:36'),
(23812, 18, 1, 7, 'Terca', 6, 20, 39, '2026-02-03 08:46:43'),
(23813, 20, 1, 7, 'Terca', 1, 20, 39, '2026-02-03 08:46:55'),
(23814, 20, 1, 7, 'Terca', 2, 12, 40, '2026-02-03 08:47:02'),
(23815, 20, 1, 7, 'Terca', 3, 3, 27, '2026-02-03 08:47:07'),
(23816, 20, 1, 7, 'Terca', 4, 20, 39, '2026-02-03 08:47:13'),
(23817, 20, 1, 7, 'Terca', 5, 2, 3, '2026-02-03 08:47:21'),
(23818, 20, 1, 7, 'Terca', 6, 4, 24, '2026-02-03 08:47:28'),
(23819, 22, 1, 7, 'Terca', 1, 13, 26, '2026-02-03 08:47:38'),
(23820, 22, 1, 7, 'Terca', 2, 22, 28, '2026-02-03 08:47:43'),
(23821, 22, 1, 7, 'Terca', 3, 11, 24, '2026-02-03 08:47:49'),
(23822, 22, 1, 7, 'Terca', 4, 16, 25, '2026-02-03 08:47:56'),
(23823, 22, 1, 7, 'Terca', 5, 21, 24, '2026-02-03 08:48:01'),
(23824, 22, 1, 7, 'Terca', 6, 16, 25, '2026-02-03 08:48:05'),
(23831, 8, 1, 7, 'Quarta', 1, 5, 12, '2026-02-03 08:49:13'),
(23832, 8, 1, 7, 'Quarta', 3, 7, 43, '2026-02-03 08:49:39'),
(23833, 8, 1, 7, 'Quarta', 4, 10, 30, '2026-02-03 08:49:44'),
(23834, 8, 1, 7, 'Quarta', 5, 5, 12, '2026-02-03 08:49:50'),
(23835, 8, 1, 7, 'Quarta', 6, 11, 30, '2026-02-03 08:49:54'),
(23836, 18, 1, 7, 'Quarta', 2, 5, 12, '2026-02-03 08:50:21'),
(23837, 18, 1, 7, 'Quarta', 3, 10, 30, '2026-02-03 08:50:28'),
(23838, 18, 1, 7, 'Quarta', 4, 12, 5, '2026-02-03 08:50:34'),
(23839, 18, 1, 7, 'Quarta', 5, 7, 43, '2026-02-03 08:50:40'),
(23840, 18, 1, 7, 'Quarta', 6, 7, 43, '2026-02-03 08:50:43'),
(23841, 20, 1, 7, 'Quarta', 1, 12, 40, '2026-02-03 08:50:55'),
(23842, 20, 1, 7, 'Quarta', 2, 12, 40, '2026-02-03 08:51:00'),
(23843, 20, 1, 7, 'Quarta', 3, 2, 3, '2026-02-03 08:51:06'),
(23844, 20, 1, 7, 'Quarta', 4, 7, 43, '2026-02-03 08:51:14'),
(23845, 20, 1, 7, 'Quarta', 5, 10, 30, '2026-02-03 08:51:22'),
(23846, 22, 1, 7, 'Quarta', 1, 4, 29, '2026-02-03 08:52:04'),
(23847, 22, 1, 7, 'Quarta', 2, 10, 30, '2026-02-03 08:52:11'),
(23848, 22, 1, 7, 'Quarta', 3, 4, 29, '2026-02-03 08:52:16'),
(23849, 22, 1, 7, 'Quarta', 5, 2, 7, '2026-02-03 08:52:54'),
(23854, 8, 1, 7, 'Quinta', 2, 9, 9, '2026-02-03 08:54:51'),
(23855, 8, 1, 7, 'Quinta', 3, 2, 34, '2026-02-03 08:54:58'),
(23856, 8, 1, 7, 'Quinta', 4, 7, 43, '2026-02-03 08:55:05'),
(23857, 8, 1, 7, 'Quinta', 5, 7, 43, '2026-02-03 08:55:10'),
(23858, 8, 1, 7, 'Quinta', 6, 2, 34, '2026-02-03 08:55:16'),
(23859, 18, 1, 7, 'Quinta', 2, 9, 57, '2026-02-03 08:55:35'),
(23860, 18, 1, 7, 'Quinta', 3, 5, 12, '2026-02-03 08:55:41'),
(23861, 18, 1, 7, 'Quinta', 4, 2, 34, '2026-02-03 08:55:51'),
(23862, 18, 1, 7, 'Quinta', 5, 2, 34, '2026-02-03 08:55:56'),
(23863, 18, 1, 7, 'Quinta', 6, 7, 43, '2026-02-03 08:56:04'),
(23864, 20, 1, 7, 'Quinta', 1, 18, 56, '2026-02-03 08:56:14'),
(23865, 20, 1, 7, 'Quinta', 2, 7, 43, '2026-02-03 08:56:19'),
(23866, 20, 1, 7, 'Quinta', 3, 7, 43, '2026-02-03 08:56:26'),
(23867, 20, 1, 7, 'Quinta', 6, 13, 41, '2026-02-03 08:57:26'),
(23868, 22, 1, 7, 'Quinta', 3, 20, 25, '2026-02-03 08:58:07'),
(23869, 22, 1, 7, 'Quinta', 4, 20, 25, '2026-02-03 08:58:13'),
(23877, 8, 1, 7, 'Sexta', 2, 12, 5, '2026-02-03 09:00:30'),
(23878, 8, 1, 7, 'Sexta', 3, 21, 24, '2026-02-03 09:00:36'),
(23879, 8, 1, 7, 'Sexta', 4, 13, 11, '2026-02-03 09:00:43'),
(23880, 8, 1, 7, 'Sexta', 6, 12, 5, '2026-02-03 09:01:04'),
(23881, 18, 1, 7, 'Sexta', 1, 12, 40, '2026-02-03 09:01:22'),
(23882, 18, 1, 7, 'Sexta', 3, 12, 5, '2026-02-03 09:01:33'),
(23883, 18, 1, 7, 'Sexta', 5, 11, 30, '2026-02-03 09:01:40'),
(23884, 18, 1, 7, 'Sexta', 6, 21, 24, '2026-02-03 09:01:48'),
(23885, 20, 1, 7, 'Sexta', 2, 12, 40, '2026-02-03 09:02:08'),
(23886, 20, 1, 7, 'Sexta', 3, 7, 43, '2026-02-03 09:02:15'),
(23887, 20, 1, 7, 'Sexta', 4, 21, 24, '2026-02-03 09:02:27'),
(23888, 20, 1, 7, 'Sexta', 5, 4, 24, '2026-02-03 09:02:32'),
(23889, 20, 1, 7, 'Sexta', 6, 11, 30, '2026-02-03 09:02:40'),
(23893, 22, 1, 7, 'Sexta', 1, 7, 43, '2026-02-03 09:03:46'),
(23894, 22, 1, 7, 'Sexta', 2, 13, 11, '2026-02-03 09:03:54'),
(23895, 22, 1, 7, 'Sexta', 3, 13, 11, '2026-02-03 09:04:00'),
(23899, 22, 1, 7, 'Quinta', 1, 5, 36, '2026-02-03 09:05:28'),
(23900, 22, 1, 7, 'Quinta', 2, 5, 36, '2026-02-03 09:05:34'),
(23901, 22, 1, 7, 'Segunda', 4, 2, 7, '2026-02-03 09:06:14'),
(23902, 8, 1, 7, 'Quarta', 2, 4, 24, '2026-02-03 09:07:07'),
(23903, 18, 1, 7, 'Quarta', 1, 4, 24, '2026-02-03 09:07:26'),
(23904, 20, 1, 7, 'Quarta', 6, 5, 31, '2026-02-03 09:08:43'),
(23905, 22, 1, 7, 'Quarta', 4, 12, 37, '2026-02-03 09:09:47'),
(23906, 22, 1, 7, 'Quarta', 6, 12, 37, '2026-02-03 09:09:51'),
(23909, 22, 1, 7, 'Quinta', 5, 2, 35, '2026-02-03 09:12:56'),
(23910, 22, 1, 7, 'Quinta', 6, 2, 35, '2026-02-03 09:12:59'),
(23911, 20, 1, 7, 'Quinta', 4, 13, 41, '2026-02-03 09:15:07'),
(23912, 20, 1, 7, 'Quinta', 5, 9, 9, '2026-02-03 09:16:52'),
(23913, 8, 1, 7, 'Quinta', 1, 18, 43, '2026-02-03 09:17:42'),
(23914, 18, 1, 7, 'Quinta', 1, 18, 12, '2026-02-03 09:17:55'),
(23915, 8, 1, 7, 'Sexta', 5, 27, 56, '2026-02-03 09:23:56'),
(23916, 18, 1, 7, 'Sexta', 4, 27, 56, '2026-02-03 09:24:10'),
(23917, 20, 1, 7, 'Sexta', 1, 27, 56, '2026-02-03 09:24:27'),
(23918, 18, 1, 7, 'Sexta', 2, 17, 32, '2026-02-03 09:26:27'),
(23919, 8, 1, 7, 'Sexta', 1, 17, 32, '2026-02-03 09:29:06'),
(23920, 22, 1, 7, 'Sexta', 4, 17, 32, '2026-02-03 09:31:22'),
(23921, 22, 1, 7, 'Sexta', 5, 17, 32, '2026-02-03 09:31:25'),
(23922, 22, 1, 7, 'Sexta', 6, 13, 35, '2026-02-03 09:31:34'),
(23926, 9, 2, 7, 'Sexta', 1, 13, 11, '2026-02-03 09:41:18'),
(23927, 9, 2, 7, 'Sexta', 2, 17, 32, '2026-02-03 09:41:29'),
(23928, 9, 2, 7, 'Sexta', 3, 4, 24, '2026-02-03 09:41:37'),
(23930, 9, 2, 7, 'Sexta', 4, 5, 12, '2026-02-03 09:42:30'),
(23931, 19, 2, 7, 'Sexta', 1, 4, 24, '2026-02-03 09:42:42'),
(23932, 19, 2, 7, 'Sexta', 2, 13, 11, '2026-02-03 09:42:48'),
(23933, 19, 2, 7, 'Sexta', 3, 13, 11, '2026-02-03 09:42:53'),
(23934, 19, 2, 7, 'Sexta', 4, 17, 32, '2026-02-03 09:42:59'),
(23935, 19, 2, 7, 'Sexta', 5, 5, 12, '2026-02-03 09:43:04'),
(23936, 21, 2, 7, 'Sexta', 1, 17, 32, '2026-02-03 09:43:16'),
(23937, 21, 2, 7, 'Sexta', 2, 4, 24, '2026-02-03 09:43:22'),
(23938, 21, 2, 7, 'Sexta', 3, 17, 32, '2026-02-03 09:43:27'),
(23939, 21, 2, 7, 'Sexta', 4, 5, 31, '2026-02-03 09:43:38'),
(23940, 21, 2, 7, 'Sexta', 5, 5, 31, '2026-02-03 09:43:44'),
(23941, 23, 2, 7, 'Sexta', 1, 12, 44, '2026-02-03 09:44:21'),
(23942, 23, 2, 7, 'Sexta', 2, 7, 33, '2026-02-03 09:44:37'),
(23943, 23, 2, 7, 'Sexta', 3, 12, 44, '2026-02-03 09:44:43'),
(23944, 23, 2, 7, 'Sexta', 4, 7, 33, '2026-02-03 09:45:18'),
(23945, 23, 2, 7, 'Sexta', 5, 12, 5, '2026-02-03 09:45:28'),
(23951, 28, 1, 7, 'Segunda', 1, 2, 35, '2026-02-03 11:41:41'),
(23952, 28, 1, 7, 'Segunda', 2, 7, 13, '2026-02-03 11:41:49'),
(23953, 28, 1, 7, 'Segunda', 3, 13, 35, '2026-02-03 11:41:59'),
(23954, 28, 1, 7, 'Segunda', 4, 7, 13, '2026-02-03 11:42:04'),
(23955, 28, 1, 7, 'Segunda', 5, 2, 7, '2026-02-03 11:42:09'),
(23956, 28, 1, 7, 'Segunda', 6, 12, 5, '2026-02-03 11:42:13'),
(23957, 28, 1, 7, 'Terca', 1, 22, 28, '2026-02-03 11:42:20'),
(23958, 28, 1, 7, 'Terca', 2, 21, 24, '2026-02-03 11:42:25'),
(23959, 28, 1, 7, 'Terca', 3, 16, 25, '2026-02-03 11:42:30'),
(23960, 28, 1, 7, 'Terca', 4, 11, 24, '2026-02-03 11:42:34'),
(23961, 28, 1, 7, 'Terca', 5, 16, 25, '2026-02-03 11:42:40'),
(23962, 28, 1, 7, 'Terca', 6, 13, 26, '2026-02-03 11:42:47'),
(23963, 28, 1, 7, 'Quarta', 1, 10, 30, '2026-02-03 11:42:52'),
(23964, 28, 1, 7, 'Quarta', 2, 4, 29, '2026-02-03 11:43:00'),
(23965, 28, 1, 7, 'Quarta', 3, 12, 37, '2026-02-03 11:43:06'),
(23966, 28, 1, 7, 'Quarta', 4, 4, 29, '2026-02-03 11:43:13'),
(23967, 28, 1, 7, 'Quarta', 5, 12, 37, '2026-02-03 11:43:16'),
(23968, 28, 1, 7, 'Quarta', 6, 2, 7, '2026-02-03 11:43:22'),
(23969, 28, 1, 7, 'Quinta', 1, 2, 34, '2026-02-03 11:43:28'),
(23970, 28, 1, 7, 'Quinta', 2, 2, 34, '2026-02-03 11:43:32'),
(23971, 28, 1, 7, 'Quinta', 3, 5, 36, '2026-02-03 11:43:38'),
(23972, 28, 1, 7, 'Quinta', 4, 5, 36, '2026-02-03 11:43:44'),
(23973, 28, 1, 7, 'Quinta', 5, 20, 25, '2026-02-03 11:43:50'),
(23974, 28, 1, 7, 'Quinta', 6, 20, 25, '2026-02-03 11:43:54'),
(23975, 28, 1, 7, 'Sexta', 1, 13, 11, '2026-02-03 11:44:00'),
(23976, 28, 1, 7, 'Sexta', 2, 7, 43, '2026-02-03 11:44:07'),
(23977, 28, 1, 7, 'Sexta', 3, 17, 32, '2026-02-03 11:44:12'),
(23978, 28, 1, 7, 'Sexta', 4, 13, 35, '2026-02-03 11:44:18'),
(23979, 28, 1, 7, 'Sexta', 5, 2, 35, '2026-02-03 11:44:23'),
(23980, 28, 1, 7, 'Sexta', 6, 17, 32, '2026-02-03 11:44:31'),
(23981, 29, 2, 7, 'Sexta', 1, 7, 33, '2026-02-03 11:45:21'),
(23982, 29, 2, 7, 'Sexta', 3, 7, 33, '2026-02-03 11:45:39'),
(23983, 29, 2, 7, 'Sexta', 5, 13, 11, '2026-02-03 11:45:48'),
(23984, 29, 2, 7, 'Sexta', 2, 12, 44, '2026-02-03 11:46:10'),
(23985, 29, 2, 7, 'Sexta', 4, 12, 44, '2026-02-03 11:46:13'),
(23986, 9, 2, 7, 'Sexta', 5, 4, 24, '2026-02-03 17:33:42');

-- --------------------------------------------------------

--
-- Estrutura para tabela `horario_escolinha`
--

CREATE TABLE `horario_escolinha` (
  `id_horario_escolinha` int(11) NOT NULL,
  `id_ano_letivo` int(11) NOT NULL,
  `id_nivel_ensino` int(11) NOT NULL,
  `id_modalidade` int(11) NOT NULL,
  `id_categoria` int(11) NOT NULL,
  `id_professor` int(11) NOT NULL,
  `id_turno` int(11) NOT NULL,
  `dia_semana` enum('Domingo','Segunda','Terca','Quarta','Quinta','Sexta','Sabado') NOT NULL,
  `hora_inicio` time NOT NULL,
  `hora_fim` time NOT NULL,
  `data_cadastro` datetime DEFAULT current_timestamp()
) ENGINE=InnoDB DEFAULT CHARSET=utf8mb4 COLLATE=utf8mb4_general_ci;

--
-- Despejando dados para a tabela `horario_escolinha`
--

INSERT INTO `horario_escolinha` (`id_horario_escolinha`, `id_ano_letivo`, `id_nivel_ensino`, `id_modalidade`, `id_categoria`, `id_professor`, `id_turno`, `dia_semana`, `hora_inicio`, `hora_fim`, `data_cadastro`) VALUES
(2, 5, 8, 1, 1, 8, 2, 'Segunda', '18:10:00', '19:00:00', '2025-05-08 19:49:25'),
(3, 5, 8, 1, 1, 8, 2, 'Quarta', '18:10:00', '19:00:00', '2025-05-13 17:38:57'),
(6, 5, 8, 1, 4, 12, 2, 'Sexta', '18:10:00', '19:00:00', '2025-05-13 17:39:39'),
(7, 5, 8, 1, 3, 12, 2, 'Terca', '18:10:00', '19:00:00', '2025-05-13 17:40:31'),
(8, 5, 8, 1, 3, 12, 2, 'Quinta', '18:10:00', '19:00:00', '2025-05-13 17:40:39'),
(9, 5, 8, 1, 9, 12, 2, 'Segunda', '18:10:00', '19:00:00', '2025-05-13 17:58:27'),
(10, 5, 8, 1, 9, 12, 2, 'Quarta', '18:10:00', '19:00:00', '2025-05-13 17:58:33'),
(11, 5, 8, 1, 1, 8, 2, 'Sexta', '18:10:00', '19:00:00', '2025-05-13 17:59:39'),
(12, 5, 8, 2, 7, 10, 2, 'Segunda', '16:20:00', '17:10:00', '2025-05-13 18:02:46'),
(13, 5, 8, 2, 7, 10, 2, 'Quarta', '16:20:00', '17:10:00', '2025-05-13 18:02:51'),
(14, 5, 8, 2, 7, 10, 2, 'Sexta', '16:20:00', '17:10:00', '2025-05-13 18:02:51'),
(15, 5, 8, 2, 14, 10, 2, 'Terca', '16:20:00', '17:35:00', '2025-05-13 18:03:45'),
(16, 5, 8, 2, 14, 10, 2, 'Quinta', '15:30:00', '16:45:00', '2025-05-13 18:03:50'),
(17, 5, 8, 5, 2, 11, 2, 'Terca', '18:10:00', '19:00:00', '2025-05-13 18:06:57'),
(18, 5, 8, 5, 2, 11, 2, 'Quinta', '18:10:00', '19:00:00', '2025-05-13 18:07:02'),
(19, 5, 8, 3, 10, 11, 2, 'Quarta', '18:10:00', '19:00:00', '2025-05-13 18:09:39'),
(20, 5, 8, 3, 10, 11, 2, 'Sexta', '18:10:00', '19:00:00', '2025-05-13 18:09:44'),
(21, 5, 8, 1, 5, 9, 2, 'Terca', '13:30:00', '14:45:00', '2025-05-13 18:14:06'),
(22, 5, 8, 1, 5, 9, 2, 'Quinta', '13:30:00', '14:45:00', '2025-05-13 18:14:11'),
(23, 5, 8, 1, 6, 9, 2, 'Quarta', '15:30:00', '16:45:00', '2025-05-13 18:15:10'),
(24, 5, 8, 1, 6, 9, 2, 'Quinta', '16:20:00', '17:35:00', '2025-05-13 18:15:15'),
(25, 5, 8, 1, 4, 8, 2, 'Terca', '18:10:00', '19:00:00', '2025-05-13 18:19:54'),
(26, 5, 8, 1, 4, 8, 2, 'Quinta', '18:10:00', '19:00:00', '2025-05-13 18:19:59'),
(27, 5, 8, 3, 13, 8, 2, 'Segunda', '16:20:00', '17:35:00', '2025-05-13 18:23:11'),
(28, 5, 8, 3, 13, 8, 2, 'Quarta', '16:20:00', '17:35:00', '2025-05-13 18:23:18'),
(29, 5, 8, 3, 12, 8, 2, 'Terca', '15:30:00', '16:45:00', '2025-05-13 18:23:57'),
(30, 5, 8, 3, 12, 8, 2, 'Quinta', '15:30:00', '16:45:00', '2025-05-13 18:24:05'),
(31, 5, 8, 4, 11, 8, 2, 'Terca', '16:45:00', '18:05:00', '2025-05-13 18:24:37'),
(32, 5, 8, 4, 11, 8, 2, 'Quinta', '16:45:00', '18:05:00', '2025-05-13 18:24:46');

-- --------------------------------------------------------

--
-- Estrutura para tabela `horario_fixos`
--

CREATE TABLE `horario_fixos` (
  `id_horario_fixo` int(11) NOT NULL,
  `id_turma` int(11) NOT NULL,
  `dia_semana` enum('Segunda','Terca','Quarta','Quinta','Sexta','Sabado','Domingo') NOT NULL,
  `numero_aula` int(11) NOT NULL,
  `id_disciplina` int(11) DEFAULT NULL,
  `id_professor` int(11) DEFAULT NULL,
  `id_ano_letivo` int(11) NOT NULL,
  `created_at` timestamp NOT NULL DEFAULT current_timestamp()
) ENGINE=InnoDB DEFAULT CHARSET=utf8mb4 COLLATE=utf8mb4_general_ci;

-- --------------------------------------------------------

--
-- Estrutura para tabela `instituicao`
--

CREATE TABLE `instituicao` (
  `id_instituicao` int(11) NOT NULL,
  `nome_instituicao` varchar(255) NOT NULL,
  `cnpj_instituicao` varchar(18) NOT NULL,
  `endereco_instituicao` varchar(255) DEFAULT NULL,
  `telefone_instituicao` varchar(20) DEFAULT NULL,
  `email_instituicao` varchar(100) DEFAULT NULL,
  `data_cadastro_instituicao` datetime DEFAULT current_timestamp(),
  `imagem_instituicao` varchar(255) NOT NULL
) ENGINE=InnoDB DEFAULT CHARSET=utf8mb4 COLLATE=utf8mb4_general_ci;

--
-- Despejando dados para a tabela `instituicao`
--

INSERT INTO `instituicao` (`id_instituicao`, `nome_instituicao`, `cnpj_instituicao`, `endereco_instituicao`, `telefone_instituicao`, `email_instituicao`, `data_cadastro_instituicao`, `imagem_instituicao`) VALUES
(1, 'Colégio Mater Dei', '04.940.720/0001-98', 'Rua Professora Talita Bresolin, 1139', '(43) 3423-0500', 'secretaria@materdeiapucarana.com.br', '2025-02-07 22:52:00', 'http://localhost/horarios/app/assets/imgs/logo/1740345212_1740159747_LOGO MATER DEI.png');

-- --------------------------------------------------------

--
-- Estrutura para tabela `log_atividade`
--

CREATE TABLE `log_atividade` (
  `id_log` int(11) NOT NULL,
  `id_usuario` int(11) DEFAULT NULL,
  `nome_usuario` varchar(255) DEFAULT NULL,
  `ip_usuario` varchar(50) NOT NULL,
  `status_atividade` enum('sucesso_login','falha_login','acesso_negado_login','saida_sistema') NOT NULL,
  `data_hora_atividade` datetime DEFAULT current_timestamp()
) ENGINE=InnoDB DEFAULT CHARSET=utf8mb4 COLLATE=utf8mb4_general_ci;

--
-- Despejando dados para a tabela `log_atividade`
--

INSERT INTO `log_atividade` (`id_log`, `id_usuario`, `nome_usuario`, `ip_usuario`, `status_atividade`, `data_hora_atividade`) VALUES
(1, 1, 'Diezare.Conde', '::1', 'sucesso_login', '2025-03-13 21:16:47'),
(2, 1, 'Diezare.Conde', '::1', 'saida_sistema', '2025-03-13 22:41:49'),
(3, 1, 'Diezare.Conde', '::1', 'sucesso_login', '2025-03-13 23:53:45'),
(4, 1, 'Diezare.Conde', '::1', 'saida_sistema', '2025-03-14 00:02:59'),
(5, 1, 'Diezare.Conde', '::1', 'sucesso_login', '2025-03-14 00:03:11'),
(6, 1, 'Diezare.Conde', '::1', 'saida_sistema', '2025-03-14 00:06:20'),
(7, 1, 'Diezare.Conde', '::1', 'sucesso_login', '2025-03-14 19:22:58'),
(8, 1, 'Diezare.Conde', '::1', 'saida_sistema', '2025-03-14 23:16:52'),
(9, 1, 'Diezare.Conde', '::1', 'sucesso_login', '2025-03-14 23:17:08'),
(10, 1, 'Diezare.Conde', '::1', 'saida_sistema', '2025-03-14 23:17:13'),
(11, 1, 'Diezare.Conde', '::1', 'sucesso_login', '2025-03-14 23:17:20'),
(12, 1, 'Diezare.Conde', '::1', 'saida_sistema', '2025-03-14 23:28:17'),
(13, 1, 'Diezare.Conde', '::1', 'sucesso_login', '2025-03-16 22:13:36'),
(14, 1, 'Diezare.Conde', '::1', 'saida_sistema', '2025-03-16 22:20:46'),
(15, NULL, 'Desconhecido', '::1', 'acesso_negado_login', '2025-03-16 22:23:56'),
(16, 1, 'Diezare.Conde', '::1', 'sucesso_login', '2025-03-16 22:24:03'),
(17, 1, 'Diezare.Conde', '::1', 'saida_sistema', '2025-03-16 22:24:36'),
(18, NULL, 'Desconhecido', '::1', 'acesso_negado_login', '2025-03-16 22:24:51'),
(19, 1, 'Diezare.Conde', '::1', 'sucesso_login', '2025-03-16 22:25:13'),
(20, 1, 'Diezare.Conde', '::1', 'saida_sistema', '2025-03-16 22:25:23'),
(21, NULL, 'Desconhecido', '::1', 'acesso_negado_login', '2025-03-18 20:16:47'),
(22, 1, 'Diezare.Conde', '::1', 'sucesso_login', '2025-03-18 20:16:52'),
(23, 1, 'Diezare.Conde', '::1', 'sucesso_login', '2025-03-19 10:57:22'),
(24, 1, 'Diezare.Conde', '::1', 'saida_sistema', '2025-03-19 11:45:57'),
(25, 1, 'Diezare.Conde', '::1', 'sucesso_login', '2025-03-19 11:46:30'),
(26, 1, 'Diezare.Conde', '::1', 'saida_sistema', '2025-03-19 11:46:49'),
(27, 1, 'Diezare.Conde', '::1', 'sucesso_login', '2025-03-19 11:46:57'),
(28, 1, 'Diezare.Conde', '::1', 'saida_sistema', '2025-03-19 11:47:21'),
(29, 1, 'Diezare.Conde', '::1', 'sucesso_login', '2025-03-19 11:47:26'),
(30, NULL, 'Desconhecido', '::1', 'acesso_negado_login', '2025-03-19 17:15:30'),
(31, 1, 'Diezare.Conde', '::1', 'saida_sistema', '2025-03-19 17:28:39'),
(32, 1, 'Diezare.Conde', '::1', 'sucesso_login', '2025-03-19 17:28:45'),
(33, 1, 'Diezare.Conde', '::1', 'saida_sistema', '2025-03-19 17:40:01'),
(34, NULL, 'Desconhecido', '192.168.0.22', 'acesso_negado_login', '2025-03-20 10:53:11'),
(35, 1, 'Diezare.Conde', '192.168.0.22', 'sucesso_login', '2025-03-20 10:53:17'),
(36, 1, 'Diezare.Conde', '192.168.0.22', 'saida_sistema', '2025-03-20 11:06:59'),
(37, NULL, 'Desconhecido', '192.168.0.22', 'acesso_negado_login', '2025-03-20 11:07:01'),
(38, NULL, 'Desconhecido', '192.168.0.22', 'acesso_negado_login', '2025-03-20 17:59:44'),
(39, 1, 'Diezare.Conde', '192.168.0.22', 'sucesso_login', '2025-03-20 18:02:57'),
(40, NULL, 'Desconhecido', '192.168.0.22', 'acesso_negado_login', '2025-03-20 18:02:57'),
(41, 1, 'Diezare.Conde', '192.168.0.22', 'sucesso_login', '2025-03-20 18:03:06'),
(42, NULL, 'Desconhecido', '192.168.0.22', 'acesso_negado_login', '2025-03-20 18:03:06'),
(43, 1, 'Diezare.Conde', '192.168.0.22', 'sucesso_login', '2025-03-20 18:09:33'),
(44, NULL, 'Desconhecido', '192.168.0.22', 'acesso_negado_login', '2025-03-20 18:09:33'),
(45, 1, 'Diezare.Conde', '192.168.0.22', 'sucesso_login', '2025-03-20 18:11:47'),
(46, NULL, 'Desconhecido', '192.168.0.22', 'acesso_negado_login', '2025-03-20 18:11:47'),
(47, 1, 'Diezare.Conde', '192.168.0.22', 'sucesso_login', '2025-03-20 18:11:59'),
(48, NULL, 'Desconhecido', '192.168.0.22', 'acesso_negado_login', '2025-03-20 18:11:59'),
(49, 1, 'Diezare.Conde', '192.168.0.22', 'sucesso_login', '2025-03-20 18:13:45'),
(50, NULL, 'Desconhecido', '192.168.0.22', 'acesso_negado_login', '2025-03-20 18:13:45'),
(51, 1, 'Diezare.Conde', '192.168.0.22', 'sucesso_login', '2025-03-20 18:20:26'),
(52, NULL, 'Desconhecido', '192.168.0.22', 'acesso_negado_login', '2025-03-20 18:20:27'),
(53, 1, 'Diezare.Conde', '192.168.0.22', 'sucesso_login', '2025-03-20 18:20:41'),
(54, NULL, 'Desconhecido', '192.168.0.22', 'acesso_negado_login', '2025-03-20 20:11:23'),
(55, NULL, 'Desconhecido', '192.168.0.22', 'acesso_negado_login', '2025-03-20 20:11:23'),
(56, NULL, 'Desconhecido', '192.168.0.22', 'acesso_negado_login', '2025-03-20 20:11:23'),
(57, NULL, 'Desconhecido', '192.168.0.22', 'acesso_negado_login', '2025-03-20 20:11:32'),
(58, 1, 'Diezare.Conde', '192.168.0.22', 'sucesso_login', '2025-03-20 20:11:45'),
(59, 1, 'Diezare.Conde', '192.168.0.22', 'saida_sistema', '2025-03-20 20:28:12'),
(60, NULL, 'Desconhecido', '192.168.0.22', 'acesso_negado_login', '2025-03-21 17:01:12'),
(61, 1, 'Diezare.Conde', '192.168.0.22', 'sucesso_login', '2025-03-21 17:01:20'),
(62, 1, 'Diezare.Conde', '192.168.0.22', 'saida_sistema', '2025-03-21 17:08:11'),
(63, NULL, 'Desconhecido', '192.168.0.22', 'acesso_negado_login', '2025-03-24 17:22:22'),
(64, 1, 'Diezare.Conde', '192.168.0.22', 'sucesso_login', '2025-03-24 17:22:28'),
(65, 1, 'Diezare.Conde', '192.168.0.22', 'saida_sistema', '2025-03-24 17:24:54'),
(66, NULL, 'Desconhecido', '192.168.0.22', 'acesso_negado_login', '2025-03-24 19:21:51'),
(67, 1, 'Diezare.Conde', '192.168.0.22', 'sucesso_login', '2025-03-24 19:21:57'),
(68, 1, 'Diezare.Conde', '192.168.0.22', 'saida_sistema', '2025-03-24 19:36:37'),
(69, NULL, 'Desconhecido', '192.168.0.22', 'acesso_negado_login', '2025-03-24 20:15:40'),
(70, 1, 'Diezare.Conde', '192.168.0.22', 'sucesso_login', '2025-03-24 20:16:00'),
(71, NULL, 'Desconhecido', '192.168.0.22', 'acesso_negado_login', '2025-03-24 20:16:00'),
(72, 1, 'Diezare.Conde', '192.168.0.22', 'sucesso_login', '2025-03-24 20:16:10'),
(73, NULL, 'Desconhecido', '192.168.0.22', 'acesso_negado_login', '2025-03-24 20:16:10'),
(74, 1, 'Diezare.Conde', '192.168.0.22', 'sucesso_login', '2025-03-24 20:21:16'),
(75, 1, 'Diezare.Conde', '192.168.0.22', 'saida_sistema', '2025-03-24 20:37:59'),
(76, NULL, 'Desconhecido', '192.168.0.22', 'acesso_negado_login', '2025-03-26 20:29:00'),
(77, 1, 'Diezare.Conde', '192.168.0.22', 'sucesso_login', '2025-03-26 20:29:06'),
(78, 1, 'Diezare.Conde', '192.168.0.22', 'saida_sistema', '2025-03-26 20:41:06'),
(79, NULL, 'Desconhecido', '10.147.20.137', 'acesso_negado_login', '2025-03-26 22:11:13'),
(80, 1, 'Diezare.Conde', '10.147.20.137', 'sucesso_login', '2025-03-26 22:11:18'),
(81, 1, 'Diezare.Conde', '10.147.20.137', 'saida_sistema', '2025-03-26 22:14:36'),
(82, NULL, 'Desconhecido', '192.168.0.22', 'acesso_negado_login', '2025-03-27 12:48:04'),
(83, 1, 'Diezare.Conde', '192.168.0.22', 'sucesso_login', '2025-03-27 12:48:12'),
(84, NULL, 'Desconhecido', '192.168.0.22', 'acesso_negado_login', '2025-03-27 14:01:57'),
(85, 1, 'Diezare.Conde', '192.168.0.22', 'sucesso_login', '2025-03-27 14:20:14'),
(86, NULL, 'Desconhecido', '192.168.0.22', 'acesso_negado_login', '2025-03-27 15:48:58'),
(87, 1, 'Diezare.Conde', '192.168.0.22', 'falha_login', '2025-03-27 17:32:21'),
(88, 1, 'Diezare.Conde', '192.168.0.22', 'falha_login', '2025-03-27 17:32:27'),
(89, NULL, 'Desconhecido', '192.168.0.22', 'acesso_negado_login', '2025-03-27 17:57:45'),
(90, NULL, 'dsad', '192.168.0.22', 'acesso_negado_login', '2025-03-27 17:57:50'),
(91, NULL, 'sadsa', '192.168.0.22', 'acesso_negado_login', '2025-03-27 17:57:59'),
(92, NULL, 'sadsa', '192.168.0.22', 'acesso_negado_login', '2025-03-27 17:59:04'),
(93, NULL, 'sadsa', '192.168.0.22', 'acesso_negado_login', '2025-03-27 17:59:10'),
(94, NULL, 'sadsa', '192.168.0.22', 'acesso_negado_login', '2025-03-27 19:02:35'),
(95, NULL, 'Desconhecido', '192.168.0.22', 'acesso_negado_login', '2025-03-28 16:55:11'),
(96, NULL, 'Desconhecido', '192.168.0.22', 'acesso_negado_login', '2025-03-28 16:55:23'),
(97, 1, 'Diezare.Conde', '192.168.0.22', 'sucesso_login', '2025-03-28 16:55:29'),
(98, 1, 'Diezare.Conde', '192.168.0.22', 'saida_sistema', '2025-03-28 17:15:01'),
(99, NULL, 'Desconhecido', '192.168.0.22', 'acesso_negado_login', '2025-03-28 17:51:04'),
(100, NULL, 'Desconhecido', '192.168.0.22', 'acesso_negado_login', '2025-03-31 20:30:10'),
(101, NULL, 'Desconhecido', '192.168.0.22', 'acesso_negado_login', '2025-04-01 10:39:20'),
(102, 1, 'Diezare.Conde', '192.168.0.22', 'sucesso_login', '2025-04-01 10:39:26'),
(103, 1, 'Diezare.Conde', '192.168.0.22', 'saida_sistema', '2025-04-01 10:42:01'),
(104, NULL, 'Desconhecido', '192.168.0.22', 'acesso_negado_login', '2025-04-03 14:12:04'),
(105, 1, 'Diezare.Conde', '192.168.0.22', 'sucesso_login', '2025-04-03 14:12:12'),
(106, 1, 'Diezare.Conde', '192.168.0.22', 'saida_sistema', '2025-04-03 14:28:36'),
(107, NULL, 'Desconhecido', '192.168.0.22', 'acesso_negado_login', '2025-04-07 13:03:30'),
(108, NULL, 'Desconhecido', '192.168.0.22', 'acesso_negado_login', '2025-04-07 18:51:03'),
(109, NULL, 'Desconhecido', '192.168.0.22', 'acesso_negado_login', '2025-04-11 13:33:20'),
(110, 1, 'Diezare.Conde', '10.147.20.137', 'sucesso_login', '2025-04-28 23:21:31'),
(111, 1, 'Diezare.Conde', '10.147.20.137', 'sucesso_login', '2025-04-28 23:21:31'),
(112, 1, 'Diezare.Conde', '10.147.20.137', 'sucesso_login', '2025-04-28 23:21:32'),
(113, 1, 'Diezare.Conde', '10.147.20.137', 'sucesso_login', '2025-04-28 23:21:32'),
(114, 1, 'Diezare.Conde', '10.147.20.137', 'sucesso_login', '2025-04-28 23:21:32'),
(115, 1, 'Diezare.Conde', '10.147.20.137', 'sucesso_login', '2025-04-28 23:21:34'),
(116, 1, 'Diezare.Conde', '10.147.20.137', 'saida_sistema', '2025-04-28 23:21:50'),
(117, 1, 'Diezare.Conde', '10.147.20.137', 'sucesso_login', '2025-04-28 23:21:58'),
(118, 1, 'Diezare.Conde', '10.147.20.137', 'saida_sistema', '2025-04-28 23:22:05'),
(119, 1, 'Diezare.Conde', '10.147.20.137', 'sucesso_login', '2025-04-28 23:39:22'),
(120, 1, 'Diezare.Conde', '10.147.20.137', 'sucesso_login', '2025-04-28 23:39:31'),
(121, 1, 'Diezare.Conde', '10.147.20.137', 'sucesso_login', '2025-04-28 23:39:38'),
(122, 1, 'Diezare.Conde', '10.147.20.137', 'sucesso_login', '2025-04-28 23:42:31'),
(123, 1, 'Diezare.Conde', '10.147.20.137', 'sucesso_login', '2025-04-28 23:43:04'),
(124, 1, 'Diezare.Conde', '10.147.20.137', 'saida_sistema', '2025-04-28 23:43:32'),
(125, 1, 'Diezare.Conde', '10.147.20.137', 'sucesso_login', '2025-04-28 23:43:41'),
(126, 1, 'Diezare.Conde', '10.147.20.137', 'saida_sistema', '2025-04-28 23:44:20'),
(127, 1, 'Diezare.Conde', '10.147.20.137', 'falha_login', '2025-04-28 23:44:29'),
(128, NULL, 'DIez4re.COnde', '10.147.20.137', 'acesso_negado_login', '2025-04-28 23:44:36'),
(129, 1, 'Diezare.Conde', '10.147.20.137', 'sucesso_login', '2025-04-29 01:25:35'),
(130, 1, 'Diezare.Conde', '10.147.20.137', 'sucesso_login', '2025-04-29 01:28:45'),
(131, 1, 'Diezare.Conde', '10.147.20.137', 'sucesso_login', '2025-04-29 01:28:59'),
(132, 1, 'Diezare.Conde', '10.147.20.137', 'sucesso_login', '2025-04-29 01:36:12'),
(133, NULL, 'Diezare.COnde', '10.147.20.137', 'acesso_negado_login', '2025-04-29 01:39:40'),
(134, NULL, 'Diezare.COnde', '10.147.20.137', 'acesso_negado_login', '2025-04-29 01:42:04'),
(135, NULL, 'Diezare.COnde', '10.147.20.137', 'acesso_negado_login', '2025-04-29 01:46:10'),
(136, 1, 'Diezare.Conde', '10.147.20.137', 'sucesso_login', '2025-04-29 01:46:59'),
(137, 1, 'Diezare.Conde', '10.147.20.137', 'sucesso_login', '2025-04-29 01:48:02'),
(138, 1, 'Diezare.Conde', '10.147.20.137', 'sucesso_login', '2025-04-29 01:48:18'),
(139, 1, 'Diezare.Conde', '10.147.20.137', 'sucesso_login', '2025-04-29 01:48:42'),
(140, NULL, 'Diezare.COnde', '10.147.20.137', 'acesso_negado_login', '2025-04-29 01:48:48'),
(141, NULL, 'Diezare.COnde', '10.147.20.137', 'acesso_negado_login', '2025-04-29 01:49:04'),
(142, NULL, 'Diezare.COnde', '10.147.20.137', 'acesso_negado_login', '2025-04-29 01:49:55'),
(143, NULL, 'Diezare.COnde', '10.147.20.137', 'acesso_negado_login', '2025-04-29 01:50:09'),
(144, 1, 'Diezare.Conde', '10.147.20.137', 'sucesso_login', '2025-04-29 01:50:27'),
(145, NULL, 'Diezare.COnde', '10.147.20.137', 'acesso_negado_login', '2025-04-29 01:50:31'),
(146, 1, 'Diezare.Conde', '10.147.20.137', 'sucesso_login', '2025-04-29 01:51:35'),
(147, NULL, 'Diezare.COnde', '10.147.20.137', 'acesso_negado_login', '2025-04-29 01:51:39'),
(148, NULL, 'Desconhecido', '10.147.20.137', 'acesso_negado_login', '2025-04-29 01:52:01'),
(149, 1, 'Diezare.Conde', '10.147.20.137', 'sucesso_login', '2025-04-29 01:52:49'),
(150, NULL, 'Diezare.COnde', '10.147.20.137', 'acesso_negado_login', '2025-04-29 01:52:54'),
(151, NULL, 'Diezare.COnde', '10.147.20.137', 'acesso_negado_login', '2025-04-29 01:53:12'),
(152, 1, 'Diezare.Conde', '10.147.20.137', 'sucesso_login', '2025-04-29 01:53:21'),
(153, NULL, 'Diezare.COnde', '10.147.20.137', 'acesso_negado_login', '2025-04-29 01:53:25'),
(154, NULL, 'Desconhecido', '10.147.20.144', 'acesso_negado_login', '2025-04-29 19:45:52'),
(155, NULL, 'Desconhecido', '10.147.20.144', 'acesso_negado_login', '2025-04-30 21:37:04'),
(156, 1, 'Diezare.Conde', '10.147.20.144', 'sucesso_login', '2025-05-02 22:29:01'),
(157, NULL, 'Desconhecido', '192.168.0.22', 'acesso_negado_login', '2025-05-05 16:46:58'),
(158, 1, 'Diezare.Conde', '192.168.0.22', 'sucesso_login', '2025-05-05 16:47:05'),
(159, 1, 'Diezare.Conde', '192.168.0.22', 'saida_sistema', '2025-05-05 17:22:44'),
(160, NULL, 'Desconhecido', '10.147.20.144', 'acesso_negado_login', '2025-05-06 01:14:20'),
(161, NULL, 'Diezare.CondE', '10.147.20.144', 'acesso_negado_login', '2025-05-06 01:14:27'),
(162, NULL, 'Desconhecido', '192.168.0.27', 'acesso_negado_login', '2025-05-08 19:28:58'),
(163, 1, 'Diezare.Conde', '192.168.0.27', 'sucesso_login', '2025-05-08 19:29:12'),
(164, 1, 'Diezare.Conde', '192.168.0.27', 'saida_sistema', '2025-05-08 19:30:50'),
(165, 2, 'Eduardo', '192.168.0.27', 'sucesso_login', '2025-05-08 19:31:04'),
(166, NULL, 'Desconhecido', '192.168.0.22', 'acesso_negado_login', '2025-05-08 19:52:33'),
(167, 1, 'Diezare.Conde', '192.168.0.22', 'sucesso_login', '2025-05-08 19:52:44'),
(168, NULL, 'dudi@local.com', '192.168.0.27', 'acesso_negado_login', '2025-05-08 22:23:07'),
(169, 2, 'Eduardo', '192.168.0.27', 'sucesso_login', '2025-05-08 22:23:15'),
(170, NULL, 'Desconhecido', '192.168.0.22', 'acesso_negado_login', '2025-05-12 13:41:42'),
(171, 2, 'Eduardo', '192.168.0.27', 'sucesso_login', '2025-05-13 17:37:14'),
(172, NULL, 'Desconhecido', '192.168.0.22', 'acesso_negado_login', '2025-05-13 19:01:02'),
(173, 1, 'Diezare.Conde', '192.168.0.22', 'sucesso_login', '2025-05-13 19:01:08'),
(174, 1, 'Diezare.Conde', '192.168.0.22', 'saida_sistema', '2025-05-13 20:27:46'),
(175, NULL, 'Desconhecido', '10.147.20.144', 'acesso_negado_login', '2025-05-13 22:44:01'),
(176, NULL, 'Diezare.CondE', '10.147.20.144', 'acesso_negado_login', '2025-05-13 22:44:07'),
(177, NULL, 'Desconhecido', '10.147.20.144', 'acesso_negado_login', '2025-05-14 01:23:57'),
(178, 1, 'Diezare.Conde', '10.147.20.144', 'sucesso_login', '2025-05-14 01:29:23'),
(179, 1, 'Diezare.Conde', '10.147.20.144', 'saida_sistema', '2025-05-14 01:52:49'),
(180, NULL, 'Desconhecido', '192.168.0.22', 'acesso_negado_login', '2025-05-14 10:21:43'),
(181, 1, 'Diezare.Conde', '192.168.0.22', 'sucesso_login', '2025-05-14 10:21:52'),
(182, NULL, 'Desconhecido', '192.168.0.22', 'acesso_negado_login', '2025-05-14 11:29:09'),
(183, 1, 'Diezare.Conde', '192.168.0.22', 'sucesso_login', '2025-05-14 11:29:16'),
(184, 1, 'Diezare.Conde', '192.168.0.22', 'saida_sistema', '2025-05-14 11:34:40'),
(185, NULL, 'Desconhecido', '192.168.0.22', 'acesso_negado_login', '2025-05-14 12:04:22'),
(186, NULL, 'Desconhecido', '192.168.0.22', 'acesso_negado_login', '2025-05-14 12:04:23'),
(187, 1, 'Diezare.Conde', '192.168.0.22', 'sucesso_login', '2025-05-14 12:04:29'),
(188, NULL, 'Desconhecido', '192.168.0.22', 'acesso_negado_login', '2025-05-14 16:27:11'),
(189, 1, 'Diezare.Conde', '192.168.0.22', 'sucesso_login', '2025-05-14 16:27:18'),
(190, NULL, 'Desconhecido', '192.168.0.22', 'saida_sistema', '2025-05-14 19:45:38'),
(191, 2, 'Eduardo', '192.168.0.27', 'sucesso_login', '2025-05-15 20:36:42'),
(192, NULL, 'Desconhecido', '192.168.0.22', 'acesso_negado_login', '2025-05-16 16:09:09'),
(193, NULL, 'Desconhecido', '192.168.0.22', 'acesso_negado_login', '2025-05-23 16:37:59'),
(194, 1, 'Diezare.Conde', '192.168.0.22', 'sucesso_login', '2025-05-23 16:38:06'),
(195, NULL, 'Desconhecido', '192.168.0.22', 'acesso_negado_login', '2025-05-23 18:48:08'),
(196, 1, 'Diezare.Conde', '192.168.0.22', 'sucesso_login', '2025-05-23 18:48:22'),
(197, 1, 'Diezare.Conde', '192.168.0.22', 'saida_sistema', '2025-05-23 18:55:09'),
(198, NULL, 'dudi@local.com', '192.168.0.27', 'acesso_negado_login', '2025-06-03 16:28:28'),
(199, NULL, 'eduardo', '192.168.0.27', 'acesso_negado_login', '2025-06-03 16:28:43'),
(200, NULL, 'dudi', '192.168.0.27', 'acesso_negado_login', '2025-06-03 16:28:55'),
(201, NULL, 'dudi@local.com', '192.168.0.27', 'acesso_negado_login', '2025-06-03 16:29:57'),
(202, 2, 'Eduardo', '192.168.0.27', 'sucesso_login', '2025-06-03 16:30:18'),
(203, NULL, 'Desconhecido', '192.168.0.22', 'acesso_negado_login', '2025-06-03 17:48:05'),
(204, 1, 'Diezare.Conde', '192.168.0.22', 'sucesso_login', '2025-06-03 17:48:11'),
(205, NULL, 'Desconhecido', '192.168.0.22', 'saida_sistema', '2025-06-03 19:00:53'),
(206, NULL, 'Desconhecido', '192.168.0.22', 'acesso_negado_login', '2025-06-04 14:49:04'),
(207, 1, 'Diezare.Conde', '192.168.0.22', 'sucesso_login', '2025-06-04 14:49:12'),
(208, 1, 'Diezare.Conde', '192.168.0.22', 'saida_sistema', '2025-06-04 14:54:45'),
(209, 2, 'Eduardo', '192.168.0.27', 'sucesso_login', '2025-06-04 16:38:32'),
(210, NULL, 'Desconhecido', '192.168.0.22', 'acesso_negado_login', '2025-06-04 17:13:32'),
(211, 1, 'Diezare.Conde', '192.168.0.22', 'sucesso_login', '2025-06-04 17:13:39'),
(212, 1, 'Diezare.Conde', '192.168.0.22', 'saida_sistema', '2025-06-04 17:19:32'),
(213, NULL, 'Desconhecido', '192.168.0.27', 'acesso_negado_login', '2025-06-04 18:31:23'),
(214, NULL, 'Desconhecido', '192.168.0.27', 'acesso_negado_login', '2025-06-04 18:31:23'),
(215, NULL, 'Desconhecido', '192.168.0.27', 'acesso_negado_login', '2025-06-04 18:31:24'),
(216, NULL, 'Desconhecido', '192.168.0.27', 'acesso_negado_login', '2025-06-04 18:31:33'),
(217, NULL, 'Desconhecido', '192.168.0.27', 'acesso_negado_login', '2025-06-04 18:31:33'),
(218, NULL, 'Desconhecido', '192.168.0.27', 'acesso_negado_login', '2025-06-04 18:31:33'),
(219, NULL, 'Desconhecido', '192.168.0.27', 'acesso_negado_login', '2025-06-04 18:31:46'),
(220, NULL, 'Desconhecido', '192.168.0.27', 'acesso_negado_login', '2025-06-04 18:31:46'),
(221, NULL, 'Desconhecido', '192.168.0.27', 'acesso_negado_login', '2025-06-04 18:31:46'),
(222, NULL, 'Desconhecido', '192.168.0.27', 'acesso_negado_login', '2025-06-04 18:31:58'),
(223, NULL, 'Desconhecido', '192.168.0.27', 'acesso_negado_login', '2025-06-04 18:31:58'),
(224, NULL, 'Desconhecido', '192.168.0.27', 'acesso_negado_login', '2025-06-04 18:31:58'),
(225, 2, 'Eduardo', '192.168.0.27', 'sucesso_login', '2025-06-04 18:32:43'),
(226, NULL, 'Desconhecido', '192.168.0.22', 'acesso_negado_login', '2025-06-06 13:17:17'),
(227, 1, 'Diezare.Conde', '192.168.0.22', 'sucesso_login', '2025-06-06 13:17:23'),
(228, NULL, 'Desconhecido', '192.168.0.22', 'acesso_negado_login', '2025-06-06 16:52:08'),
(229, 1, 'Diezare.Conde', '192.168.0.22', 'sucesso_login', '2025-06-06 16:52:14'),
(230, NULL, 'Desconhecido', '192.168.0.22', 'acesso_negado_login', '2025-06-06 20:13:47'),
(231, 1, 'Diezare.Conde', '192.168.0.22', 'sucesso_login', '2025-06-09 14:08:20'),
(232, 1, 'Diezare.Conde', '192.168.0.22', 'saida_sistema', '2025-06-09 14:19:57'),
(233, NULL, 'Desconhecido', '192.168.0.22', 'acesso_negado_login', '2025-06-09 19:57:40'),
(234, 1, 'Diezare.Conde', '192.168.0.22', 'sucesso_login', '2025-06-09 19:57:48'),
(235, 1, 'Diezare.Conde', '192.168.0.22', 'saida_sistema', '2025-06-09 20:00:55'),
(236, NULL, 'Desconhecido', '192.168.0.22', 'acesso_negado_login', '2025-06-11 10:33:59'),
(237, 1, 'Diezare.Conde', '192.168.0.22', 'sucesso_login', '2025-06-11 10:34:14'),
(238, NULL, 'Desconhecido', '192.168.0.22', 'saida_sistema', '2025-06-11 11:53:35'),
(239, NULL, 'Desconhecido', '10.147.20.144', 'acesso_negado_login', '2025-06-15 21:31:05'),
(240, NULL, 'Desconhecido', '192.168.0.22', 'acesso_negado_login', '2025-07-08 17:47:38'),
(241, NULL, 'Desconhecido', '10.147.20.144', 'acesso_negado_login', '2025-07-09 01:28:51'),
(242, NULL, 'Desconhecido', '10.147.20.144', 'acesso_negado_login', '2025-07-21 21:42:11'),
(243, 1, 'Diezare.Conde', '192.168.0.22', 'sucesso_login', '2025-09-23 18:11:29'),
(244, 1, 'Diezare.Conde', '192.168.0.22', 'saida_sistema', '2025-09-23 19:23:07'),
(245, 1, 'Diezare.Conde', '192.168.0.22', 'sucesso_login', '2025-10-03 16:43:41'),
(246, 1, 'Diezare.Conde', '192.168.0.22', 'saida_sistema', '2025-10-03 16:44:01'),
(247, 1, 'Diezare.Conde', '192.168.0.22', 'sucesso_login', '2025-10-03 16:52:54'),
(248, NULL, 'Desconhecido', '192.168.0.22', 'saida_sistema', '2025-10-03 20:01:57'),
(249, 1, 'Diezare.Conde', '192.168.0.22', 'sucesso_login', '2025-10-06 10:49:59'),
(250, NULL, 'Desconhecido', '192.168.0.22', 'saida_sistema', '2025-10-06 12:34:13'),
(251, NULL, 'Desconhecido', '192.168.0.146', 'acesso_negado_login', '2025-10-22 13:16:39'),
(252, NULL, 'Diézare.Conde', '192.168.0.146', 'acesso_negado_login', '2025-10-22 13:17:03'),
(253, 1, 'Diezare.Conde', '192.168.0.146', 'sucesso_login', '2025-10-22 13:17:10'),
(254, 1, 'Diezare.Conde', '192.168.0.146', 'saida_sistema', '2025-10-22 13:45:59'),
(255, NULL, 'Desconhecido', '192.168.0.146', 'acesso_negado_login', '2025-10-22 13:46:17'),
(256, 1, 'Diezare.Conde', '192.168.0.146', 'sucesso_login', '2025-10-22 13:46:33'),
(257, 1, 'Diezare.Conde', '192.168.0.146', 'saida_sistema', '2025-10-22 14:11:22'),
(258, 1, 'Diezare.Conde', '192.168.0.146', 'sucesso_login', '2025-10-22 14:11:42'),
(259, NULL, 'Desconhecido', '192.168.0.146', 'acesso_negado_login', '2025-10-23 17:34:05'),
(260, 1, 'Diezare.Conde', '192.168.0.146', 'sucesso_login', '2025-10-23 17:34:19'),
(261, 1, 'Diezare.Conde', '192.168.0.146', 'saida_sistema', '2025-10-23 17:35:41'),
(262, NULL, 'adsd', '192.168.0.22', 'acesso_negado_login', '2025-10-23 19:08:53'),
(263, 1, 'Diezare.Conde', '189.39.108.218', 'sucesso_login', '2025-10-23 21:55:45'),
(264, 1, 'Diezare.Conde', '189.39.108.218', 'sucesso_login', '2025-10-23 22:00:09'),
(265, 1, 'Diezare.Conde', '189.39.108.218', 'saida_sistema', '2025-10-23 22:00:32'),
(266, NULL, 'SemUsuario', '189.39.108.218', 'falha_login', '2025-10-23 22:02:08'),
(267, NULL, 'SemUsuario', '189.39.108.218', 'falha_login', '2025-10-23 22:02:11'),
(268, NULL, 'SemUsuario', '189.39.108.218', 'falha_login', '2025-10-23 22:02:14'),
(269, NULL, 'SemUsuario', '201.22.74.22', 'falha_login', '2025-10-24 11:00:45'),
(270, NULL, 'SemUsuario', '201.22.74.22', 'falha_login', '2025-10-24 11:00:47'),
(271, NULL, 'd', '189.85.155.90', 'acesso_negado_login', '2025-10-26 20:12:00'),
(272, 1, 'Diezare.Conde', '189.85.155.90', 'sucesso_login', '2025-10-26 20:13:24'),
(273, 1, 'Diezare.Conde', '189.85.155.90', 'saida_sistema', '2025-10-26 20:28:32'),
(274, 1, 'Diezare.Conde', '201.22.74.22', 'sucesso_login', '2025-10-27 07:36:24'),
(275, 1, 'Diezare.Conde', '201.22.74.22', 'sucesso_login', '2025-10-27 07:54:54'),
(276, 1, 'Diezare.Conde', '189.85.155.90', 'sucesso_login', '2025-10-28 22:13:24'),
(277, 1, 'Diezare.Conde', '189.85.155.90', 'saida_sistema', '2025-10-28 22:19:21'),
(278, NULL, 'ZAP', '201.22.74.22', 'acesso_negado_login', '2025-10-29 09:36:55'),
(279, 1, 'Diezare.Conde', '201.22.74.22', 'sucesso_login', '2025-10-29 10:59:06'),
(280, 1, 'Diezare.Conde', '201.22.74.22', 'saida_sistema', '2025-10-29 11:02:13'),
(281, 1, 'Diezare.Conde', '201.22.74.22', 'sucesso_login', '2025-10-29 11:02:24'),
(282, 1, 'Diezare.Conde', '201.22.74.22', 'saida_sistema', '2025-10-29 11:02:57'),
(283, 1, 'Diezare.Conde', '201.22.74.22', 'sucesso_login', '2025-10-29 11:04:13'),
(284, 1, 'Diezare.Conde', '201.22.74.22', 'saida_sistema', '2025-10-29 11:12:40'),
(285, 1, 'Diezare.Conde', '201.22.74.22', 'sucesso_login', '2025-10-29 11:18:39'),
(286, NULL, 'Diezare.COnde', '201.22.74.22', 'acesso_negado_login', '2025-10-29 11:40:39'),
(287, 1, 'Diezare.Conde', '201.22.74.22', 'sucesso_login', '2025-10-29 11:40:44'),
(288, NULL, 'Desconhecido', '201.22.74.22', 'saida_sistema', '2025-10-29 13:32:57'),
(289, NULL, 'Desconhecido', '201.22.74.22', 'saida_sistema', '2025-10-29 13:34:15'),
(290, 1, 'Diezare.Conde', '201.22.74.22', 'sucesso_login', '2025-10-29 15:05:20'),
(291, 1, 'Diezare.Conde', '201.22.74.22', 'saida_sistema', '2025-10-29 15:28:17'),
(292, NULL, 'ZAP', '201.22.74.22', 'acesso_negado_login', '2025-10-29 15:28:27'),
(293, NULL, 'SemUsuario', '201.22.74.22', 'falha_login', '2025-10-29 15:29:24'),
(294, NULL, 'SemUsuario', '189.85.155.90', 'falha_login', '2025-10-29 21:50:43'),
(295, NULL, 'V', '189.85.155.90', 'acesso_negado_login', '2025-10-29 21:50:51'),
(296, NULL, 'SemUsuario', '189.85.155.90', 'falha_login', '2025-10-29 21:51:11'),
(297, 1, 'Diezare.Conde', '189.85.155.90', 'sucesso_login', '2025-10-29 21:51:31'),
(298, NULL, 'SemUsuario', '189.85.155.90', 'falha_login', '2025-10-29 22:41:54'),
(299, 1, 'Diezare.Conde', '189.85.155.90', 'sucesso_login', '2025-10-29 22:42:06'),
(300, 1, 'Diezare.Conde', '189.85.155.90', 'sucesso_login', '2025-10-29 22:47:39'),
(301, 1, 'Diezare.Conde', '189.85.155.90', 'saida_sistema', '2025-10-29 23:31:05'),
(302, NULL, 'SemUsuario', '189.85.155.90', 'falha_login', '2025-10-29 23:31:18'),
(303, 1, 'Diezare.Conde', '189.85.155.90', 'saida_sistema', '2025-10-29 23:45:11'),
(304, NULL, 'SemUsuario', '189.85.155.90', 'falha_login', '2025-10-29 23:48:02'),
(305, 1, 'Diezare.Conde', '189.85.155.90', 'sucesso_login', '2025-10-29 23:48:26'),
(306, 1, 'Diezare.Conde', '189.85.155.90', 'sucesso_login', '2025-10-30 00:10:30'),
(307, 1, 'Diezare.Conde', '189.85.155.90', 'saida_sistema', '2025-10-30 00:14:03'),
(308, NULL, 'SemUsuario', '189.85.155.90', 'falha_login', '2025-10-30 00:14:16'),
(309, 1, 'Diezare.Conde', '189.85.155.90', 'saida_sistema', '2025-10-30 00:22:19'),
(310, 1, 'Diezare.Conde', '201.22.74.22', 'sucesso_login', '2025-10-30 07:52:44'),
(311, 1, 'Diezare.Conde', '201.22.74.22', 'saida_sistema', '2025-10-30 07:52:57'),
(312, 1, 'Diezare.Conde', '201.22.74.22', 'sucesso_login', '2025-10-30 07:55:28'),
(313, 1, 'Diezare.Conde', '201.22.74.22', 'saida_sistema', '2025-10-30 07:56:52'),
(314, NULL, 'ZAP', '201.22.74.22', 'acesso_negado_login', '2025-10-30 09:33:40'),
(315, NULL, 'SemUsuario', '201.22.74.22', 'falha_login', '2025-10-31 09:42:57'),
(316, NULL, 'SemUsuario', '189.85.155.90', 'falha_login', '2025-10-31 12:58:10'),
(317, 1, 'Diezare.Conde', '201.22.74.22', 'sucesso_login', '2025-10-31 14:13:39'),
(318, NULL, 'Desconhecido', '201.22.74.22', 'saida_sistema', '2025-10-31 15:40:41'),
(319, 1, 'Diezare.Conde', '189.39.109.100', 'sucesso_login', '2025-11-16 19:40:13'),
(320, 1, 'Diezare.Conde', '189.39.109.100', 'saida_sistema', '2025-11-16 19:40:49'),
(321, NULL, 'SemUsuario', '189.39.109.33', 'falha_login', '2025-11-20 17:52:06'),
(322, NULL, 'SemUsuario', '189.39.109.33', 'falha_login', '2025-11-20 17:52:09'),
(323, NULL, 'DIez', '189.39.109.33', 'acesso_negado_login', '2025-11-20 17:52:13'),
(324, 1, 'Diezare.Conde', '201.22.74.22', 'sucesso_login', '2025-12-16 08:08:09'),
(325, 1, 'Diezare.Conde', '201.22.74.22', 'sucesso_login', '2025-12-16 09:30:57'),
(326, 1, 'Diezare.Conde', '201.21.155.8', 'sucesso_login', '2025-12-16 10:29:22'),
(327, 1, 'Diezare.Conde', '201.21.155.8', 'saida_sistema', '2025-12-16 10:29:46'),
(328, 3, 'Bruno.Lacerda', '201.21.155.8', 'sucesso_login', '2025-12-16 10:30:40'),
(329, 1, 'Diezare.Conde', '201.22.74.22', 'sucesso_login', '2025-12-16 15:36:31'),
(330, 1, 'Diezare.Conde', '201.22.74.22', 'sucesso_login', '2025-12-16 17:27:04'),
(331, 1, 'Diezare.Conde', '189.39.108.108', 'sucesso_login', '2025-12-16 20:36:21'),
(332, 1, 'Diezare.Conde', '189.39.108.108', 'falha_login', '2025-12-16 22:18:25'),
(333, 1, 'Diezare.Conde', '189.39.108.108', 'sucesso_login', '2025-12-16 22:18:29'),
(334, 1, 'Diezare.Conde', '189.39.108.108', 'saida_sistema', '2025-12-16 22:55:10'),
(335, 1, 'Diezare.Conde', '201.22.74.22', 'sucesso_login', '2025-12-17 07:41:32'),
(336, 1, 'Diezare.Conde', '201.22.74.22', 'sucesso_login', '2025-12-17 08:03:14'),
(337, 1, 'Diezare.Conde', '201.22.74.22', 'saida_sistema', '2025-12-17 08:03:30'),
(338, 3, 'Bruno.Lacerda', '201.21.155.8', 'sucesso_login', '2025-12-17 09:43:00'),
(339, 1, 'Diezare.Conde', '201.22.74.22', 'sucesso_login', '2025-12-17 10:26:00'),
(340, 3, 'Bruno.Lacerda', '201.22.74.22', 'sucesso_login', '2025-12-17 13:33:27'),
(341, 1, 'Diezare.Conde', '201.22.74.22', 'sucesso_login', '2025-12-17 14:21:11'),
(342, 1, 'Diezare.Conde', '201.22.74.22', 'sucesso_login', '2025-12-17 22:26:48'),
(343, 3, 'Bruno.Lacerda', '201.22.74.22', 'sucesso_login', '2025-12-18 10:04:47'),
(344, 3, 'Bruno.Lacerda', '201.22.74.22', 'sucesso_login', '2025-12-18 12:04:48'),
(345, 1, 'Diezare.Conde', '201.22.74.22', 'sucesso_login', '2025-12-19 09:16:18'),
(346, 1, 'Diezare.Conde', '201.22.74.22', 'saida_sistema', '2025-12-19 09:47:28'),
(347, 1, 'Diezare.Conde', '189.39.108.108', 'sucesso_login', '2025-12-19 22:11:31'),
(348, 1, 'Diezare.Conde', '189.39.108.108', 'sucesso_login', '2025-12-19 22:18:03'),
(349, 1, 'Diezare.Conde', '189.39.108.108', 'sucesso_login', '2025-12-20 00:00:33'),
(350, 1, 'Diezare.Conde', '189.39.108.108', 'saida_sistema', '2025-12-20 00:00:48'),
(351, NULL, 'Desconhecido', '189.39.108.108', 'saida_sistema', '2025-12-20 00:02:07'),
(352, 1, 'Diezare.Conde', '::1', 'sucesso_login', '2025-12-20 12:00:44'),
(353, 1, 'Diezare.Conde', '::1', 'sucesso_login', '2025-12-20 18:54:59'),
(354, 1, 'Diezare.Conde', '::1', 'sucesso_login', '2025-12-21 09:01:38'),
(355, 1, 'Diezare.Conde', '::1', 'sucesso_login', '2025-12-21 20:09:16'),
(356, 1, 'Diezare.Conde', '::1', 'saida_sistema', '2025-12-21 23:02:48'),
(357, 1, 'Diezare.Conde', '::1', 'sucesso_login', '2025-12-25 20:27:59'),
(358, 1, 'Diezare.Conde', '::1', 'sucesso_login', '2025-12-27 09:11:58'),
(359, 1, 'Diezare.Conde', '::1', 'sucesso_login', '2025-12-28 21:36:40'),
(360, 1, 'Diezare.Conde', '::1', 'sucesso_login', '2025-12-30 10:32:21'),
(361, 1, 'Diezare.Conde', '::1', 'sucesso_login', '2025-12-31 08:52:15'),
(362, 1, 'Diezare.Conde', '::1', 'sucesso_login', '2026-01-02 16:51:26'),
(363, 1, 'Diezare.Conde', '::1', 'sucesso_login', '2026-01-03 09:46:41'),
(364, 1, 'Diezare.Conde', '::1', 'falha_login', '2026-01-03 21:53:54'),
(365, 1, 'Diezare.Conde', '::1', 'sucesso_login', '2026-01-03 21:54:14'),
(366, 1, 'Diezare.Conde', '::1', 'sucesso_login', '2026-01-04 21:18:15'),
(367, 1, 'Diezare.Conde', '::1', 'sucesso_login', '2026-01-05 09:37:36'),
(368, 1, 'Diezare.Conde', '::1', 'sucesso_login', '2026-01-05 21:11:48'),
(369, 1, 'Diezare.Conde', '::1', 'sucesso_login', '2026-01-10 17:01:05'),
(370, 1, 'Diezare.Conde', '::1', 'sucesso_login', '2026-01-11 18:09:05'),
(371, 1, 'Diezare.Conde', '::1', 'saida_sistema', '2026-01-11 22:53:26'),
(372, NULL, 'Desconhecido', '::1', 'saida_sistema', '2026-01-11 22:53:30'),
(373, 1, 'Diezare.Conde', '::1', 'sucesso_login', '2026-01-12 20:42:42'),
(374, 1, 'Diezare.Conde', '::1', 'sucesso_login', '2026-01-14 08:26:00'),
(375, 1, 'Diezare.Conde', '::1', 'sucesso_login', '2026-01-14 22:14:40'),
(376, 1, 'Diezare.Conde', '::1', 'sucesso_login', '2026-02-03 07:39:24');

-- --------------------------------------------------------

--
-- Estrutura para tabela `modalidade`
--

CREATE TABLE `modalidade` (
  `id_modalidade` int(11) NOT NULL,
  `nome_modalidade` varchar(100) NOT NULL,
  `descricao` varchar(255) DEFAULT NULL,
  `data_cadastro` datetime DEFAULT current_timestamp()
) ENGINE=InnoDB DEFAULT CHARSET=utf8mb4 COLLATE=utf8mb4_general_ci;

--
-- Despejando dados para a tabela `modalidade`
--

INSERT INTO `modalidade` (`id_modalidade`, `nome_modalidade`, `descricao`, `data_cadastro`) VALUES
(1, 'Futsal Masculino', NULL, '2025-04-01 10:40:32'),
(2, 'Futsal Feminino', NULL, '2025-05-08 19:34:05'),
(3, 'Vôlei Feminino', NULL, '2025-05-08 19:35:30'),
(4, 'Vôlei Masculino', NULL, '2025-05-08 19:35:47'),
(5, 'Basquete', NULL, '2025-05-08 19:35:58');

-- --------------------------------------------------------

--
-- Estrutura para tabela `nivel_ensino`
--

CREATE TABLE `nivel_ensino` (
  `id_nivel_ensino` int(11) NOT NULL,
  `nome_nivel_ensino` varchar(100) NOT NULL,
  `data_cadastro_nivel` datetime DEFAULT current_timestamp()
) ENGINE=InnoDB DEFAULT CHARSET=utf8mb4 COLLATE=utf8mb4_general_ci;

--
-- Despejando dados para a tabela `nivel_ensino`
--

INSERT INTO `nivel_ensino` (`id_nivel_ensino`, `nome_nivel_ensino`, `data_cadastro_nivel`) VALUES
(1, 'Educação Infantil', '2025-02-08 10:04:45'),
(2, 'Ensino Fundamental I', '2025-02-14 22:57:46'),
(3, 'Ensino Fundamental II', '2025-02-14 22:57:55'),
(4, 'Ensino Médio', '2025-02-14 22:58:06'),
(6, 'Curso Pré-Vestibular', '2025-02-23 12:36:28'),
(8, 'Escolinhas', '2025-04-03 14:27:30');

-- --------------------------------------------------------

--
-- Estrutura para tabela `professor`
--

CREATE TABLE `professor` (
  `id_professor` int(11) NOT NULL,
  `nome_completo` varchar(150) NOT NULL,
  `nome_exibicao` varchar(100) DEFAULT NULL,
  `data_cadastro_professor` datetime DEFAULT current_timestamp(),
  `sexo` enum('Masculino','Feminino','Outro') NOT NULL DEFAULT 'Masculino',
  `limite_aulas_fixa_semana` int(11) NOT NULL DEFAULT 0,
  `telefone` varchar(20) DEFAULT NULL
) ENGINE=InnoDB DEFAULT CHARSET=utf8mb4 COLLATE=utf8mb4_general_ci;

--
-- Despejando dados para a tabela `professor`
--

INSERT INTO `professor` (`id_professor`, `nome_completo`, `nome_exibicao`, `data_cadastro_professor`, `sexo`, `limite_aulas_fixa_semana`, `telefone`) VALUES
(2, 'Alessandra dos Santos', 'Alessandra', '2025-02-12 19:45:30', 'Feminino', 23, '(99) 99999-9999'),
(3, 'Gleyson Alves', 'Gleyson', '2025-02-15 16:01:18', 'Masculino', 18, '(99) 99999-9999'),
(4, 'Guilherme Homenhuki', 'Guilherme', '2025-02-15 16:01:43', 'Masculino', 8, '(99) 99999-9999'),
(5, 'Bruno César', 'Bruno César', '2025-03-20 18:43:01', 'Masculino', 26, '(43) 9928-8428'),
(6, 'Gizely Koscianski', 'Gizely', '2025-03-20 18:43:48', 'Feminino', 19, '(99) 99999-9999'),
(7, 'José Fernando Perini', 'Perini', '2025-03-20 18:48:42', 'Masculino', 4, '(43) 99108-8273'),
(8, 'Daniele Leiroz', 'Daniele', '2025-05-08 19:37:19', 'Feminino', 8, '(99) 99999-9999'),
(9, 'Tamires / Wilton', 'Tamires / Wilton', '2025-05-08 19:37:54', 'Outro', 9, '(99) 9999-9999'),
(10, 'Beatriz Leão', 'Beatriz', '2025-05-08 19:38:24', 'Feminino', 20, '(99) 99999-9999'),
(11, 'Lindberg Mendonça', 'Berg', '2025-05-08 19:38:54', 'Masculino', 8, '(99) 9999-9999'),
(12, 'Alexandre Mendonça', 'Alexandre', '2025-05-08 19:39:26', 'Masculino', 12, '(99) 9999-9999'),
(13, 'Diogo Saturno', 'Diogo Saturno', '2025-12-16 10:35:31', 'Masculino', 4, '(99) 9999-9999'),
(14, 'Karolyne Cristyane Ishii', 'Karol', '2025-12-17 10:58:37', 'Feminino', 18, '(99) 99999-9999'),
(15, 'Maria Eduarda', 'Duda', '2025-12-17 11:00:41', 'Feminino', 9, '(99) 99999-9999'),
(16, 'Mônica Moraes', 'Mônica', '2025-12-17 11:10:58', 'Feminino', 14, '(99) 99999-9999'),
(17, 'Paulo Lorin', 'Paulo', '2025-12-17 11:15:03', 'Masculino', 6, '(99) 99999-9999'),
(18, 'Priscila Danieli da Silva', 'Priscila', '2025-12-17 11:17:16', 'Feminino', 4, '(99) 99999-9999'),
(19, 'Rafaela Pichinini', 'Rafaela', '2025-12-17 11:18:59', 'Feminino', 16, '(99) 99999-9999'),
(20, 'Raphael Zanardo Ally', 'Raphael', '2025-12-17 11:21:07', 'Masculino', 4, '(99) 99999-9999'),
(21, 'Solange Gomes', 'Solange', '2025-12-17 11:22:53', 'Feminino', 25, '(99) 99999-9999'),
(22, 'Tiago Nogueira', 'Tiago Nogueira', '2025-12-17 11:25:04', 'Masculino', 23, '(99) 99999-9999'),
(23, 'Willian Alvares', 'Willian', '2025-12-17 11:27:26', 'Masculino', 6, '(99) 99999-9999'),
(24, 'Guilherme Bomba', 'Bomba', '2025-12-17 11:38:24', 'Masculino', 16, '(99) 99999-9999'),
(25, 'Bruno Augusto', 'Bruno Augusto', '2025-12-17 11:42:39', 'Masculino', 8, '(99) 99999-9999'),
(26, 'Carlos Henrique Vici', 'Carlos', '2025-12-17 11:44:48', 'Masculino', 6, '(99) 99999-9999'),
(27, 'Euzéias', 'Euzéias', '2025-12-17 11:48:02', 'Masculino', 3, '(99) 99999-9999'),
(28, 'Pricila / Euzéias', 'Pricila / Euzéias', '2025-12-17 11:50:11', 'Outro', 2, '(99) 99999-9999'),
(29, 'Sidney Guerra', 'Guerra', '2025-12-17 11:51:53', 'Masculino', 4, '(99) 99999-9999'),
(30, 'Juba', 'Juba', '2025-12-17 11:55:01', 'Masculino', 8, '(99) 99999-9999'),
(31, 'Leandro Aranda', 'Leandro', '2025-12-17 11:57:42', 'Masculino', 3, '(99) 99999-9999'),
(32, 'Maykon Tognon', 'Maykon', '2025-12-17 12:00:23', 'Masculino', 10, '(99) 99999-9999'),
(33, 'Murilo Serviuc Mori', 'Murilo', '2025-12-17 12:04:10', 'Masculino', 4, '(99) 99999-9999'),
(34, 'Newton Morgado', 'Newton', '2025-12-17 13:36:15', 'Masculino', 6, '(99) 99999-9999'),
(35, 'Raggi Feguri Filho', 'Raggi', '2025-12-17 13:39:22', 'Masculino', 8, '(99) 99999-9999'),
(36, 'Reginaldo Cavalcante Agostini', 'Reginaldo', '2025-12-17 13:42:14', 'Masculino', 4, '(99) 99999-9999'),
(37, 'Ricardo Big', 'Ricardo Big', '2025-12-17 13:44:07', 'Masculino', 4, '(99) 99999-9999'),
(38, 'Rosana Gasparotti', 'Rosana Gasparotti', '2025-12-17 13:45:35', 'Feminino', 3, '(99) 99999-9999'),
(39, 'Rosana Silva', 'Rosana Silva', '2025-12-17 13:46:59', 'Feminino', 6, '(99) 99999-9999'),
(40, 'Rúbia Cherritte', 'Rúbia', '2025-12-17 13:48:25', 'Feminino', 8, '(99) 99999-9999'),
(41, 'Tiago Henrique', 'Tiago Henrique', '2025-12-17 13:50:31', 'Masculino', 4, '(99) 99999-9999'),
(42, 'Wellington Garcia', 'Ton', '2025-12-17 13:52:13', 'Masculino', 6, '(99) 99999-9999'),
(43, 'Vívian Tavares', 'Vívian', '2025-12-17 13:53:48', 'Feminino', 14, '(99) 99999-9999'),
(44, 'Wanderson Aceti', 'Wanderson', '2025-12-17 13:56:22', 'Masculino', 4, '(99) 99999-9999'),
(45, 'José Mário Gomes', 'Zé Mário', '2025-12-17 13:57:46', 'Masculino', 2, '(99) 99999-9999'),
(48, 'Wilton Batista dos Santos', 'Wilton', '2025-12-18 12:08:23', 'Masculino', 1, '(99) 99999-9999'),
(49, 'Tamires Gobato', 'Tamires', '2025-12-18 12:08:44', 'Feminino', 1, '(99) 99999-9999'),
(51, 'Sandra Lazarini', 'Sandra', '2025-12-18 12:09:24', 'Feminino', 1, '(99) 99999-9999'),
(56, 'Ana Clara Avanci', 'Clara', '2025-12-18 12:11:43', 'Feminino', 1, '(99) 99999-9999'),
(57, 'Wilton / Tamires', 'Wilton / Tamires', '2025-12-19 23:20:47', 'Outro', 10, '(99) 99999-9999'),
(58, 'Andressa Fonseca', 'Andressa', '2025-12-27 10:20:22', 'Feminino', 6, '(99) 99999-9999');

-- --------------------------------------------------------

--
-- Estrutura para tabela `professor_categoria`
--

CREATE TABLE `professor_categoria` (
  `id_professor` int(11) NOT NULL,
  `id_categoria` int(11) NOT NULL,
  `data_cadastro` datetime DEFAULT current_timestamp()
) ENGINE=InnoDB DEFAULT CHARSET=utf8mb4 COLLATE=utf8mb4_general_ci;

--
-- Despejando dados para a tabela `professor_categoria`
--

INSERT INTO `professor_categoria` (`id_professor`, `id_categoria`, `data_cadastro`) VALUES
(8, 1, '2025-05-13 17:55:45'),
(8, 2, '2025-05-13 17:55:16'),
(8, 4, '2025-05-13 17:56:05'),
(8, 9, '2025-05-13 17:55:50'),
(8, 11, '2025-05-13 18:20:52'),
(8, 12, '2025-05-13 18:21:44'),
(8, 13, '2025-05-13 18:22:14'),
(9, 5, '2025-05-13 17:56:11'),
(9, 6, '2025-05-08 19:45:13'),
(10, 3, '2025-05-13 17:55:57'),
(10, 4, '2025-05-13 17:56:05'),
(10, 7, '2025-05-13 17:55:31'),
(10, 8, '2025-05-13 17:55:27'),
(10, 14, '2025-06-03 16:37:49'),
(11, 2, '2025-05-13 17:55:16'),
(11, 10, '2025-05-13 18:09:13'),
(12, 1, '2025-05-13 17:55:45'),
(12, 3, '2025-05-13 17:55:57'),
(12, 4, '2025-05-13 17:56:05'),
(12, 9, '2025-05-13 17:55:50');

-- --------------------------------------------------------

--
-- Estrutura para tabela `professor_disciplinas`
--

CREATE TABLE `professor_disciplinas` (
  `id_professor` int(11) NOT NULL,
  `id_disciplina` int(11) NOT NULL
) ENGINE=InnoDB DEFAULT CHARSET=utf8mb4 COLLATE=utf8mb4_general_ci;

--
-- Despejando dados para a tabela `professor_disciplinas`
--

INSERT INTO `professor_disciplinas` (`id_professor`, `id_disciplina`) VALUES
(2, 2),
(2, 18),
(3, 2),
(3, 26),
(4, 16),
(5, 12),
(6, 5),
(6, 18),
(7, 2),
(8, 6),
(9, 9),
(10, 3),
(11, 13),
(12, 5),
(12, 18),
(13, 7),
(14, 2),
(14, 25),
(15, 18),
(15, 19),
(16, 7),
(16, 8),
(17, 13),
(18, 3),
(19, 17),
(20, 3),
(20, 18),
(21, 16),
(21, 17),
(21, 18),
(22, 4),
(22, 18),
(23, 12),
(24, 4),
(24, 11),
(24, 21),
(25, 16),
(25, 20),
(26, 13),
(27, 3),
(28, 22),
(29, 4),
(30, 10),
(30, 11),
(31, 5),
(32, 1),
(32, 17),
(33, 7),
(34, 2),
(35, 2),
(35, 13),
(36, 5),
(37, 12),
(38, 23),
(39, 20),
(40, 12),
(41, 2),
(41, 13),
(42, 16),
(43, 7),
(43, 18),
(44, 12),
(45, 2),
(48, 18),
(49, 18),
(56, 18),
(56, 27),
(57, 9),
(58, 8);

-- --------------------------------------------------------

--
-- Estrutura para tabela `professor_disciplinas_turmas`
--

CREATE TABLE `professor_disciplinas_turmas` (
  `id_professor` int(11) NOT NULL,
  `id_disciplina` int(11) NOT NULL,
  `id_turma` int(11) NOT NULL,
  `aulas_semana` int(11) DEFAULT NULL,
  `prioridade` int(11) DEFAULT NULL
) ENGINE=InnoDB DEFAULT CHARSET=utf8mb4 COLLATE=utf8mb4_general_ci;

--
-- Despejando dados para a tabela `professor_disciplinas_turmas`
--

INSERT INTO `professor_disciplinas_turmas` (`id_professor`, `id_disciplina`, `id_turma`, `aulas_semana`, `prioridade`) VALUES
(2, 2, 14, NULL, NULL),
(2, 2, 15, NULL, NULL),
(2, 2, 16, NULL, NULL),
(2, 2, 17, NULL, NULL),
(2, 18, 15, NULL, NULL),
(3, 2, 20, NULL, NULL),
(3, 3, 1, NULL, NULL),
(3, 3, 2, NULL, NULL),
(3, 26, 10, NULL, NULL),
(3, 26, 11, NULL, NULL),
(3, 26, 12, NULL, NULL),
(3, 26, 13, NULL, NULL),
(4, 16, 10, NULL, NULL),
(4, 16, 11, NULL, NULL),
(4, 16, 12, NULL, NULL),
(4, 16, 13, NULL, NULL),
(5, 12, 8, NULL, NULL),
(5, 12, 9, NULL, NULL),
(5, 12, 18, NULL, NULL),
(5, 12, 19, NULL, NULL),
(5, 12, 22, NULL, NULL),
(5, 12, 23, NULL, NULL),
(5, 12, 28, NULL, NULL),
(5, 12, 29, NULL, NULL),
(6, 5, 10, NULL, NULL),
(6, 5, 13, NULL, NULL),
(6, 5, 14, NULL, NULL),
(6, 5, 15, NULL, NULL),
(6, 5, 16, NULL, NULL),
(6, 5, 17, NULL, NULL),
(6, 18, 13, NULL, NULL),
(7, 2, 22, NULL, NULL),
(7, 2, 28, NULL, NULL),
(8, 6, 10, NULL, NULL),
(8, 6, 11, NULL, NULL),
(8, 6, 12, NULL, NULL),
(8, 6, 13, NULL, NULL),
(8, 6, 14, NULL, NULL),
(8, 6, 15, NULL, NULL),
(8, 6, 16, NULL, NULL),
(8, 6, 17, NULL, NULL),
(9, 9, 8, NULL, NULL),
(9, 9, 11, NULL, NULL),
(9, 9, 13, NULL, NULL),
(9, 9, 14, NULL, NULL),
(9, 9, 17, NULL, NULL),
(9, 9, 20, NULL, NULL),
(10, 3, 14, NULL, NULL),
(10, 3, 15, NULL, NULL),
(10, 3, 16, NULL, NULL),
(10, 3, 17, NULL, NULL),
(11, 13, 8, NULL, NULL),
(11, 13, 9, NULL, NULL),
(11, 13, 18, NULL, NULL),
(11, 13, 19, NULL, NULL),
(11, 13, 22, NULL, NULL),
(11, 13, 28, NULL, NULL),
(11, 13, 29, NULL, NULL),
(12, 5, 8, NULL, NULL),
(12, 5, 9, NULL, NULL),
(12, 5, 11, NULL, NULL),
(12, 5, 12, NULL, NULL),
(12, 5, 18, NULL, NULL),
(12, 5, 19, NULL, NULL),
(12, 18, 18, NULL, NULL),
(13, 7, 22, NULL, NULL),
(13, 7, 28, NULL, NULL),
(14, 2, 8, NULL, NULL),
(14, 2, 18, NULL, NULL),
(14, 25, 10, NULL, NULL),
(14, 25, 11, NULL, NULL),
(14, 25, 12, NULL, NULL),
(14, 25, 13, NULL, NULL),
(15, 18, 12, NULL, NULL),
(15, 19, 10, NULL, NULL),
(15, 19, 11, NULL, NULL),
(15, 19, 12, NULL, NULL),
(15, 19, 13, NULL, NULL),
(15, 19, 14, NULL, NULL),
(15, 19, 15, NULL, NULL),
(15, 19, 16, NULL, NULL),
(15, 19, 17, NULL, NULL),
(16, 7, 11, NULL, NULL),
(16, 7, 12, NULL, NULL),
(16, 8, 10, NULL, NULL),
(16, 8, 13, NULL, NULL),
(16, 8, 14, NULL, NULL),
(16, 8, 15, NULL, NULL),
(17, 13, 11, NULL, NULL),
(17, 13, 12, NULL, NULL),
(17, 13, 20, NULL, NULL),
(18, 3, 10, NULL, NULL),
(18, 3, 13, NULL, NULL),
(19, 17, 14, NULL, NULL),
(19, 17, 15, NULL, NULL),
(19, 17, 16, NULL, NULL),
(19, 17, 17, NULL, NULL),
(20, 3, 11, NULL, NULL),
(20, 3, 12, NULL, NULL),
(20, 18, 11, NULL, NULL),
(21, 16, 14, NULL, NULL),
(21, 16, 15, NULL, NULL),
(21, 16, 16, NULL, NULL),
(21, 16, 17, NULL, NULL),
(21, 17, 10, NULL, NULL),
(21, 17, 11, NULL, NULL),
(21, 17, 12, NULL, NULL),
(21, 17, 13, NULL, NULL),
(21, 18, 10, NULL, NULL),
(22, 4, 10, NULL, NULL),
(22, 4, 11, NULL, NULL),
(22, 4, 12, NULL, NULL),
(22, 4, 13, NULL, NULL),
(22, 4, 14, NULL, NULL),
(22, 4, 15, NULL, NULL),
(22, 4, 16, NULL, NULL),
(22, 4, 17, NULL, NULL),
(22, 18, 14, NULL, NULL),
(23, 12, 10, NULL, NULL),
(23, 12, 11, NULL, NULL),
(23, 12, 12, NULL, NULL),
(23, 12, 13, NULL, NULL),
(24, 4, 8, NULL, NULL),
(24, 4, 9, NULL, NULL),
(24, 4, 18, NULL, NULL),
(24, 4, 19, NULL, NULL),
(24, 4, 20, NULL, NULL),
(24, 4, 21, NULL, NULL),
(24, 11, 22, NULL, NULL),
(24, 11, 23, NULL, NULL),
(24, 11, 28, NULL, NULL),
(24, 11, 29, NULL, NULL),
(24, 21, 8, NULL, NULL),
(24, 21, 9, NULL, NULL),
(24, 21, 18, NULL, NULL),
(24, 21, 19, NULL, NULL),
(24, 21, 20, NULL, NULL),
(24, 21, 21, NULL, NULL),
(24, 21, 22, NULL, NULL),
(24, 21, 23, NULL, NULL),
(24, 21, 28, NULL, NULL),
(24, 21, 29, NULL, NULL),
(25, 16, 22, NULL, NULL),
(25, 16, 28, NULL, NULL),
(25, 20, 22, NULL, NULL),
(25, 20, 28, NULL, NULL),
(26, 13, 8, NULL, NULL),
(26, 13, 18, NULL, NULL),
(26, 13, 22, NULL, NULL),
(26, 13, 28, NULL, NULL),
(27, 3, 8, NULL, NULL),
(27, 3, 18, NULL, NULL),
(27, 3, 20, NULL, NULL),
(28, 22, 22, NULL, NULL),
(28, 22, 28, NULL, NULL),
(29, 4, 22, NULL, NULL),
(29, 4, 28, NULL, NULL),
(30, 10, 8, NULL, NULL),
(30, 10, 18, NULL, NULL),
(30, 10, 20, NULL, NULL),
(30, 10, 22, NULL, NULL),
(30, 10, 28, NULL, NULL),
(30, 11, 8, NULL, NULL),
(30, 11, 18, NULL, NULL),
(30, 11, 20, NULL, NULL),
(31, 5, 20, NULL, NULL),
(31, 5, 21, NULL, NULL),
(32, 1, 8, NULL, NULL),
(32, 1, 9, NULL, NULL),
(32, 1, 18, NULL, NULL),
(32, 1, 19, NULL, NULL),
(32, 1, 20, NULL, NULL),
(32, 1, 21, NULL, NULL),
(32, 17, 8, NULL, NULL),
(32, 17, 9, NULL, NULL),
(32, 17, 18, NULL, NULL),
(32, 17, 19, NULL, NULL),
(32, 17, 20, NULL, NULL),
(32, 17, 21, NULL, NULL),
(32, 17, 22, NULL, NULL),
(32, 17, 23, NULL, NULL),
(32, 17, 28, NULL, NULL),
(32, 17, 29, NULL, NULL),
(33, 7, 23, NULL, NULL),
(33, 7, 29, NULL, NULL),
(34, 2, 8, NULL, NULL),
(34, 2, 18, NULL, NULL),
(34, 2, 28, NULL, NULL),
(35, 2, 22, NULL, NULL),
(35, 2, 28, NULL, NULL),
(35, 13, 22, NULL, NULL),
(35, 13, 28, NULL, NULL),
(36, 5, 22, NULL, NULL),
(36, 5, 28, NULL, NULL),
(37, 12, 22, NULL, NULL),
(37, 12, 28, NULL, NULL),
(38, 23, 8, NULL, NULL),
(38, 23, 18, NULL, NULL),
(38, 23, 20, NULL, NULL),
(39, 20, 8, NULL, NULL),
(39, 20, 18, NULL, NULL),
(39, 20, 20, NULL, NULL),
(40, 12, 8, NULL, NULL),
(40, 12, 18, NULL, NULL),
(40, 12, 20, NULL, NULL),
(41, 2, 20, NULL, NULL),
(41, 13, 20, NULL, NULL),
(42, 16, 8, NULL, NULL),
(42, 16, 18, NULL, NULL),
(42, 16, 20, NULL, NULL),
(43, 7, 8, NULL, NULL),
(43, 7, 18, NULL, NULL),
(43, 7, 20, NULL, NULL),
(43, 7, 22, NULL, NULL),
(43, 7, 28, NULL, NULL),
(43, 18, 8, NULL, NULL),
(44, 12, 23, NULL, NULL),
(44, 12, 29, NULL, NULL),
(45, 2, 22, NULL, NULL),
(48, 18, 16, NULL, NULL),
(49, 18, 17, NULL, NULL),
(56, 18, 20, NULL, NULL),
(56, 27, 8, NULL, NULL),
(56, 27, 18, NULL, NULL),
(56, 27, 20, NULL, NULL),
(57, 9, 10, NULL, NULL),
(57, 9, 12, NULL, NULL),
(57, 9, 15, NULL, NULL),
(57, 9, 16, NULL, NULL),
(57, 9, 18, NULL, NULL),
(58, 8, 16, NULL, NULL),
(58, 8, 17, NULL, NULL);

-- --------------------------------------------------------

--
-- Estrutura para tabela `professor_restricoes`
--

CREATE TABLE `professor_restricoes` (
  `id_professor` int(11) NOT NULL,
  `id_ano_letivo` int(11) NOT NULL,
  `dia_semana` enum('Domingo','Segunda','Terca','Quarta','Quinta','Sexta','Sabado') NOT NULL,
  `numero_aula` int(11) NOT NULL,
  `id_turno` int(11) NOT NULL
) ENGINE=InnoDB DEFAULT CHARSET=utf8mb4 COLLATE=utf8mb4_general_ci;

--
-- Despejando dados para a tabela `professor_restricoes`
--

INSERT INTO `professor_restricoes` (`id_professor`, `id_ano_letivo`, `dia_semana`, `numero_aula`, `id_turno`) VALUES
(2, 7, 'Segunda', 1, 1),
(2, 7, 'Segunda', 2, 1),
(2, 7, 'Segunda', 3, 1),
(2, 7, 'Segunda', 4, 1),
(2, 7, 'Segunda', 5, 1),
(2, 7, 'Segunda', 6, 1),
(3, 7, 'Segunda', 1, 1),
(3, 7, 'Segunda', 2, 1),
(3, 7, 'Segunda', 3, 1),
(3, 7, 'Segunda', 4, 1),
(3, 7, 'Quinta', 1, 1),
(3, 7, 'Quinta', 2, 1),
(3, 7, 'Quinta', 3, 1),
(3, 7, 'Quinta', 4, 1),
(3, 7, 'Quinta', 5, 1),
(3, 7, 'Quinta', 6, 1),
(3, 7, 'Sexta', 1, 1),
(3, 7, 'Sexta', 2, 1),
(3, 7, 'Sexta', 3, 1),
(3, 7, 'Sexta', 4, 1),
(3, 7, 'Sexta', 5, 1),
(3, 7, 'Sexta', 6, 1),
(4, 7, 'Terca', 1, 1),
(4, 7, 'Terca', 2, 1),
(4, 7, 'Terca', 3, 1),
(4, 7, 'Terca', 4, 1),
(4, 7, 'Terca', 5, 1),
(4, 7, 'Terca', 6, 1),
(4, 7, 'Quarta', 1, 1),
(4, 7, 'Quarta', 2, 1),
(4, 7, 'Quarta', 3, 1),
(4, 7, 'Quarta', 4, 1),
(4, 7, 'Quinta', 1, 1),
(4, 7, 'Quinta', 2, 1),
(4, 7, 'Quinta', 3, 1),
(4, 7, 'Quinta', 4, 1),
(4, 7, 'Quinta', 5, 1),
(4, 7, 'Quinta', 6, 1),
(4, 7, 'Sexta', 1, 1),
(4, 7, 'Sexta', 2, 1),
(4, 7, 'Sexta', 3, 1),
(4, 7, 'Sexta', 4, 1),
(4, 7, 'Sexta', 5, 1),
(4, 7, 'Sexta', 6, 1),
(5, 7, 'Segunda', 1, 1),
(5, 7, 'Segunda', 2, 1),
(5, 7, 'Segunda', 3, 1),
(5, 7, 'Segunda', 4, 1),
(5, 7, 'Segunda', 5, 1),
(5, 7, 'Terca', 1, 1),
(5, 7, 'Terca', 2, 1),
(5, 7, 'Terca', 3, 1),
(5, 7, 'Terca', 4, 1),
(5, 7, 'Terca', 5, 1),
(5, 7, 'Terca', 6, 1),
(5, 7, 'Quarta', 1, 1),
(5, 7, 'Quarta', 2, 1),
(5, 7, 'Quarta', 3, 1),
(5, 7, 'Quarta', 5, 1),
(5, 7, 'Quarta', 6, 1),
(5, 7, 'Quinta', 1, 1),
(5, 7, 'Quinta', 2, 1),
(5, 7, 'Quinta', 3, 1),
(5, 7, 'Quinta', 4, 1),
(5, 7, 'Quinta', 5, 1),
(5, 7, 'Quinta', 6, 1),
(5, 7, 'Sexta', 1, 1),
(5, 7, 'Sexta', 4, 1),
(5, 7, 'Sexta', 5, 1),
(5, 7, 'Sexta', 1, 2),
(5, 7, 'Sexta', 2, 2),
(5, 7, 'Sexta', 3, 2),
(5, 7, 'Sexta', 4, 2),
(6, 7, 'Segunda', 1, 1),
(6, 7, 'Segunda', 2, 1),
(6, 7, 'Terca', 1, 1),
(6, 7, 'Terca', 2, 1),
(6, 7, 'Sexta', 1, 1),
(6, 7, 'Sexta', 2, 1),
(6, 7, 'Sexta', 3, 1),
(6, 7, 'Sexta', 4, 1),
(6, 7, 'Sexta', 5, 1),
(6, 7, 'Sexta', 6, 1),
(7, 7, 'Segunda', 1, 1),
(7, 7, 'Segunda', 2, 1),
(7, 7, 'Segunda', 3, 1),
(7, 7, 'Terca', 1, 1),
(7, 7, 'Terca', 2, 1),
(7, 7, 'Terca', 3, 1),
(7, 7, 'Terca', 4, 1),
(7, 7, 'Terca', 5, 1),
(7, 7, 'Terca', 6, 1),
(7, 7, 'Quarta', 1, 1),
(7, 7, 'Quarta', 2, 1),
(7, 7, 'Quarta', 3, 1),
(7, 7, 'Quarta', 4, 1),
(7, 7, 'Quinta', 1, 1),
(7, 7, 'Quinta', 2, 1),
(7, 7, 'Quinta', 3, 1),
(7, 7, 'Quinta', 4, 1),
(7, 7, 'Quinta', 5, 1),
(7, 7, 'Quinta', 6, 1),
(7, 7, 'Sexta', 1, 1),
(7, 7, 'Sexta', 2, 1),
(7, 7, 'Sexta', 3, 1),
(7, 7, 'Sexta', 4, 1),
(7, 7, 'Sexta', 5, 1),
(7, 7, 'Sexta', 6, 1),
(8, 7, 'Segunda', 1, 1),
(8, 7, 'Segunda', 2, 1),
(8, 7, 'Segunda', 3, 1),
(8, 7, 'Segunda', 4, 1),
(8, 7, 'Segunda', 5, 1),
(8, 7, 'Segunda', 6, 1),
(8, 7, 'Terca', 3, 1),
(8, 7, 'Terca', 4, 1),
(8, 7, 'Terca', 5, 1),
(8, 7, 'Terca', 6, 1),
(8, 7, 'Quarta', 1, 1),
(8, 7, 'Quarta', 2, 1),
(8, 7, 'Quarta', 3, 1),
(8, 7, 'Quarta', 4, 1),
(8, 7, 'Quarta', 5, 1),
(8, 7, 'Quarta', 6, 1),
(8, 7, 'Quinta', 1, 1),
(8, 7, 'Quinta', 2, 1),
(8, 7, 'Quinta', 3, 1),
(8, 7, 'Quinta', 4, 1),
(8, 7, 'Quinta', 5, 1),
(8, 7, 'Quinta', 6, 1),
(9, 7, 'Segunda', 1, 1),
(9, 7, 'Segunda', 2, 1),
(9, 7, 'Segunda', 3, 1),
(9, 7, 'Segunda', 4, 1),
(9, 7, 'Segunda', 5, 1),
(9, 7, 'Segunda', 6, 1),
(9, 7, 'Quarta', 1, 1),
(9, 7, 'Quarta', 2, 1),
(9, 7, 'Quarta', 3, 1),
(9, 7, 'Quarta', 4, 1),
(9, 7, 'Quarta', 5, 1),
(9, 7, 'Quarta', 6, 1),
(9, 7, 'Quinta', 1, 1),
(9, 7, 'Quinta', 6, 1),
(9, 7, 'Sexta', 4, 1),
(9, 7, 'Sexta', 5, 1),
(9, 7, 'Sexta', 6, 1),
(10, 7, 'Segunda', 5, 1),
(10, 7, 'Segunda', 6, 1),
(10, 7, 'Quarta', 5, 1),
(10, 7, 'Quarta', 6, 1),
(10, 7, 'Quinta', 1, 1),
(10, 7, 'Sexta', 5, 1),
(10, 7, 'Sexta', 6, 1),
(11, 7, 'Segunda', 1, 1),
(11, 7, 'Segunda', 2, 1),
(11, 7, 'Segunda', 3, 1),
(11, 7, 'Segunda', 4, 1),
(11, 7, 'Segunda', 5, 1),
(11, 7, 'Segunda', 6, 1),
(11, 7, 'Terca', 1, 1),
(11, 7, 'Terca', 2, 1),
(11, 7, 'Terca', 3, 1),
(11, 7, 'Terca', 4, 1),
(11, 7, 'Terca', 5, 1),
(11, 7, 'Terca', 6, 1),
(11, 7, 'Quarta', 1, 1),
(11, 7, 'Quarta', 2, 1),
(11, 7, 'Quarta', 3, 1),
(11, 7, 'Quarta', 4, 1),
(11, 7, 'Quarta', 5, 1),
(11, 7, 'Quarta', 6, 1),
(11, 7, 'Quinta', 1, 1),
(11, 7, 'Quinta', 2, 1),
(11, 7, 'Quinta', 3, 1),
(11, 7, 'Quinta', 4, 1),
(11, 7, 'Quinta', 5, 1),
(11, 7, 'Quinta', 6, 1),
(11, 7, 'Sexta', 5, 1),
(11, 7, 'Sexta', 6, 1),
(11, 7, 'Domingo', 1, 2),
(11, 7, 'Domingo', 2, 2),
(11, 7, 'Domingo', 3, 2),
(11, 7, 'Domingo', 4, 2),
(11, 7, 'Domingo', 5, 2),
(11, 7, 'Domingo', 6, 2),
(11, 7, 'Segunda', 1, 2),
(11, 7, 'Segunda', 2, 2),
(11, 7, 'Segunda', 3, 2),
(11, 7, 'Segunda', 4, 2),
(11, 7, 'Segunda', 5, 2),
(11, 7, 'Segunda', 6, 2),
(11, 7, 'Terca', 1, 2),
(11, 7, 'Terca', 2, 2),
(11, 7, 'Terca', 3, 2),
(11, 7, 'Terca', 4, 2),
(11, 7, 'Terca', 5, 2),
(11, 7, 'Terca', 6, 2),
(11, 7, 'Quarta', 1, 2),
(11, 7, 'Quarta', 2, 2),
(11, 7, 'Quarta', 3, 2),
(11, 7, 'Quarta', 4, 2),
(11, 7, 'Quarta', 5, 2),
(11, 7, 'Quarta', 6, 2),
(11, 7, 'Quinta', 1, 2),
(11, 7, 'Quinta', 2, 2),
(11, 7, 'Quinta', 3, 2),
(11, 7, 'Quinta', 4, 2),
(11, 7, 'Quinta', 5, 2),
(11, 7, 'Quinta', 6, 2),
(11, 7, 'Sexta', 6, 2),
(11, 7, 'Sabado', 1, 2),
(11, 7, 'Sabado', 2, 2),
(11, 7, 'Sabado', 3, 2),
(11, 7, 'Sabado', 4, 2),
(11, 7, 'Sabado', 5, 2),
(11, 7, 'Sabado', 6, 2),
(12, 7, 'Segunda', 1, 1),
(12, 7, 'Segunda', 2, 1),
(12, 7, 'Segunda', 3, 1),
(12, 7, 'Segunda', 4, 1),
(12, 7, 'Segunda', 5, 1),
(12, 7, 'Segunda', 6, 1),
(12, 7, 'Terca', 1, 1),
(12, 7, 'Terca', 2, 1),
(12, 7, 'Terca', 3, 1),
(12, 7, 'Terca', 4, 1),
(12, 7, 'Terca', 5, 1),
(12, 7, 'Terca', 6, 1),
(12, 7, 'Sexta', 1, 1),
(12, 7, 'Sexta', 2, 1),
(12, 7, 'Sexta', 3, 1),
(12, 7, 'Sexta', 4, 1),
(12, 7, 'Sexta', 5, 1),
(12, 7, 'Sexta', 6, 1),
(13, 7, 'Segunda', 5, 1),
(13, 7, 'Segunda', 6, 1),
(13, 7, 'Terca', 1, 1),
(13, 7, 'Terca', 2, 1),
(13, 7, 'Terca', 3, 1),
(13, 7, 'Terca', 4, 1),
(13, 7, 'Terca', 5, 1),
(13, 7, 'Terca', 6, 1),
(13, 7, 'Quarta', 1, 1),
(13, 7, 'Quarta', 2, 1),
(13, 7, 'Quarta', 3, 1),
(13, 7, 'Quarta', 4, 1),
(13, 7, 'Quarta', 5, 1),
(13, 7, 'Quarta', 6, 1),
(13, 7, 'Quinta', 1, 1),
(13, 7, 'Quinta', 2, 1),
(13, 7, 'Quinta', 3, 1),
(13, 7, 'Quinta', 4, 1),
(13, 7, 'Quinta', 5, 1),
(13, 7, 'Quinta', 6, 1),
(13, 7, 'Sexta', 1, 1),
(13, 7, 'Sexta', 2, 1),
(13, 7, 'Sexta', 3, 1),
(13, 7, 'Sexta', 4, 1),
(13, 7, 'Sexta', 5, 1),
(13, 7, 'Sexta', 6, 1),
(14, 7, 'Quinta', 1, 1),
(14, 7, 'Quinta', 2, 1),
(14, 7, 'Quinta', 3, 1),
(14, 7, 'Quinta', 4, 1),
(14, 7, 'Quinta', 5, 1),
(14, 7, 'Quinta', 6, 1),
(14, 7, 'Sexta', 1, 1),
(14, 7, 'Sexta', 2, 1),
(14, 7, 'Sexta', 3, 1),
(14, 7, 'Sexta', 4, 1),
(14, 7, 'Sexta', 5, 1),
(14, 7, 'Sexta', 6, 1),
(15, 7, 'Segunda', 1, 1),
(15, 7, 'Segunda', 2, 1),
(15, 7, 'Segunda', 3, 1),
(15, 7, 'Segunda', 4, 1),
(15, 7, 'Segunda', 5, 1),
(15, 7, 'Segunda', 6, 1),
(15, 7, 'Terca', 1, 1),
(15, 7, 'Terca', 2, 1),
(15, 7, 'Terca', 3, 1),
(15, 7, 'Quarta', 1, 1),
(15, 7, 'Quarta', 2, 1),
(15, 7, 'Quarta', 3, 1),
(15, 7, 'Quarta', 4, 1),
(15, 7, 'Quarta', 5, 1),
(15, 7, 'Quarta', 6, 1),
(16, 7, 'Terca', 1, 1),
(16, 7, 'Terca', 2, 1),
(16, 7, 'Terca', 3, 1),
(16, 7, 'Terca', 4, 1),
(16, 7, 'Terca', 5, 1),
(16, 7, 'Terca', 6, 1),
(16, 7, 'Quarta', 6, 1),
(16, 7, 'Quinta', 1, 1),
(16, 7, 'Quinta', 2, 1),
(16, 7, 'Quinta', 3, 1),
(16, 7, 'Quinta', 4, 1),
(16, 7, 'Quinta', 5, 1),
(16, 7, 'Quinta', 6, 1),
(17, 7, 'Terca', 1, 1),
(17, 7, 'Terca', 2, 1),
(17, 7, 'Terca', 3, 1),
(17, 7, 'Terca', 4, 1),
(17, 7, 'Terca', 5, 1),
(17, 7, 'Terca', 6, 1),
(17, 7, 'Quarta', 1, 1),
(17, 7, 'Quarta', 2, 1),
(17, 7, 'Quarta', 3, 1),
(17, 7, 'Quarta', 4, 1),
(17, 7, 'Quarta', 5, 1),
(17, 7, 'Quarta', 6, 1),
(17, 7, 'Quinta', 1, 1),
(17, 7, 'Quinta', 2, 1),
(17, 7, 'Quinta', 3, 1),
(17, 7, 'Quinta', 4, 1),
(17, 7, 'Quinta', 5, 1),
(17, 7, 'Quinta', 6, 1),
(17, 7, 'Sexta', 1, 1),
(17, 7, 'Sexta', 2, 1),
(17, 7, 'Sexta', 3, 1),
(17, 7, 'Sexta', 4, 1),
(17, 7, 'Sexta', 5, 1),
(17, 7, 'Sexta', 6, 1),
(18, 7, 'Segunda', 1, 1),
(18, 7, 'Segunda', 2, 1),
(18, 7, 'Segunda', 3, 1),
(18, 7, 'Segunda', 4, 1),
(18, 7, 'Segunda', 5, 1),
(18, 7, 'Segunda', 6, 1),
(18, 7, 'Terca', 1, 1),
(18, 7, 'Terca', 2, 1),
(18, 7, 'Terca', 3, 1),
(18, 7, 'Terca', 4, 1),
(18, 7, 'Terca', 5, 1),
(18, 7, 'Terca', 6, 1),
(18, 7, 'Quarta', 1, 1),
(18, 7, 'Quarta', 2, 1),
(18, 7, 'Quarta', 3, 1),
(18, 7, 'Quarta', 4, 1),
(18, 7, 'Quarta', 5, 1),
(18, 7, 'Quarta', 6, 1),
(18, 7, 'Quinta', 1, 1),
(18, 7, 'Quinta', 2, 1),
(18, 7, 'Quinta', 6, 1),
(18, 7, 'Sexta', 1, 1),
(18, 7, 'Sexta', 2, 1),
(18, 7, 'Sexta', 6, 1),
(19, 7, 'Quinta', 1, 1),
(19, 7, 'Quinta', 2, 1),
(19, 7, 'Quinta', 3, 1),
(19, 7, 'Quinta', 4, 1),
(19, 7, 'Quinta', 5, 1),
(19, 7, 'Quinta', 6, 1),
(19, 7, 'Sexta', 1, 1),
(19, 7, 'Sexta', 2, 1),
(19, 7, 'Sexta', 3, 1),
(19, 7, 'Sexta', 4, 1),
(19, 7, 'Sexta', 5, 1),
(19, 7, 'Sexta', 6, 1),
(20, 7, 'Segunda', 1, 1),
(20, 7, 'Segunda', 2, 1),
(20, 7, 'Segunda', 3, 1),
(20, 7, 'Segunda', 4, 1),
(20, 7, 'Segunda', 5, 1),
(20, 7, 'Segunda', 6, 1),
(20, 7, 'Terca', 1, 1),
(20, 7, 'Terca', 2, 1),
(20, 7, 'Terca', 3, 1),
(20, 7, 'Terca', 4, 1),
(20, 7, 'Terca', 5, 1),
(20, 7, 'Terca', 6, 1),
(20, 7, 'Quarta', 1, 1),
(20, 7, 'Quarta', 2, 1),
(20, 7, 'Quarta', 3, 1),
(20, 7, 'Quarta', 4, 1),
(20, 7, 'Quarta', 5, 1),
(20, 7, 'Quarta', 6, 1),
(20, 7, 'Sexta', 1, 1),
(20, 7, 'Sexta', 2, 1),
(20, 7, 'Sexta', 3, 1),
(20, 7, 'Sexta', 4, 1),
(20, 7, 'Sexta', 5, 1),
(20, 7, 'Sexta', 6, 1),
(22, 7, 'Terca', 3, 1),
(22, 7, 'Terca', 4, 1),
(22, 7, 'Terca', 5, 1),
(22, 7, 'Terca', 6, 1),
(23, 7, 'Segunda', 1, 1),
(23, 7, 'Segunda', 2, 1),
(23, 7, 'Segunda', 3, 1),
(23, 7, 'Terca', 1, 1),
(23, 7, 'Terca', 2, 1),
(23, 7, 'Terca', 3, 1),
(23, 7, 'Terca', 4, 1),
(23, 7, 'Terca', 5, 1),
(23, 7, 'Terca', 6, 1),
(23, 7, 'Quarta', 1, 1),
(23, 7, 'Quarta', 2, 1),
(23, 7, 'Quarta', 3, 1),
(23, 7, 'Quarta', 4, 1),
(23, 7, 'Quarta', 5, 1),
(23, 7, 'Quarta', 6, 1),
(23, 7, 'Quinta', 1, 1),
(23, 7, 'Quinta', 2, 1),
(23, 7, 'Quinta', 3, 1),
(23, 7, 'Quinta', 4, 1),
(23, 7, 'Quinta', 5, 1),
(23, 7, 'Quinta', 6, 1),
(23, 7, 'Sexta', 1, 1),
(23, 7, 'Sexta', 2, 1),
(23, 7, 'Sexta', 3, 1),
(24, 7, 'Segunda', 1, 1),
(24, 7, 'Segunda', 2, 1),
(24, 7, 'Segunda', 3, 1),
(24, 7, 'Segunda', 4, 1),
(24, 7, 'Segunda', 5, 1),
(24, 7, 'Segunda', 6, 1),
(24, 7, 'Quarta', 3, 1),
(24, 7, 'Quarta', 4, 1),
(24, 7, 'Quarta', 5, 1),
(24, 7, 'Quarta', 6, 1),
(24, 7, 'Quinta', 1, 1),
(24, 7, 'Quinta', 2, 1),
(24, 7, 'Quinta', 3, 1),
(24, 7, 'Quinta', 4, 1),
(24, 7, 'Quinta', 5, 1),
(24, 7, 'Quinta', 6, 1),
(25, 7, 'Segunda', 1, 1),
(25, 7, 'Segunda', 2, 1),
(25, 7, 'Segunda', 3, 1),
(25, 7, 'Segunda', 4, 1),
(25, 7, 'Segunda', 5, 1),
(25, 7, 'Segunda', 6, 1),
(25, 7, 'Terca', 1, 1),
(25, 7, 'Terca', 2, 1),
(25, 7, 'Quarta', 1, 1),
(25, 7, 'Quarta', 2, 1),
(25, 7, 'Quarta', 3, 1),
(25, 7, 'Quarta', 4, 1),
(25, 7, 'Quarta', 5, 1),
(25, 7, 'Quarta', 6, 1),
(25, 7, 'Quinta', 1, 1),
(25, 7, 'Quinta', 2, 1),
(25, 7, 'Sexta', 1, 1),
(25, 7, 'Sexta', 2, 1),
(25, 7, 'Sexta', 3, 1),
(25, 7, 'Sexta', 4, 1),
(25, 7, 'Sexta', 5, 1),
(25, 7, 'Sexta', 6, 1),
(26, 7, 'Segunda', 1, 1),
(26, 7, 'Segunda', 2, 1),
(26, 7, 'Segunda', 3, 1),
(26, 7, 'Segunda', 4, 1),
(26, 7, 'Segunda', 5, 1),
(26, 7, 'Segunda', 6, 1),
(26, 7, 'Quarta', 1, 1),
(26, 7, 'Quarta', 2, 1),
(26, 7, 'Quarta', 3, 1),
(26, 7, 'Quarta', 4, 1),
(26, 7, 'Quarta', 5, 1),
(26, 7, 'Quarta', 6, 1),
(26, 7, 'Quinta', 1, 1),
(26, 7, 'Quinta', 2, 1),
(26, 7, 'Quinta', 3, 1),
(26, 7, 'Quinta', 4, 1),
(26, 7, 'Quinta', 5, 1),
(26, 7, 'Quinta', 6, 1),
(26, 7, 'Sexta', 1, 1),
(26, 7, 'Sexta', 2, 1),
(26, 7, 'Sexta', 3, 1),
(26, 7, 'Sexta', 4, 1),
(26, 7, 'Sexta', 5, 1),
(26, 7, 'Sexta', 6, 1),
(27, 7, 'Segunda', 1, 1),
(27, 7, 'Segunda', 2, 1),
(27, 7, 'Segunda', 3, 1),
(27, 7, 'Segunda', 4, 1),
(27, 7, 'Segunda', 5, 1),
(27, 7, 'Segunda', 6, 1),
(27, 7, 'Terca', 1, 1),
(27, 7, 'Terca', 2, 1),
(27, 7, 'Quarta', 1, 1),
(27, 7, 'Quarta', 2, 1),
(27, 7, 'Quarta', 3, 1),
(27, 7, 'Quarta', 4, 1),
(27, 7, 'Quarta', 5, 1),
(27, 7, 'Quarta', 6, 1),
(27, 7, 'Quinta', 1, 1),
(27, 7, 'Quinta', 2, 1),
(27, 7, 'Quinta', 3, 1),
(27, 7, 'Quinta', 4, 1),
(27, 7, 'Quinta', 5, 1),
(27, 7, 'Quinta', 6, 1),
(27, 7, 'Sexta', 1, 1),
(27, 7, 'Sexta', 2, 1),
(27, 7, 'Sexta', 3, 1),
(27, 7, 'Sexta', 4, 1),
(27, 7, 'Sexta', 5, 1),
(27, 7, 'Sexta', 6, 1),
(28, 7, 'Segunda', 1, 1),
(28, 7, 'Segunda', 2, 1),
(28, 7, 'Segunda', 3, 1),
(28, 7, 'Segunda', 4, 1),
(28, 7, 'Segunda', 5, 1),
(28, 7, 'Segunda', 6, 1),
(28, 7, 'Terca', 3, 1),
(28, 7, 'Terca', 4, 1),
(28, 7, 'Terca', 5, 1),
(28, 7, 'Terca', 6, 1),
(28, 7, 'Quarta', 1, 1),
(28, 7, 'Quarta', 2, 1),
(28, 7, 'Quarta', 3, 1),
(28, 7, 'Quarta', 4, 1),
(28, 7, 'Quarta', 5, 1),
(28, 7, 'Quarta', 6, 1),
(28, 7, 'Quinta', 1, 1),
(28, 7, 'Quinta', 2, 1),
(28, 7, 'Quinta', 3, 1),
(28, 7, 'Quinta', 4, 1),
(28, 7, 'Quinta', 5, 1),
(28, 7, 'Quinta', 6, 1),
(28, 7, 'Sexta', 1, 1),
(28, 7, 'Sexta', 2, 1),
(28, 7, 'Sexta', 3, 1),
(28, 7, 'Sexta', 4, 1),
(28, 7, 'Sexta', 5, 1),
(28, 7, 'Sexta', 6, 1),
(29, 7, 'Segunda', 1, 1),
(29, 7, 'Segunda', 2, 1),
(29, 7, 'Segunda', 3, 1),
(29, 7, 'Segunda', 4, 1),
(29, 7, 'Segunda', 5, 1),
(29, 7, 'Segunda', 6, 1),
(29, 7, 'Terca', 1, 1),
(29, 7, 'Terca', 2, 1),
(29, 7, 'Terca', 3, 1),
(29, 7, 'Terca', 4, 1),
(29, 7, 'Terca', 5, 1),
(29, 7, 'Terca', 6, 1),
(29, 7, 'Quarta', 5, 1),
(29, 7, 'Quarta', 6, 1),
(29, 7, 'Quinta', 1, 1),
(29, 7, 'Quinta', 2, 1),
(29, 7, 'Quinta', 3, 1),
(29, 7, 'Quinta', 4, 1),
(29, 7, 'Quinta', 5, 1),
(29, 7, 'Quinta', 6, 1),
(29, 7, 'Sexta', 1, 1),
(29, 7, 'Sexta', 2, 1),
(29, 7, 'Sexta', 3, 1),
(29, 7, 'Sexta', 4, 1),
(29, 7, 'Sexta', 5, 1),
(29, 7, 'Sexta', 6, 1),
(30, 7, 'Segunda', 1, 1),
(30, 7, 'Segunda', 2, 1),
(30, 7, 'Segunda', 3, 1),
(30, 7, 'Segunda', 4, 1),
(30, 7, 'Segunda', 5, 1),
(30, 7, 'Segunda', 6, 1),
(30, 7, 'Terca', 1, 1),
(30, 7, 'Terca', 2, 1),
(30, 7, 'Terca', 3, 1),
(30, 7, 'Terca', 4, 1),
(30, 7, 'Terca', 5, 1),
(30, 7, 'Terca', 6, 1),
(30, 7, 'Quinta', 1, 1),
(30, 7, 'Quinta', 2, 1),
(30, 7, 'Quinta', 3, 1),
(30, 7, 'Quinta', 4, 1),
(30, 7, 'Quinta', 5, 1),
(30, 7, 'Quinta', 6, 1),
(30, 7, 'Sexta', 1, 1),
(30, 7, 'Sexta', 2, 1),
(30, 7, 'Sexta', 3, 1),
(30, 7, 'Sexta', 4, 1),
(31, 7, 'Segunda', 2, 1),
(31, 7, 'Segunda', 3, 1),
(31, 7, 'Segunda', 5, 1),
(31, 7, 'Segunda', 6, 1),
(31, 7, 'Terca', 1, 1),
(31, 7, 'Terca', 2, 1),
(31, 7, 'Terca', 3, 1),
(31, 7, 'Terca', 4, 1),
(31, 7, 'Terca', 5, 1),
(31, 7, 'Terca', 6, 1),
(31, 7, 'Quarta', 1, 1),
(31, 7, 'Quarta', 2, 1),
(31, 7, 'Quarta', 3, 1),
(31, 7, 'Quarta', 4, 1),
(31, 7, 'Quarta', 5, 1),
(31, 7, 'Quinta', 1, 1),
(31, 7, 'Quinta', 2, 1),
(31, 7, 'Quinta', 3, 1),
(31, 7, 'Quinta', 4, 1),
(31, 7, 'Quinta', 5, 1),
(31, 7, 'Quinta', 6, 1),
(31, 7, 'Sexta', 1, 1),
(31, 7, 'Sexta', 2, 1),
(31, 7, 'Sexta', 3, 1),
(31, 7, 'Sexta', 4, 1),
(31, 7, 'Sexta', 5, 1),
(31, 7, 'Sexta', 6, 1),
(31, 7, 'Domingo', 1, 2),
(31, 7, 'Domingo', 2, 2),
(31, 7, 'Domingo', 3, 2),
(31, 7, 'Domingo', 4, 2),
(31, 7, 'Domingo', 5, 2),
(31, 7, 'Domingo', 6, 2),
(31, 7, 'Segunda', 1, 2),
(31, 7, 'Segunda', 2, 2),
(31, 7, 'Segunda', 3, 2),
(31, 7, 'Segunda', 4, 2),
(31, 7, 'Segunda', 5, 2),
(31, 7, 'Segunda', 6, 2),
(31, 7, 'Terca', 1, 2),
(31, 7, 'Terca', 2, 2),
(31, 7, 'Terca', 3, 2),
(31, 7, 'Terca', 4, 2),
(31, 7, 'Terca', 5, 2),
(31, 7, 'Terca', 6, 2),
(31, 7, 'Quarta', 1, 2),
(31, 7, 'Quarta', 2, 2),
(31, 7, 'Quarta', 3, 2),
(31, 7, 'Quarta', 4, 2),
(31, 7, 'Quarta', 5, 2),
(31, 7, 'Quarta', 6, 2),
(31, 7, 'Quinta', 1, 2),
(31, 7, 'Quinta', 2, 2),
(31, 7, 'Quinta', 3, 2),
(31, 7, 'Quinta', 4, 2),
(31, 7, 'Quinta', 5, 2),
(31, 7, 'Quinta', 6, 2),
(31, 7, 'Sexta', 1, 2),
(31, 7, 'Sexta', 2, 2),
(31, 7, 'Sexta', 3, 2),
(31, 7, 'Sexta', 6, 2),
(31, 7, 'Sabado', 1, 2),
(31, 7, 'Sabado', 2, 2),
(31, 7, 'Sabado', 3, 2),
(31, 7, 'Sabado', 4, 2),
(31, 7, 'Sabado', 5, 2),
(31, 7, 'Sabado', 6, 2),
(32, 7, 'Segunda', 1, 1),
(32, 7, 'Segunda', 2, 1),
(32, 7, 'Segunda', 3, 1),
(32, 7, 'Segunda', 4, 1),
(32, 7, 'Segunda', 5, 1),
(32, 7, 'Segunda', 6, 1),
(32, 7, 'Terca', 1, 1),
(32, 7, 'Terca', 2, 1),
(32, 7, 'Terca', 3, 1),
(32, 7, 'Terca', 4, 1),
(32, 7, 'Terca', 5, 1),
(32, 7, 'Terca', 6, 1),
(32, 7, 'Quarta', 1, 1),
(32, 7, 'Quarta', 2, 1),
(32, 7, 'Quarta', 3, 1),
(32, 7, 'Quarta', 4, 1),
(32, 7, 'Quarta', 5, 1),
(32, 7, 'Quarta', 6, 1),
(32, 7, 'Quinta', 1, 1),
(32, 7, 'Quinta', 2, 1),
(32, 7, 'Quinta', 3, 1),
(32, 7, 'Quinta', 4, 1),
(32, 7, 'Quinta', 5, 1),
(32, 7, 'Quinta', 6, 1),
(32, 7, 'Domingo', 1, 2),
(32, 7, 'Domingo', 2, 2),
(32, 7, 'Domingo', 3, 2),
(32, 7, 'Domingo', 4, 2),
(32, 7, 'Domingo', 5, 2),
(32, 7, 'Domingo', 6, 2),
(32, 7, 'Segunda', 1, 2),
(32, 7, 'Segunda', 2, 2),
(32, 7, 'Segunda', 3, 2),
(32, 7, 'Segunda', 4, 2),
(32, 7, 'Segunda', 5, 2),
(32, 7, 'Segunda', 6, 2),
(32, 7, 'Terca', 1, 2),
(32, 7, 'Terca', 2, 2),
(32, 7, 'Terca', 3, 2),
(32, 7, 'Terca', 4, 2),
(32, 7, 'Terca', 5, 2),
(32, 7, 'Terca', 6, 2),
(32, 7, 'Quarta', 1, 2),
(32, 7, 'Quarta', 2, 2),
(32, 7, 'Quarta', 3, 2),
(32, 7, 'Quarta', 4, 2),
(32, 7, 'Quarta', 5, 2),
(32, 7, 'Quarta', 6, 2),
(32, 7, 'Quinta', 1, 2),
(32, 7, 'Quinta', 2, 2),
(32, 7, 'Quinta', 3, 2),
(32, 7, 'Quinta', 4, 2),
(32, 7, 'Quinta', 5, 2),
(32, 7, 'Quinta', 6, 2),
(32, 7, 'Sexta', 6, 2),
(32, 7, 'Sabado', 1, 2),
(32, 7, 'Sabado', 2, 2),
(32, 7, 'Sabado', 3, 2),
(32, 7, 'Sabado', 4, 2),
(32, 7, 'Sabado', 5, 2),
(32, 7, 'Sabado', 6, 2),
(33, 7, 'Domingo', 1, 2),
(33, 7, 'Domingo', 2, 2),
(33, 7, 'Domingo', 3, 2),
(33, 7, 'Domingo', 4, 2),
(33, 7, 'Domingo', 5, 2),
(33, 7, 'Domingo', 6, 2),
(33, 7, 'Segunda', 1, 2),
(33, 7, 'Segunda', 2, 2),
(33, 7, 'Segunda', 3, 2),
(33, 7, 'Segunda', 4, 2),
(33, 7, 'Segunda', 5, 2),
(33, 7, 'Segunda', 6, 2),
(33, 7, 'Terca', 1, 2),
(33, 7, 'Terca', 2, 2),
(33, 7, 'Terca', 3, 2),
(33, 7, 'Terca', 4, 2),
(33, 7, 'Terca', 5, 2),
(33, 7, 'Terca', 6, 2),
(33, 7, 'Quarta', 1, 2),
(33, 7, 'Quarta', 2, 2),
(33, 7, 'Quarta', 3, 2),
(33, 7, 'Quarta', 4, 2),
(33, 7, 'Quarta', 5, 2),
(33, 7, 'Quarta', 6, 2),
(33, 7, 'Quinta', 1, 2),
(33, 7, 'Quinta', 2, 2),
(33, 7, 'Quinta', 3, 2),
(33, 7, 'Quinta', 4, 2),
(33, 7, 'Quinta', 5, 2),
(33, 7, 'Quinta', 6, 2),
(33, 7, 'Sexta', 5, 2),
(33, 7, 'Sexta', 6, 2),
(33, 7, 'Sabado', 1, 2),
(33, 7, 'Sabado', 2, 2),
(33, 7, 'Sabado', 3, 2),
(33, 7, 'Sabado', 4, 2),
(33, 7, 'Sabado', 5, 2),
(33, 7, 'Sabado', 6, 2),
(34, 7, 'Segunda', 1, 1),
(34, 7, 'Segunda', 2, 1),
(34, 7, 'Segunda', 3, 1),
(34, 7, 'Segunda', 4, 1),
(34, 7, 'Segunda', 5, 1),
(34, 7, 'Segunda', 6, 1),
(34, 7, 'Terca', 1, 1),
(34, 7, 'Terca', 2, 1),
(34, 7, 'Terca', 3, 1),
(34, 7, 'Terca', 4, 1),
(34, 7, 'Terca', 5, 1),
(34, 7, 'Terca', 6, 1),
(34, 7, 'Quarta', 1, 1),
(34, 7, 'Quarta', 2, 1),
(34, 7, 'Quarta', 3, 1),
(34, 7, 'Quarta', 4, 1),
(34, 7, 'Quarta', 5, 1),
(34, 7, 'Quarta', 6, 1),
(34, 7, 'Sexta', 1, 1),
(34, 7, 'Sexta', 2, 1),
(34, 7, 'Sexta', 3, 1),
(34, 7, 'Sexta', 4, 1),
(34, 7, 'Sexta', 5, 1),
(34, 7, 'Sexta', 6, 1),
(35, 7, 'Segunda', 4, 1),
(35, 7, 'Segunda', 5, 1),
(35, 7, 'Segunda', 6, 1),
(35, 7, 'Terca', 1, 1),
(35, 7, 'Terca', 2, 1),
(35, 7, 'Terca', 3, 1),
(35, 7, 'Terca', 4, 1),
(35, 7, 'Terca', 5, 1),
(35, 7, 'Terca', 6, 1),
(35, 7, 'Quarta', 1, 1),
(35, 7, 'Quarta', 2, 1),
(35, 7, 'Quarta', 3, 1),
(35, 7, 'Quarta', 4, 1),
(35, 7, 'Quarta', 5, 1),
(35, 7, 'Quarta', 6, 1),
(35, 7, 'Quinta', 1, 1),
(35, 7, 'Quinta', 2, 1),
(35, 7, 'Quinta', 3, 1),
(35, 7, 'Quinta', 4, 1),
(35, 7, 'Sexta', 1, 1),
(35, 7, 'Sexta', 2, 1),
(35, 7, 'Sexta', 3, 1),
(36, 7, 'Segunda', 1, 1),
(36, 7, 'Segunda', 2, 1),
(36, 7, 'Segunda', 3, 1),
(36, 7, 'Segunda', 4, 1),
(36, 7, 'Segunda', 5, 1),
(36, 7, 'Segunda', 6, 1),
(36, 7, 'Terca', 1, 1),
(36, 7, 'Terca', 2, 1),
(36, 7, 'Terca', 3, 1),
(36, 7, 'Terca', 4, 1),
(36, 7, 'Terca', 5, 1),
(36, 7, 'Terca', 6, 1),
(36, 7, 'Quarta', 1, 1),
(36, 7, 'Quarta', 2, 1),
(36, 7, 'Quarta', 3, 1),
(36, 7, 'Quarta', 4, 1),
(36, 7, 'Quarta', 5, 1),
(36, 7, 'Quarta', 6, 1),
(36, 7, 'Sexta', 1, 1),
(36, 7, 'Sexta', 2, 1),
(36, 7, 'Sexta', 3, 1),
(36, 7, 'Sexta', 4, 1),
(36, 7, 'Sexta', 5, 1),
(36, 7, 'Sexta', 6, 1),
(37, 7, 'Segunda', 1, 1),
(37, 7, 'Segunda', 2, 1),
(37, 7, 'Segunda', 3, 1),
(37, 7, 'Segunda', 4, 1),
(37, 7, 'Segunda', 5, 1),
(37, 7, 'Segunda', 6, 1),
(37, 7, 'Terca', 1, 1),
(37, 7, 'Terca', 2, 1),
(37, 7, 'Terca', 3, 1),
(37, 7, 'Terca', 4, 1),
(37, 7, 'Terca', 5, 1),
(37, 7, 'Terca', 6, 1),
(37, 7, 'Quarta', 1, 1),
(37, 7, 'Quarta', 2, 1),
(37, 7, 'Quinta', 1, 1),
(37, 7, 'Quinta', 2, 1),
(37, 7, 'Quinta', 3, 1),
(37, 7, 'Quinta', 4, 1),
(37, 7, 'Quinta', 5, 1),
(37, 7, 'Quinta', 6, 1),
(37, 7, 'Sexta', 1, 1),
(37, 7, 'Sexta', 2, 1),
(37, 7, 'Sexta', 3, 1),
(37, 7, 'Sexta', 4, 1),
(37, 7, 'Sexta', 5, 1),
(37, 7, 'Sexta', 6, 1),
(38, 7, 'Segunda', 1, 1),
(38, 7, 'Segunda', 2, 1),
(38, 7, 'Segunda', 3, 1),
(38, 7, 'Segunda', 4, 1),
(38, 7, 'Segunda', 5, 1),
(38, 7, 'Segunda', 6, 1),
(38, 7, 'Terca', 1, 1),
(38, 7, 'Terca', 2, 1),
(38, 7, 'Terca', 3, 1),
(38, 7, 'Terca', 4, 1),
(38, 7, 'Terca', 5, 1),
(38, 7, 'Terca', 6, 1),
(38, 7, 'Quarta', 1, 1),
(38, 7, 'Quarta', 2, 1),
(38, 7, 'Quarta', 3, 1),
(38, 7, 'Quarta', 4, 1),
(38, 7, 'Quarta', 5, 1),
(38, 7, 'Quarta', 6, 1),
(38, 7, 'Quinta', 1, 1),
(38, 7, 'Sexta', 1, 1),
(38, 7, 'Sexta', 2, 1),
(38, 7, 'Sexta', 3, 1),
(38, 7, 'Sexta', 4, 1),
(38, 7, 'Sexta', 5, 1),
(38, 7, 'Sexta', 6, 1),
(39, 7, 'Segunda', 1, 1),
(39, 7, 'Segunda', 2, 1),
(39, 7, 'Segunda', 3, 1),
(39, 7, 'Segunda', 4, 1),
(39, 7, 'Segunda', 5, 1),
(39, 7, 'Segunda', 6, 1),
(39, 7, 'Quarta', 1, 1),
(39, 7, 'Quarta', 2, 1),
(39, 7, 'Quarta', 3, 1),
(39, 7, 'Quarta', 4, 1),
(39, 7, 'Quarta', 5, 1),
(39, 7, 'Quarta', 6, 1),
(39, 7, 'Quinta', 1, 1),
(39, 7, 'Quinta', 2, 1),
(39, 7, 'Quinta', 3, 1),
(39, 7, 'Quinta', 4, 1),
(39, 7, 'Quinta', 5, 1),
(39, 7, 'Quinta', 6, 1),
(39, 7, 'Sexta', 1, 1),
(39, 7, 'Sexta', 2, 1),
(39, 7, 'Sexta', 3, 1),
(39, 7, 'Sexta', 4, 1),
(39, 7, 'Sexta', 5, 1),
(39, 7, 'Sexta', 6, 1),
(40, 7, 'Segunda', 3, 1),
(40, 7, 'Segunda', 4, 1),
(40, 7, 'Segunda', 5, 1),
(40, 7, 'Segunda', 6, 1),
(40, 7, 'Terca', 3, 1),
(40, 7, 'Terca', 4, 1),
(40, 7, 'Terca', 5, 1),
(40, 7, 'Terca', 6, 1),
(40, 7, 'Quarta', 3, 1),
(40, 7, 'Quarta', 4, 1),
(40, 7, 'Quarta', 5, 1),
(40, 7, 'Quarta', 6, 1),
(40, 7, 'Quinta', 1, 1),
(40, 7, 'Quinta', 2, 1),
(40, 7, 'Quinta', 3, 1),
(40, 7, 'Quinta', 4, 1),
(40, 7, 'Quinta', 5, 1),
(40, 7, 'Quinta', 6, 1),
(40, 7, 'Sexta', 3, 1),
(40, 7, 'Sexta', 4, 1),
(40, 7, 'Sexta', 5, 1),
(40, 7, 'Sexta', 6, 1),
(41, 7, 'Segunda', 3, 1),
(41, 7, 'Segunda', 4, 1),
(41, 7, 'Segunda', 5, 1),
(41, 7, 'Segunda', 6, 1),
(41, 7, 'Terca', 1, 1),
(41, 7, 'Terca', 2, 1),
(41, 7, 'Terca', 3, 1),
(41, 7, 'Terca', 4, 1),
(41, 7, 'Terca', 5, 1),
(41, 7, 'Terca', 6, 1),
(41, 7, 'Quarta', 1, 1),
(41, 7, 'Quarta', 2, 1),
(41, 7, 'Quarta', 3, 1),
(41, 7, 'Quarta', 4, 1),
(41, 7, 'Quarta', 5, 1),
(41, 7, 'Quarta', 6, 1),
(41, 7, 'Quinta', 1, 1),
(41, 7, 'Quinta', 2, 1),
(41, 7, 'Quinta', 3, 1),
(41, 7, 'Sexta', 1, 1),
(41, 7, 'Sexta', 2, 1),
(41, 7, 'Sexta', 3, 1),
(41, 7, 'Sexta', 4, 1),
(41, 7, 'Sexta', 5, 1),
(41, 7, 'Sexta', 6, 1),
(42, 7, 'Terca', 1, 1),
(42, 7, 'Terca', 2, 1),
(42, 7, 'Terca', 3, 1),
(42, 7, 'Terca', 4, 1),
(42, 7, 'Terca', 5, 1),
(42, 7, 'Terca', 6, 1),
(42, 7, 'Quarta', 1, 1),
(42, 7, 'Quarta', 2, 1),
(42, 7, 'Quarta', 3, 1),
(42, 7, 'Quarta', 4, 1),
(42, 7, 'Quarta', 5, 1),
(42, 7, 'Quarta', 6, 1),
(42, 7, 'Quinta', 1, 1),
(42, 7, 'Quinta', 2, 1),
(42, 7, 'Quinta', 3, 1),
(42, 7, 'Quinta', 4, 1),
(42, 7, 'Quinta', 5, 1),
(42, 7, 'Quinta', 6, 1),
(42, 7, 'Sexta', 1, 1),
(42, 7, 'Sexta', 2, 1),
(42, 7, 'Sexta', 3, 1),
(42, 7, 'Sexta', 4, 1),
(42, 7, 'Sexta', 5, 1),
(42, 7, 'Sexta', 6, 1),
(43, 7, 'Segunda', 1, 1),
(43, 7, 'Segunda', 2, 1),
(43, 7, 'Segunda', 3, 1),
(43, 7, 'Segunda', 4, 1),
(43, 7, 'Terca', 1, 1),
(43, 7, 'Terca', 2, 1),
(43, 7, 'Terca', 3, 1),
(43, 7, 'Terca', 4, 1),
(43, 7, 'Terca', 5, 1),
(43, 7, 'Terca', 6, 1),
(43, 7, 'Quarta', 1, 1),
(43, 7, 'Quarta', 2, 1),
(43, 7, 'Sexta', 5, 1),
(43, 7, 'Sexta', 6, 1),
(44, 7, 'Sexta', 5, 2),
(45, 7, 'Segunda', 1, 1),
(45, 7, 'Segunda', 2, 1),
(45, 7, 'Segunda', 3, 1),
(45, 7, 'Segunda', 4, 1),
(45, 7, 'Terca', 1, 1),
(45, 7, 'Terca', 2, 1),
(45, 7, 'Terca', 3, 1),
(45, 7, 'Terca', 4, 1),
(45, 7, 'Terca', 5, 1),
(45, 7, 'Terca', 6, 1),
(45, 7, 'Quarta', 1, 1),
(45, 7, 'Quarta', 2, 1),
(45, 7, 'Quarta', 3, 1),
(45, 7, 'Quarta', 4, 1),
(45, 7, 'Quarta', 5, 1),
(45, 7, 'Quarta', 6, 1),
(45, 7, 'Quinta', 1, 1),
(45, 7, 'Quinta', 2, 1),
(45, 7, 'Quinta', 3, 1),
(45, 7, 'Quinta', 4, 1),
(45, 7, 'Quinta', 5, 1),
(45, 7, 'Quinta', 6, 1),
(45, 7, 'Sexta', 1, 1),
(45, 7, 'Sexta', 2, 1),
(45, 7, 'Sexta', 3, 1),
(45, 7, 'Sexta', 4, 1),
(45, 7, 'Sexta', 5, 1),
(45, 7, 'Sexta', 6, 1),
(48, 7, 'Segunda', 1, 1),
(48, 7, 'Segunda', 2, 1),
(48, 7, 'Segunda', 3, 1),
(48, 7, 'Segunda', 4, 1),
(48, 7, 'Segunda', 5, 1),
(48, 7, 'Segunda', 6, 1),
(48, 7, 'Terca', 1, 1),
(48, 7, 'Terca', 2, 1),
(48, 7, 'Terca', 3, 1),
(48, 7, 'Terca', 4, 1),
(48, 7, 'Terca', 5, 1),
(48, 7, 'Terca', 6, 1),
(48, 7, 'Quarta', 1, 1),
(48, 7, 'Quarta', 2, 1),
(48, 7, 'Quarta', 3, 1),
(48, 7, 'Quarta', 4, 1),
(48, 7, 'Quarta', 5, 1),
(48, 7, 'Quarta', 6, 1),
(48, 7, 'Quinta', 2, 1),
(48, 7, 'Quinta', 3, 1),
(48, 7, 'Quinta', 4, 1),
(48, 7, 'Quinta', 5, 1),
(48, 7, 'Quinta', 6, 1),
(48, 7, 'Sexta', 1, 1),
(48, 7, 'Sexta', 2, 1),
(48, 7, 'Sexta', 3, 1),
(48, 7, 'Sexta', 4, 1),
(48, 7, 'Sexta', 5, 1),
(48, 7, 'Sexta', 6, 1),
(49, 7, 'Segunda', 1, 1),
(49, 7, 'Segunda', 2, 1),
(49, 7, 'Segunda', 3, 1),
(49, 7, 'Segunda', 4, 1),
(49, 7, 'Segunda', 5, 1),
(49, 7, 'Segunda', 6, 1),
(49, 7, 'Terca', 1, 1),
(49, 7, 'Terca', 2, 1),
(49, 7, 'Terca', 3, 1),
(49, 7, 'Terca', 4, 1),
(49, 7, 'Terca', 5, 1),
(49, 7, 'Terca', 6, 1),
(49, 7, 'Quarta', 1, 1),
(49, 7, 'Quarta', 2, 1),
(49, 7, 'Quarta', 3, 1),
(49, 7, 'Quarta', 4, 1),
(49, 7, 'Quarta', 5, 1),
(49, 7, 'Quarta', 6, 1),
(49, 7, 'Quinta', 2, 1),
(49, 7, 'Quinta', 3, 1),
(49, 7, 'Quinta', 4, 1),
(49, 7, 'Quinta', 5, 1),
(49, 7, 'Quinta', 6, 1),
(49, 7, 'Sexta', 1, 1),
(49, 7, 'Sexta', 2, 1),
(49, 7, 'Sexta', 3, 1),
(49, 7, 'Sexta', 4, 1),
(49, 7, 'Sexta', 5, 1),
(49, 7, 'Sexta', 6, 1),
(56, 7, 'Segunda', 1, 1),
(56, 7, 'Segunda', 2, 1),
(56, 7, 'Segunda', 3, 1),
(56, 7, 'Segunda', 4, 1),
(56, 7, 'Segunda', 5, 1),
(56, 7, 'Segunda', 6, 1),
(56, 7, 'Terca', 1, 1),
(56, 7, 'Terca', 2, 1),
(56, 7, 'Terca', 3, 1),
(56, 7, 'Terca', 4, 1),
(56, 7, 'Terca', 5, 1),
(56, 7, 'Terca', 6, 1),
(56, 7, 'Quarta', 1, 1),
(56, 7, 'Quarta', 2, 1),
(56, 7, 'Quarta', 3, 1),
(56, 7, 'Quarta', 4, 1),
(56, 7, 'Quarta', 5, 1),
(56, 7, 'Quarta', 6, 1),
(56, 7, 'Quinta', 2, 1),
(56, 7, 'Quinta', 3, 1),
(56, 7, 'Quinta', 4, 1),
(56, 7, 'Quinta', 5, 1),
(56, 7, 'Quinta', 6, 1),
(56, 7, 'Sexta', 2, 1),
(56, 7, 'Sexta', 3, 1),
(56, 7, 'Sexta', 6, 1),
(57, 7, 'Segunda', 1, 1),
(57, 7, 'Segunda', 2, 1),
(57, 7, 'Segunda', 3, 1),
(57, 7, 'Segunda', 4, 1),
(57, 7, 'Segunda', 5, 1),
(57, 7, 'Segunda', 6, 1),
(57, 7, 'Quarta', 1, 1),
(57, 7, 'Quarta', 2, 1),
(57, 7, 'Quarta', 3, 1),
(57, 7, 'Quarta', 4, 1),
(57, 7, 'Quarta', 5, 1),
(57, 7, 'Quarta', 6, 1),
(57, 7, 'Quinta', 1, 1),
(57, 7, 'Quinta', 4, 1),
(57, 7, 'Quinta', 5, 1),
(57, 7, 'Quinta', 6, 1),
(57, 7, 'Sexta', 4, 1),
(57, 7, 'Sexta', 5, 1),
(57, 7, 'Sexta', 6, 1),
(58, 7, 'Terca', 1, 1),
(58, 7, 'Terca', 2, 1),
(58, 7, 'Terca', 3, 1),
(58, 7, 'Terca', 4, 1),
(58, 7, 'Terca', 5, 1),
(58, 7, 'Terca', 6, 1),
(58, 7, 'Quarta', 1, 1),
(58, 7, 'Quarta', 2, 1),
(58, 7, 'Quarta', 3, 1),
(58, 7, 'Quarta', 4, 1),
(58, 7, 'Quarta', 5, 1),
(58, 7, 'Quarta', 6, 1),
(58, 7, 'Quinta', 1, 1),
(58, 7, 'Quinta', 2, 1),
(58, 7, 'Quinta', 3, 1),
(58, 7, 'Quinta', 4, 1),
(58, 7, 'Quinta', 5, 1),
(58, 7, 'Quinta', 6, 1);

--
-- Acionadores `professor_restricoes`
--
DELIMITER $$
CREATE TRIGGER `trg_prof_restricoes_turno_bi` BEFORE INSERT ON `professor_restricoes` FOR EACH ROW BEGIN
  IF NEW.id_turno IS NULL OR NEW.id_turno = 0 THEN
    SIGNAL SQLSTATE '45000' SET MESSAGE_TEXT = 'id_turno inválido (0/NULL) em professor_restricoes';
  END IF;
END
$$
DELIMITER ;
DELIMITER $$
CREATE TRIGGER `trg_prof_restricoes_turno_bu` BEFORE UPDATE ON `professor_restricoes` FOR EACH ROW BEGIN
  IF NEW.id_turno IS NULL OR NEW.id_turno = 0 THEN
    SIGNAL SQLSTATE '45000' SET MESSAGE_TEXT = 'id_turno inválido (0/NULL) em professor_restricoes';
  END IF;
END
$$
DELIMITER ;

-- --------------------------------------------------------

--
-- Estrutura para tabela `professor_turnos`
--

CREATE TABLE `professor_turnos` (
  `id_professor` int(11) NOT NULL,
  `id_turno` int(11) NOT NULL
) ENGINE=InnoDB DEFAULT CHARSET=utf8mb4 COLLATE=utf8mb4_general_ci;

--
-- Despejando dados para a tabela `professor_turnos`
--

INSERT INTO `professor_turnos` (`id_professor`, `id_turno`) VALUES
(2, 1),
(3, 1),
(4, 1),
(5, 1),
(5, 2),
(6, 1),
(7, 1),
(8, 1),
(9, 1),
(10, 1),
(11, 1),
(11, 2),
(12, 1),
(12, 2),
(13, 1),
(14, 1),
(15, 1),
(16, 1),
(17, 1),
(18, 1),
(19, 1),
(20, 1),
(21, 1),
(22, 1),
(23, 1),
(24, 1),
(24, 2),
(25, 1),
(26, 1),
(27, 1),
(28, 1),
(29, 1),
(30, 1),
(31, 1),
(31, 2),
(32, 1),
(32, 2),
(33, 2),
(34, 1),
(35, 1),
(36, 1),
(37, 1),
(38, 1),
(39, 1),
(40, 1),
(41, 1),
(42, 1),
(43, 1),
(44, 2),
(45, 1),
(48, 1),
(49, 1),
(51, 1),
(56, 1),
(57, 1),
(58, 1);

-- --------------------------------------------------------

--
-- Estrutura para tabela `remember_me_tokens`
--

CREATE TABLE `remember_me_tokens` (
  `id` int(11) NOT NULL,
  `user_id` int(11) NOT NULL,
  `selector` varchar(255) NOT NULL,
  `token_hash` varchar(255) NOT NULL,
  `expires_at` datetime NOT NULL,
  `created_at` timestamp NOT NULL DEFAULT current_timestamp()
) ENGINE=InnoDB DEFAULT CHARSET=utf8mb4 COLLATE=utf8mb4_general_ci;

-- --------------------------------------------------------

--
-- Estrutura para tabela `sala`
--

CREATE TABLE `sala` (
  `id_sala` int(11) NOT NULL,
  `id_ano_letivo` int(11) NOT NULL,
  `nome_sala` varchar(100) NOT NULL,
  `max_carteiras` int(11) DEFAULT NULL,
  `max_cadeiras` int(11) DEFAULT NULL,
  `capacidade_alunos` int(11) NOT NULL,
  `localizacao` varchar(255) DEFAULT NULL,
  `recursos` varchar(255) DEFAULT NULL,
  `data_cadastro` datetime DEFAULT current_timestamp()
) ENGINE=InnoDB DEFAULT CHARSET=utf8mb4 COLLATE=utf8mb4_general_ci;

--
-- Despejando dados para a tabela `sala`
--

INSERT INTO `sala` (`id_sala`, `id_ano_letivo`, `nome_sala`, `max_carteiras`, `max_cadeiras`, `capacidade_alunos`, `localizacao`, `recursos`, `data_cadastro`) VALUES
(1, 5, '101', 30, 30, 30, 'Térreo', 'Projetor', '2025-03-26 20:40:50'),
(2, 7, '204', 30, 30, 30, 'Edifício; 1 Andar', '', '2025-12-16 10:44:31');

-- --------------------------------------------------------

--
-- Estrutura para tabela `sala_turno`
--

CREATE TABLE `sala_turno` (
  `id_sala` int(11) NOT NULL,
  `id_turno` int(11) NOT NULL,
  `id_turma` int(11) DEFAULT NULL
) ENGINE=InnoDB DEFAULT CHARSET=utf8mb4 COLLATE=utf8mb4_general_ci;

--
-- Despejando dados para a tabela `sala_turno`
--

INSERT INTO `sala_turno` (`id_sala`, `id_turno`, `id_turma`) VALUES
(1, 2, 1),
(2, 1, 17);

-- --------------------------------------------------------

--
-- Estrutura para tabela `serie`
--

CREATE TABLE `serie` (
  `id_serie` int(11) NOT NULL,
  `id_nivel_ensino` int(11) NOT NULL,
  `nome_serie` varchar(50) NOT NULL,
  `total_aulas_semana` int(11) NOT NULL,
  `data_cadastro_serie` datetime DEFAULT current_timestamp()
) ENGINE=InnoDB DEFAULT CHARSET=utf8mb4 COLLATE=utf8mb4_general_ci;

--
-- Despejando dados para a tabela `serie`
--

INSERT INTO `serie` (`id_serie`, `id_nivel_ensino`, `nome_serie`, `total_aulas_semana`, `data_cadastro_serie`) VALUES
(1, 3, '6º Ano', 30, '2025-02-14 23:00:07'),
(2, 3, '7º Ano', 30, '2025-02-15 16:06:46'),
(3, 2, '1º Ano', 40, '2025-03-19 17:33:44'),
(4, 3, '8º Ano', 30, '2025-03-20 18:45:55'),
(5, 3, '9º Ano', 30, '2025-03-20 18:56:28'),
(6, 4, '1ª Série', 35, '2025-12-16 10:39:29'),
(7, 4, '2ª Série', 35, '2025-12-16 20:38:19'),
(8, 4, '3ª Série', 35, '2025-12-16 20:38:58'),
(9, 2, '2º Ano', 35, '2025-12-16 20:39:26'),
(10, 2, '3º Ano', 35, '2025-12-16 20:39:36'),
(11, 2, '4º Ano', 35, '2025-12-16 20:39:48'),
(12, 2, '5º Ano', 35, '2025-12-16 20:39:57'),
(13, 4, 'Curso', 35, '2026-02-03 11:29:13');

-- --------------------------------------------------------

--
-- Estrutura para tabela `serie_disciplinas`
--

CREATE TABLE `serie_disciplinas` (
  `id_serie` int(11) NOT NULL,
  `id_disciplina` int(11) NOT NULL,
  `aulas_semana` int(11) NOT NULL
) ENGINE=InnoDB DEFAULT CHARSET=utf8mb4 COLLATE=utf8mb4_general_ci;

--
-- Despejando dados para a tabela `serie_disciplinas`
--

INSERT INTO `serie_disciplinas` (`id_serie`, `id_disciplina`, `aulas_semana`) VALUES
(1, 2, 6),
(1, 3, 5),
(1, 4, 2),
(1, 5, 3),
(1, 6, 1),
(1, 8, 3),
(1, 9, 2),
(1, 16, 2),
(1, 17, 4),
(1, 18, 1),
(1, 19, 1),
(2, 2, 5),
(2, 3, 5),
(2, 4, 3),
(2, 5, 3),
(2, 6, 1),
(2, 8, 3),
(2, 9, 2),
(2, 16, 2),
(2, 17, 4),
(2, 18, 1),
(2, 19, 1),
(4, 3, 2),
(4, 4, 3),
(4, 5, 3),
(4, 6, 1),
(4, 8, 3),
(4, 9, 2),
(4, 12, 1),
(4, 16, 2),
(4, 17, 4),
(4, 18, 1),
(4, 19, 1),
(4, 25, 4),
(4, 26, 3),
(5, 3, 2),
(5, 4, 3),
(5, 5, 3),
(5, 6, 1),
(5, 7, 1),
(5, 9, 2),
(5, 12, 2),
(5, 13, 2),
(5, 16, 2),
(5, 17, 4),
(5, 18, 1),
(5, 19, 1),
(5, 25, 3),
(5, 26, 3),
(6, 2, 4),
(6, 3, 1),
(6, 4, 3),
(6, 5, 3),
(6, 7, 4),
(6, 9, 1),
(6, 10, 1),
(6, 11, 1),
(6, 12, 4),
(6, 13, 4),
(6, 16, 2),
(6, 17, 2),
(6, 18, 1),
(6, 20, 2),
(6, 21, 1),
(6, 27, 1),
(7, 2, 4),
(7, 3, 1),
(7, 4, 3),
(7, 5, 3),
(7, 7, 4),
(7, 9, 1),
(7, 10, 1),
(7, 11, 1),
(7, 12, 4),
(7, 13, 4),
(7, 16, 2),
(7, 17, 2),
(7, 18, 1),
(7, 20, 2),
(7, 21, 1),
(7, 27, 1),
(8, 2, 6),
(8, 4, 2),
(8, 5, 2),
(8, 7, 5),
(8, 10, 1),
(8, 11, 1),
(8, 12, 5),
(8, 13, 5),
(8, 16, 2),
(8, 17, 2),
(8, 20, 2),
(8, 21, 1),
(8, 22, 1),
(13, 2, 6),
(13, 4, 2),
(13, 5, 2),
(13, 7, 5),
(13, 10, 1),
(13, 11, 1),
(13, 12, 5),
(13, 13, 5),
(13, 16, 2),
(13, 17, 2),
(13, 20, 2),
(13, 21, 1),
(13, 22, 1);

-- --------------------------------------------------------

--
-- Estrutura para tabela `turma`
--

CREATE TABLE `turma` (
  `id_turma` int(11) NOT NULL,
  `id_ano_letivo` int(11) NOT NULL,
  `id_serie` int(11) NOT NULL,
  `id_turno` int(11) NOT NULL,
  `nome_turma` varchar(50) NOT NULL,
  `data_cadastro_turma` datetime DEFAULT current_timestamp(),
  `intervalos_por_dia` int(11) NOT NULL,
  `intervalos_positions` varchar(20) NOT NULL
) ENGINE=InnoDB DEFAULT CHARSET=utf8mb4 COLLATE=utf8mb4_general_ci;

--
-- Despejando dados para a tabela `turma`
--

INSERT INTO `turma` (`id_turma`, `id_ano_letivo`, `id_serie`, `id_turno`, `nome_turma`, `data_cadastro_turma`, `intervalos_por_dia`, `intervalos_positions`) VALUES
(1, 5, 1, 1, 'A', '2025-02-16 12:01:55', 2, '3,5'),
(2, 5, 1, 1, 'B', '2025-02-17 20:12:58', 2, '3,5'),
(3, 5, 2, 1, 'A', '2025-02-18 19:58:37', 2, '3,5'),
(4, 5, 2, 1, 'B', '2025-02-18 19:58:46', 2, '3,5'),
(5, 5, 3, 2, 'A', '2025-03-19 17:34:32', 1, '4'),
(6, 5, 3, 2, 'B', '2025-03-19 17:35:03', 1, '4'),
(7, 5, 4, 1, 'A', '2025-03-20 19:03:06', 2, '3,5'),
(8, 7, 6, 1, 'A', '2025-12-16 11:22:35', 2, '3,5'),
(9, 7, 6, 2, 'A', '2025-12-16 11:22:35', 2, '3,5'),
(10, 7, 4, 1, 'B', '2025-12-16 20:41:28', 2, '3,5'),
(11, 7, 5, 1, 'A', '2025-12-16 20:41:44', 2, '3,5'),
(12, 7, 5, 1, 'B', '2025-12-16 20:41:56', 2, '3,5'),
(13, 7, 4, 1, 'A', '2025-12-16 20:42:36', 2, '3,5'),
(14, 7, 2, 1, 'A', '2025-12-16 20:42:47', 2, '3,5'),
(15, 7, 2, 1, 'B', '2025-12-16 20:43:09', 2, '3,5'),
(16, 7, 1, 1, 'B', '2025-12-16 20:43:21', 2, '3,5'),
(17, 7, 1, 1, 'A', '2025-12-16 20:43:30', 2, '3,5'),
(18, 7, 6, 1, 'B', '2025-12-17 09:46:48', 2, '3,5'),
(19, 7, 6, 2, 'B', '2025-12-17 09:46:48', 1, '3'),
(20, 7, 7, 1, 'U', '2025-12-17 09:47:42', 2, '3,5'),
(21, 7, 7, 2, 'U', '2025-12-17 09:47:42', 1, '3'),
(22, 7, 8, 1, 'U', '2025-12-17 09:48:32', 2, '3,5'),
(23, 7, 8, 2, 'U', '2025-12-17 09:48:32', 1, '3'),
(28, 7, 13, 1, 'U', '2026-02-03 11:30:34', 2, '3,5'),
(29, 7, 13, 2, 'U', '2026-02-03 11:30:34', 1, '3');

-- --------------------------------------------------------

--
-- Estrutura para tabela `turno`
--

CREATE TABLE `turno` (
  `id_turno` int(11) NOT NULL,
  `nome_turno` varchar(100) NOT NULL,
  `descricao_turno` varchar(255) DEFAULT NULL,
  `horario_inicio_turno` time NOT NULL,
  `horario_fim_turno` time NOT NULL,
  `data_cadastro_turno` datetime DEFAULT current_timestamp()
) ENGINE=InnoDB DEFAULT CHARSET=utf8mb4 COLLATE=utf8mb4_general_ci;

--
-- Despejando dados para a tabela `turno`
--

INSERT INTO `turno` (`id_turno`, `nome_turno`, `descricao_turno`, `horario_inicio_turno`, `horario_fim_turno`, `data_cadastro_turno`) VALUES
(1, 'Matutino', 'Turno para as aulas no período da manhã', '07:10:00', '12:10:00', '2025-02-08 10:40:15'),
(2, 'Vespertino', 'Turno para as aulas no período da tarde', '13:15:00', '17:50:00', '2025-02-16 12:15:49'),
(3, 'Noturno', 'Turno para as aulas no período da noite', '18:50:00', '22:50:00', '2025-02-16 12:16:29');

-- --------------------------------------------------------

--
-- Estrutura para tabela `turno_dias`
--

CREATE TABLE `turno_dias` (
  `id_turno_dia` int(11) NOT NULL,
  `id_turno` int(11) NOT NULL,
  `dia_semana` enum('Domingo','Segunda','Terca','Quarta','Quinta','Sexta','Sabado') NOT NULL,
  `aulas_no_dia` int(11) NOT NULL DEFAULT 0
) ENGINE=InnoDB DEFAULT CHARSET=utf8mb4 COLLATE=utf8mb4_general_ci;

--
-- Despejando dados para a tabela `turno_dias`
--

INSERT INTO `turno_dias` (`id_turno_dia`, `id_turno`, `dia_semana`, `aulas_no_dia`) VALUES
(15, 1, 'Domingo', 0),
(16, 1, 'Segunda', 6),
(17, 1, 'Terca', 6),
(18, 1, 'Quarta', 6),
(19, 1, 'Quinta', 6),
(20, 1, 'Sexta', 6),
(21, 1, 'Sabado', 0),
(22, 2, 'Domingo', 0),
(23, 2, 'Segunda', 0),
(24, 2, 'Terca', 0),
(25, 2, 'Quarta', 0),
(26, 2, 'Quinta', 0),
(27, 2, 'Sexta', 5),
(28, 2, 'Sabado', 0);

-- --------------------------------------------------------

--
-- Estrutura para tabela `turno_dias_nivel`
--

CREATE TABLE `turno_dias_nivel` (
  `id_turno_dia_nivel` int(11) NOT NULL,
  `id_turno` int(11) NOT NULL,
  `id_nivel_ensino` int(11) NOT NULL,
  `dia_semana` enum('Domingo','Segunda','Terca','Quarta','Quinta','Sexta','Sabado') NOT NULL,
  `aulas_no_dia` int(11) NOT NULL DEFAULT 0
) ENGINE=InnoDB DEFAULT CHARSET=utf8mb4 COLLATE=utf8mb4_general_ci;

--
-- Despejando dados para a tabela `turno_dias_nivel`
--

INSERT INTO `turno_dias_nivel` (`id_turno_dia_nivel`, `id_turno`, `id_nivel_ensino`, `dia_semana`, `aulas_no_dia`) VALUES
(1, 1, 3, 'Domingo', 0),
(2, 1, 3, 'Segunda', 6),
(3, 1, 3, 'Terca', 6),
(4, 1, 3, 'Quarta', 6),
(5, 1, 3, 'Quinta', 6),
(6, 1, 3, 'Sexta', 6),
(7, 1, 3, 'Sabado', 0),
(8, 1, 4, 'Domingo', 0),
(9, 1, 4, 'Segunda', 6),
(10, 1, 4, 'Terca', 6),
(11, 1, 4, 'Quarta', 6),
(12, 1, 4, 'Quinta', 6),
(13, 1, 4, 'Sexta', 6),
(14, 1, 4, 'Sabado', 0),
(36, 1, 6, 'Domingo', 0),
(37, 1, 6, 'Segunda', 6),
(38, 1, 6, 'Terca', 6),
(39, 1, 6, 'Quarta', 6),
(40, 1, 6, 'Quinta', 6),
(41, 1, 6, 'Sexta', 6),
(42, 1, 6, 'Sabado', 0),
(43, 1, 2, 'Domingo', 0),
(44, 1, 2, 'Segunda', 2),
(45, 1, 2, 'Terca', 2),
(46, 1, 2, 'Quarta', 2),
(47, 1, 2, 'Quinta', 2),
(48, 1, 2, 'Sexta', 2),
(49, 1, 2, 'Sabado', 0),
(57, 2, 3, 'Domingo', 0),
(58, 2, 3, 'Segunda', 0),
(59, 2, 3, 'Terca', 0),
(60, 2, 3, 'Quarta', 0),
(61, 2, 3, 'Quinta', 0),
(62, 2, 3, 'Sexta', 0),
(63, 2, 3, 'Sabado', 0);

-- --------------------------------------------------------

--
-- Estrutura para tabela `usuario`
--

CREATE TABLE `usuario` (
  `id_usuario` int(11) NOT NULL,
  `nome_usuario` varchar(50) NOT NULL,
  `email_usuario` varchar(100) NOT NULL,
  `senha_usuario` varchar(255) NOT NULL,
  `nivel_usuario` varchar(25) NOT NULL,
  `situacao_usuario` enum('Ativo','Inativo') NOT NULL DEFAULT 'Ativo',
  `data_cadastro_usuario` datetime NOT NULL DEFAULT current_timestamp(),
  `data_alteracao_senha_usuario` datetime DEFAULT NULL,
  `imagem_usuario` varchar(255) DEFAULT NULL
) ENGINE=InnoDB DEFAULT CHARSET=utf8mb4 COLLATE=utf8mb4_general_ci;

--
-- Despejando dados para a tabela `usuario`
--

INSERT INTO `usuario` (`id_usuario`, `nome_usuario`, `email_usuario`, `senha_usuario`, `nivel_usuario`, `situacao_usuario`, `data_cadastro_usuario`, `data_alteracao_senha_usuario`, `imagem_usuario`) VALUES
(1, 'Diezare.Conde', 'diezare@proton.com', '$2y$10$zQY0rXZz3p2XBw7xBODt4upUTeRr0EMoa/s55hXqXQP9860QUFjzW', 'Administrador', 'Ativo', '2025-03-11 13:37:33', NULL, 'http://localhost/horarios/app/assets/imgs/perfil/1741733963_1741711053_Eu.jpg'),
(2, 'Eduardo.Campana', 'dudi86dudi@gmail.com', '$2y$10$Z1qrHwdbqmPuJ1XXeeItC.1E7H/5VkTvYdKY3Y21oqFEfIb1yoPI6', 'Usuário', 'Ativo', '2025-05-08 19:30:27', NULL, 'http://localhost/horarios/app/assets/imgs/perfil/1770134199_dudi.png'),
(3, 'Bruno.Lacerda', 'bruno@localhost.com', '$2y$10$s.lXvkwR8SMwu7GPuz2X/uyvoIZTzbfF6muRGsgLpYPC3VRkF/bZy', 'Usuário', 'Ativo', '2025-12-16 08:46:54', NULL, NULL);

-- --------------------------------------------------------

--
-- Estrutura para tabela `usuario_niveis`
--

CREATE TABLE `usuario_niveis` (
  `id_usuario` int(11) NOT NULL,
  `id_nivel_ensino` int(11) NOT NULL,
  `data_cadastro` datetime DEFAULT current_timestamp()
) ENGINE=InnoDB DEFAULT CHARSET=utf8mb4 COLLATE=utf8mb4_general_ci;

--
-- Despejando dados para a tabela `usuario_niveis`
--

INSERT INTO `usuario_niveis` (`id_usuario`, `id_nivel_ensino`, `data_cadastro`) VALUES
(1, 1, '2026-02-03 12:46:54'),
(1, 2, '2026-02-03 12:46:54'),
(1, 3, '2026-02-03 12:46:54'),
(1, 4, '2026-02-03 12:46:54'),
(1, 6, '2026-02-03 12:46:54'),
(1, 8, '2026-02-03 12:46:54'),
(2, 8, '2025-05-08 19:30:36'),
(3, 3, '2026-02-03 12:45:43'),
(3, 4, '2026-02-03 12:45:43');

--
-- Índices para tabelas despejadas
--

--
-- Índices de tabela `ano_letivo`
--
ALTER TABLE `ano_letivo`
  ADD PRIMARY KEY (`id_ano_letivo`),
  ADD UNIQUE KEY `ano` (`ano`);

--
-- Índices de tabela `categoria`
--
ALTER TABLE `categoria`
  ADD PRIMARY KEY (`id_categoria`),
  ADD KEY `id_modalidade` (`id_modalidade`);

--
-- Índices de tabela `configuracao_hora_aula_escolinha`
--
ALTER TABLE `configuracao_hora_aula_escolinha`
  ADD PRIMARY KEY (`id_configuracao`),
  ADD UNIQUE KEY `uk_ano_modalidade` (`id_ano_letivo`,`id_modalidade`),
  ADD KEY `id_modalidade` (`id_modalidade`),
  ADD KEY `fk_categoria` (`id_categoria`);

--
-- Índices de tabela `disciplina`
--
ALTER TABLE `disciplina`
  ADD PRIMARY KEY (`id_disciplina`);

--
-- Índices de tabela `eventos_calendario_escolar`
--
ALTER TABLE `eventos_calendario_escolar`
  ADD PRIMARY KEY (`id_evento`),
  ADD KEY `id_ano_letivo` (`id_ano_letivo`);

--
-- Índices de tabela `historico_horario`
--
ALTER TABLE `historico_horario`
  ADD PRIMARY KEY (`id_historico`),
  ADD KEY `id_ano_letivo` (`id_ano_letivo`),
  ADD KEY `idx_hist_ano_turno_turma_data` (`id_ano_letivo`,`id_turno`,`id_turma`,`data_arquivamento`);

--
-- Índices de tabela `horario`
--
ALTER TABLE `horario`
  ADD PRIMARY KEY (`id_horario`),
  ADD UNIQUE KEY `unq_turma_dia_aula` (`id_turma`,`dia_semana`,`numero_aula`),
  ADD UNIQUE KEY `uq_prof_slot` (`id_professor`,`id_turno`,`dia_semana`,`numero_aula`),
  ADD UNIQUE KEY `uq_turma_slot` (`id_turma`,`id_turno`,`dia_semana`,`numero_aula`),
  ADD UNIQUE KEY `uq_slot` (`id_ano_letivo`,`id_turno`,`id_turma`,`dia_semana`,`numero_aula`),
  ADD UNIQUE KEY `uq_horario_slot` (`id_ano_letivo`,`id_turma`,`id_turno`,`dia_semana`,`numero_aula`),
  ADD KEY `fk_horario_disciplina` (`id_disciplina`),
  ADD KEY `fk_horario_professor` (`id_professor`),
  ADD KEY `idx_h_turma_dia_aula` (`id_turma`,`dia_semana`,`numero_aula`),
  ADD KEY `idx_h_prof_dia_aula` (`id_professor`,`dia_semana`,`numero_aula`),
  ADD KEY `idx_h_disc` (`id_disciplina`),
  ADD KEY `ix_turma` (`id_turma`),
  ADD KEY `ix_prof` (`id_professor`),
  ADD KEY `idx_horario_ano_turno_turma` (`id_ano_letivo`,`id_turno`,`id_turma`),
  ADD KEY `idx_horario_ano_turno_dia_aula` (`id_ano_letivo`,`id_turno`,`dia_semana`,`numero_aula`),
  ADD KEY `idx_horario_prof_ano_turno_dia_aula` (`id_ano_letivo`,`id_turno`,`id_professor`,`dia_semana`,`numero_aula`);

--
-- Índices de tabela `horario_escolinha`
--
ALTER TABLE `horario_escolinha`
  ADD PRIMARY KEY (`id_horario_escolinha`),
  ADD KEY `fk_he_ano_letivo` (`id_ano_letivo`),
  ADD KEY `fk_he_nivel_ensino` (`id_nivel_ensino`),
  ADD KEY `fk_he_modalidade` (`id_modalidade`),
  ADD KEY `fk_he_categoria` (`id_categoria`),
  ADD KEY `fk_he_professor` (`id_professor`),
  ADD KEY `fk_he_turno` (`id_turno`);

--
-- Índices de tabela `horario_fixos`
--
ALTER TABLE `horario_fixos`
  ADD PRIMARY KEY (`id_horario_fixo`),
  ADD UNIQUE KEY `uq_turma_slot` (`id_turma`,`dia_semana`,`numero_aula`,`id_ano_letivo`);

--
-- Índices de tabela `instituicao`
--
ALTER TABLE `instituicao`
  ADD PRIMARY KEY (`id_instituicao`);

--
-- Índices de tabela `log_atividade`
--
ALTER TABLE `log_atividade`
  ADD PRIMARY KEY (`id_log`),
  ADD KEY `fk_log_atividade_usuario` (`id_usuario`);

--
-- Índices de tabela `modalidade`
--
ALTER TABLE `modalidade`
  ADD PRIMARY KEY (`id_modalidade`);

--
-- Índices de tabela `nivel_ensino`
--
ALTER TABLE `nivel_ensino`
  ADD PRIMARY KEY (`id_nivel_ensino`);

--
-- Índices de tabela `professor`
--
ALTER TABLE `professor`
  ADD PRIMARY KEY (`id_professor`);

--
-- Índices de tabela `professor_categoria`
--
ALTER TABLE `professor_categoria`
  ADD PRIMARY KEY (`id_professor`,`id_categoria`),
  ADD KEY `fk_pc_categoria` (`id_categoria`);

--
-- Índices de tabela `professor_disciplinas`
--
ALTER TABLE `professor_disciplinas`
  ADD PRIMARY KEY (`id_professor`,`id_disciplina`),
  ADD KEY `fk_pd_disciplina` (`id_disciplina`);

--
-- Índices de tabela `professor_disciplinas_turmas`
--
ALTER TABLE `professor_disciplinas_turmas`
  ADD PRIMARY KEY (`id_professor`,`id_disciplina`,`id_turma`),
  ADD UNIQUE KEY `uq_pdt` (`id_professor`,`id_disciplina`,`id_turma`),
  ADD KEY `fk_pdt_disciplina` (`id_disciplina`),
  ADD KEY `fk_pdt_turma` (`id_turma`),
  ADD KEY `idx_pdt_turma` (`id_turma`),
  ADD KEY `idx_pdt_prof_disc` (`id_professor`,`id_disciplina`);

--
-- Índices de tabela `professor_restricoes`
--
ALTER TABLE `professor_restricoes`
  ADD PRIMARY KEY (`id_professor`,`id_ano_letivo`,`id_turno`,`dia_semana`,`numero_aula`),
  ADD KEY `fk_pr_ano_letivo` (`id_ano_letivo`);

--
-- Índices de tabela `professor_turnos`
--
ALTER TABLE `professor_turnos`
  ADD PRIMARY KEY (`id_professor`,`id_turno`),
  ADD KEY `fk_pt_turno` (`id_turno`);

--
-- Índices de tabela `remember_me_tokens`
--
ALTER TABLE `remember_me_tokens`
  ADD PRIMARY KEY (`id`),
  ADD UNIQUE KEY `selector` (`selector`),
  ADD KEY `idx_rmt_user` (`user_id`),
  ADD KEY `idx_rmt_expires` (`expires_at`);

--
-- Índices de tabela `sala`
--
ALTER TABLE `sala`
  ADD PRIMARY KEY (`id_sala`),
  ADD KEY `fk_sala_ano_letivo` (`id_ano_letivo`);

--
-- Índices de tabela `sala_turno`
--
ALTER TABLE `sala_turno`
  ADD PRIMARY KEY (`id_sala`,`id_turno`),
  ADD KEY `fk_sala_turno_turno` (`id_turno`),
  ADD KEY `fk_sala_turno_turma` (`id_turma`);

--
-- Índices de tabela `serie`
--
ALTER TABLE `serie`
  ADD PRIMARY KEY (`id_serie`),
  ADD KEY `fk_serie_nivel_ensino` (`id_nivel_ensino`);

--
-- Índices de tabela `serie_disciplinas`
--
ALTER TABLE `serie_disciplinas`
  ADD PRIMARY KEY (`id_serie`,`id_disciplina`),
  ADD KEY `fk_sd_disciplina` (`id_disciplina`);

--
-- Índices de tabela `turma`
--
ALTER TABLE `turma`
  ADD PRIMARY KEY (`id_turma`),
  ADD UNIQUE KEY `unq_turma_ano` (`id_serie`,`id_turno`,`nome_turma`,`id_ano_letivo`),
  ADD KEY `fk_turma_ano_letivo` (`id_ano_letivo`),
  ADD KEY `fk_turma_turno` (`id_turno`);

--
-- Índices de tabela `turno`
--
ALTER TABLE `turno`
  ADD PRIMARY KEY (`id_turno`);

--
-- Índices de tabela `turno_dias`
--
ALTER TABLE `turno_dias`
  ADD PRIMARY KEY (`id_turno_dia`),
  ADD KEY `fk_turno_dias_turno` (`id_turno`);

--
-- Índices de tabela `turno_dias_nivel`
--
ALTER TABLE `turno_dias_nivel`
  ADD PRIMARY KEY (`id_turno_dia_nivel`),
  ADD UNIQUE KEY `uq_turno_nivel_dia` (`id_turno`,`id_nivel_ensino`,`dia_semana`),
  ADD KEY `fk_tdn_turno` (`id_turno`),
  ADD KEY `fk_tdn_nivel` (`id_nivel_ensino`);

--
-- Índices de tabela `usuario`
--
ALTER TABLE `usuario`
  ADD PRIMARY KEY (`id_usuario`),
  ADD UNIQUE KEY `email_usuario` (`email_usuario`);

--
-- Índices de tabela `usuario_niveis`
--
ALTER TABLE `usuario_niveis`
  ADD PRIMARY KEY (`id_usuario`,`id_nivel_ensino`),
  ADD KEY `fk_usuario_niveis_nivel` (`id_nivel_ensino`);

--
-- AUTO_INCREMENT para tabelas despejadas
--

--
-- AUTO_INCREMENT de tabela `ano_letivo`
--
ALTER TABLE `ano_letivo`
  MODIFY `id_ano_letivo` int(11) NOT NULL AUTO_INCREMENT, AUTO_INCREMENT=8;

--
-- AUTO_INCREMENT de tabela `categoria`
--
ALTER TABLE `categoria`
  MODIFY `id_categoria` int(11) NOT NULL AUTO_INCREMENT, AUTO_INCREMENT=15;

--
-- AUTO_INCREMENT de tabela `configuracao_hora_aula_escolinha`
--
ALTER TABLE `configuracao_hora_aula_escolinha`
  MODIFY `id_configuracao` int(11) NOT NULL AUTO_INCREMENT;

--
-- AUTO_INCREMENT de tabela `disciplina`
--
ALTER TABLE `disciplina`
  MODIFY `id_disciplina` int(11) NOT NULL AUTO_INCREMENT, AUTO_INCREMENT=28;

--
-- AUTO_INCREMENT de tabela `eventos_calendario_escolar`
--
ALTER TABLE `eventos_calendario_escolar`
  MODIFY `id_evento` int(11) NOT NULL AUTO_INCREMENT, AUTO_INCREMENT=4;

--
-- AUTO_INCREMENT de tabela `historico_horario`
--
ALTER TABLE `historico_horario`
  MODIFY `id_historico` int(11) NOT NULL AUTO_INCREMENT, AUTO_INCREMENT=662;

--
-- AUTO_INCREMENT de tabela `horario`
--
ALTER TABLE `horario`
  MODIFY `id_horario` int(11) NOT NULL AUTO_INCREMENT, AUTO_INCREMENT=23987;

--
-- AUTO_INCREMENT de tabela `horario_escolinha`
--
ALTER TABLE `horario_escolinha`
  MODIFY `id_horario_escolinha` int(11) NOT NULL AUTO_INCREMENT, AUTO_INCREMENT=33;

--
-- AUTO_INCREMENT de tabela `horario_fixos`
--
ALTER TABLE `horario_fixos`
  MODIFY `id_horario_fixo` int(11) NOT NULL AUTO_INCREMENT;

--
-- AUTO_INCREMENT de tabela `instituicao`
--
ALTER TABLE `instituicao`
  MODIFY `id_instituicao` int(11) NOT NULL AUTO_INCREMENT, AUTO_INCREMENT=3;

--
-- AUTO_INCREMENT de tabela `log_atividade`
--
ALTER TABLE `log_atividade`
  MODIFY `id_log` int(11) NOT NULL AUTO_INCREMENT, AUTO_INCREMENT=377;

--
-- AUTO_INCREMENT de tabela `modalidade`
--
ALTER TABLE `modalidade`
  MODIFY `id_modalidade` int(11) NOT NULL AUTO_INCREMENT, AUTO_INCREMENT=6;

--
-- AUTO_INCREMENT de tabela `nivel_ensino`
--
ALTER TABLE `nivel_ensino`
  MODIFY `id_nivel_ensino` int(11) NOT NULL AUTO_INCREMENT, AUTO_INCREMENT=9;

--
-- AUTO_INCREMENT de tabela `professor`
--
ALTER TABLE `professor`
  MODIFY `id_professor` int(11) NOT NULL AUTO_INCREMENT, AUTO_INCREMENT=59;

--
-- AUTO_INCREMENT de tabela `remember_me_tokens`
--
ALTER TABLE `remember_me_tokens`
  MODIFY `id` int(11) NOT NULL AUTO_INCREMENT;

--
-- AUTO_INCREMENT de tabela `sala`
--
ALTER TABLE `sala`
  MODIFY `id_sala` int(11) NOT NULL AUTO_INCREMENT, AUTO_INCREMENT=3;

--
-- AUTO_INCREMENT de tabela `serie`
--
ALTER TABLE `serie`
  MODIFY `id_serie` int(11) NOT NULL AUTO_INCREMENT, AUTO_INCREMENT=14;

--
-- AUTO_INCREMENT de tabela `turma`
--
ALTER TABLE `turma`
  MODIFY `id_turma` int(11) NOT NULL AUTO_INCREMENT, AUTO_INCREMENT=30;

--
-- AUTO_INCREMENT de tabela `turno`
--
ALTER TABLE `turno`
  MODIFY `id_turno` int(11) NOT NULL AUTO_INCREMENT, AUTO_INCREMENT=4;

--
-- AUTO_INCREMENT de tabela `turno_dias`
--
ALTER TABLE `turno_dias`
  MODIFY `id_turno_dia` int(11) NOT NULL AUTO_INCREMENT, AUTO_INCREMENT=29;

--
-- AUTO_INCREMENT de tabela `turno_dias_nivel`
--
ALTER TABLE `turno_dias_nivel`
  MODIFY `id_turno_dia_nivel` int(11) NOT NULL AUTO_INCREMENT, AUTO_INCREMENT=64;

--
-- AUTO_INCREMENT de tabela `usuario`
--
ALTER TABLE `usuario`
  MODIFY `id_usuario` int(11) NOT NULL AUTO_INCREMENT, AUTO_INCREMENT=4;

--
-- Restrições para tabelas despejadas
--

--
-- Restrições para tabelas `categoria`
--
ALTER TABLE `categoria`
  ADD CONSTRAINT `categoria_ibfk_1` FOREIGN KEY (`id_modalidade`) REFERENCES `modalidade` (`id_modalidade`);

--
-- Restrições para tabelas `configuracao_hora_aula_escolinha`
--
ALTER TABLE `configuracao_hora_aula_escolinha`
  ADD CONSTRAINT `configuracao_hora_aula_escolinha_ibfk_1` FOREIGN KEY (`id_ano_letivo`) REFERENCES `ano_letivo` (`id_ano_letivo`),
  ADD CONSTRAINT `configuracao_hora_aula_escolinha_ibfk_2` FOREIGN KEY (`id_modalidade`) REFERENCES `modalidade` (`id_modalidade`),
  ADD CONSTRAINT `fk_categoria` FOREIGN KEY (`id_categoria`) REFERENCES `categoria` (`id_categoria`);

--
-- Restrições para tabelas `eventos_calendario_escolar`
--
ALTER TABLE `eventos_calendario_escolar`
  ADD CONSTRAINT `eventos_calendario_escolar_ibfk_1` FOREIGN KEY (`id_ano_letivo`) REFERENCES `ano_letivo` (`id_ano_letivo`);

--
-- Restrições para tabelas `historico_horario`
--
ALTER TABLE `historico_horario`
  ADD CONSTRAINT `fk_historico_ano_letivo` FOREIGN KEY (`id_ano_letivo`) REFERENCES `ano_letivo` (`id_ano_letivo`);

--
-- Restrições para tabelas `horario`
--
ALTER TABLE `horario`
  ADD CONSTRAINT `fk_horario_disciplina` FOREIGN KEY (`id_disciplina`) REFERENCES `disciplina` (`id_disciplina`),
  ADD CONSTRAINT `fk_horario_professor` FOREIGN KEY (`id_professor`) REFERENCES `professor` (`id_professor`),
  ADD CONSTRAINT `fk_horario_turma` FOREIGN KEY (`id_turma`) REFERENCES `turma` (`id_turma`);

--
-- Restrições para tabelas `horario_escolinha`
--
ALTER TABLE `horario_escolinha`
  ADD CONSTRAINT `fk_he_ano_letivo` FOREIGN KEY (`id_ano_letivo`) REFERENCES `ano_letivo` (`id_ano_letivo`),
  ADD CONSTRAINT `fk_he_categoria` FOREIGN KEY (`id_categoria`) REFERENCES `categoria` (`id_categoria`),
  ADD CONSTRAINT `fk_he_modalidade` FOREIGN KEY (`id_modalidade`) REFERENCES `modalidade` (`id_modalidade`),
  ADD CONSTRAINT `fk_he_nivel_ensino` FOREIGN KEY (`id_nivel_ensino`) REFERENCES `nivel_ensino` (`id_nivel_ensino`),
  ADD CONSTRAINT `fk_he_professor` FOREIGN KEY (`id_professor`) REFERENCES `professor` (`id_professor`),
  ADD CONSTRAINT `fk_he_turno` FOREIGN KEY (`id_turno`) REFERENCES `turno` (`id_turno`);

--
-- Restrições para tabelas `log_atividade`
--
ALTER TABLE `log_atividade`
  ADD CONSTRAINT `fk_log_atividade_usuario` FOREIGN KEY (`id_usuario`) REFERENCES `usuario` (`id_usuario`);

--
-- Restrições para tabelas `professor_categoria`
--
ALTER TABLE `professor_categoria`
  ADD CONSTRAINT `fk_pc_categoria` FOREIGN KEY (`id_categoria`) REFERENCES `categoria` (`id_categoria`),
  ADD CONSTRAINT `fk_pc_professor` FOREIGN KEY (`id_professor`) REFERENCES `professor` (`id_professor`);

--
-- Restrições para tabelas `professor_disciplinas`
--
ALTER TABLE `professor_disciplinas`
  ADD CONSTRAINT `fk_pd_disciplina` FOREIGN KEY (`id_disciplina`) REFERENCES `disciplina` (`id_disciplina`),
  ADD CONSTRAINT `fk_pd_professor` FOREIGN KEY (`id_professor`) REFERENCES `professor` (`id_professor`);

--
-- Restrições para tabelas `professor_disciplinas_turmas`
--
ALTER TABLE `professor_disciplinas_turmas`
  ADD CONSTRAINT `fk_pdt_disciplina` FOREIGN KEY (`id_disciplina`) REFERENCES `disciplina` (`id_disciplina`),
  ADD CONSTRAINT `fk_pdt_professor` FOREIGN KEY (`id_professor`) REFERENCES `professor` (`id_professor`),
  ADD CONSTRAINT `fk_pdt_turma` FOREIGN KEY (`id_turma`) REFERENCES `turma` (`id_turma`);

--
-- Restrições para tabelas `professor_restricoes`
--
ALTER TABLE `professor_restricoes`
  ADD CONSTRAINT `fk_pr_ano_letivo` FOREIGN KEY (`id_ano_letivo`) REFERENCES `ano_letivo` (`id_ano_letivo`),
  ADD CONSTRAINT `fk_pr_professor` FOREIGN KEY (`id_professor`) REFERENCES `professor` (`id_professor`);

--
-- Restrições para tabelas `professor_turnos`
--
ALTER TABLE `professor_turnos`
  ADD CONSTRAINT `fk_pt_professor` FOREIGN KEY (`id_professor`) REFERENCES `professor` (`id_professor`),
  ADD CONSTRAINT `fk_pt_turno` FOREIGN KEY (`id_turno`) REFERENCES `turno` (`id_turno`);

--
-- Restrições para tabelas `remember_me_tokens`
--
ALTER TABLE `remember_me_tokens`
  ADD CONSTRAINT `remember_me_tokens_ibfk_1` FOREIGN KEY (`user_id`) REFERENCES `usuario` (`id_usuario`) ON DELETE CASCADE;

--
-- Restrições para tabelas `sala`
--
ALTER TABLE `sala`
  ADD CONSTRAINT `fk_sala_ano_letivo` FOREIGN KEY (`id_ano_letivo`) REFERENCES `ano_letivo` (`id_ano_letivo`);

--
-- Restrições para tabelas `sala_turno`
--
ALTER TABLE `sala_turno`
  ADD CONSTRAINT `fk_sala_turno_sala` FOREIGN KEY (`id_sala`) REFERENCES `sala` (`id_sala`),
  ADD CONSTRAINT `fk_sala_turno_turma` FOREIGN KEY (`id_turma`) REFERENCES `turma` (`id_turma`),
  ADD CONSTRAINT `fk_sala_turno_turno` FOREIGN KEY (`id_turno`) REFERENCES `turno` (`id_turno`);

--
-- Restrições para tabelas `serie`
--
ALTER TABLE `serie`
  ADD CONSTRAINT `fk_serie_nivel_ensino` FOREIGN KEY (`id_nivel_ensino`) REFERENCES `nivel_ensino` (`id_nivel_ensino`);

--
-- Restrições para tabelas `serie_disciplinas`
--
ALTER TABLE `serie_disciplinas`
  ADD CONSTRAINT `fk_sd_disciplina` FOREIGN KEY (`id_disciplina`) REFERENCES `disciplina` (`id_disciplina`),
  ADD CONSTRAINT `fk_sd_serie` FOREIGN KEY (`id_serie`) REFERENCES `serie` (`id_serie`);

--
-- Restrições para tabelas `turma`
--
ALTER TABLE `turma`
  ADD CONSTRAINT `fk_turma_ano_letivo` FOREIGN KEY (`id_ano_letivo`) REFERENCES `ano_letivo` (`id_ano_letivo`),
  ADD CONSTRAINT `fk_turma_serie` FOREIGN KEY (`id_serie`) REFERENCES `serie` (`id_serie`),
  ADD CONSTRAINT `fk_turma_turno` FOREIGN KEY (`id_turno`) REFERENCES `turno` (`id_turno`);

--
-- Restrições para tabelas `turno_dias`
--
ALTER TABLE `turno_dias`
  ADD CONSTRAINT `fk_turno_dias_turno` FOREIGN KEY (`id_turno`) REFERENCES `turno` (`id_turno`);

--
-- Restrições para tabelas `turno_dias_nivel`
--
ALTER TABLE `turno_dias_nivel`
  ADD CONSTRAINT `fk_tdn_nivel` FOREIGN KEY (`id_nivel_ensino`) REFERENCES `nivel_ensino` (`id_nivel_ensino`) ON DELETE CASCADE,
  ADD CONSTRAINT `fk_tdn_turno` FOREIGN KEY (`id_turno`) REFERENCES `turno` (`id_turno`) ON DELETE CASCADE;

--
-- Restrições para tabelas `usuario_niveis`
--
ALTER TABLE `usuario_niveis`
  ADD CONSTRAINT `fk_usuario_niveis_nivel` FOREIGN KEY (`id_nivel_ensino`) REFERENCES `nivel_ensino` (`id_nivel_ensino`),
  ADD CONSTRAINT `fk_usuario_niveis_usuario` FOREIGN KEY (`id_usuario`) REFERENCES `usuario` (`id_usuario`);
COMMIT;

/*!40101 SET CHARACTER_SET_CLIENT=@OLD_CHARACTER_SET_CLIENT */;
/*!40101 SET CHARACTER_SET_RESULTS=@OLD_CHARACTER_SET_RESULTS */;
/*!40101 SET COLLATION_CONNECTION=@OLD_COLLATION_CONNECTION */;
